,Event/Tabling,Event Date,Event Name,Event ID,Engagement Type
0,Partner Tabling,2025-05-29,Streams of Hope,E1,Number Kids Engaged
1,Partner Tabling,2025-05-29,Streams of Hope,E1,Number Kids Engaged
2,Partner Tabling,2025-05-29,Streams of Hope,E1,Number Kids Engaged
3,Partner Tabling,2025-05-29,Streams of Hope,E1,Number Kids Engaged
4,Partner Tabling,2025-05-29,Streams of Hope,E1,Number Kids Engaged
5,Partner Tabling,2025-05-29,Streams of Hope,E1,Number Adults Engaged
6,Partner Tabling,2025-05-29,Streams of Hope,E1,Number Adults Engaged
7,Partner Tabling,2025-05-29,Streams of Hope,E1,Number Adults Engaged
8,Partner Tabling,2025-05-29,Streams of Hope,E1,Number Adults Engaged
9,Partner Tabling,2025-05-29,Streams of Hope,E1,Number Adults Engaged
10,Partner Tabling,2025-05-29,Streams of Hope,E1,Number Adults Engaged
11,Partner Tabling,2025-06-02,Grand Rapids Public Library Main Branch,E2,Number Kids Engaged
12,Partner Tabling,2025-06-02,Grand Rapids Public Library Main Branch,E2,Number Kids Engaged
13,Partner Tabling,2025-06-02,Grand Rapids Public Library Main Branch,E2,Number Kids Engaged
14,Partner Tabling,2025-06-02,Grand Rapids Public Library Main Branch,E2,Number Kids Engaged
15,Partner Tabling,2025-06-02,Grand Rapids Public Library Main Branch,E2,Number Kids Engaged
16,Partner Tabling,2025-06-02,Grand Rapids Public Library Main Branch,E2,Number Kids Engaged
17,Partner Tabling,2025-06-02,Grand Rapids Public Library Main Branch,E2,Number Kids Engaged
18,Partner Tabling,2025-06-02,Grand Rapids Public Library Main Branch,E2,Number Kids Engaged
19,Partner Tabling,2025-06-02,Grand Rapids Public Library Main Branch,E2,Number Kids Engaged
20,Partner Tabling,2025-06-02,Grand Rapids Public Library Main Branch,E2,Number Kids Engaged
21,Partner Tabling,2025-06-02,Grand Rapids Public Library Main Branch,E2,Number Kids Engaged
22,Partner Tabling,2025-06-02,Grand Rapids Public Library Main Branch,E2,Number Kids Engaged
23,Partner Tabling,2025-06-02,Grand Rapids Public Library Main Branch,E2,Number Kids Engaged
24,Partner Tabling,2025-06-02,Grand Rapids Public Library Main Branch,E2,Number Kids Engaged
25,Partner Tabling,2025-06-02,Grand Rapids Public Library Main Branch,E2,Number Kids Engaged
26,Partner Tabling,2025-06-02,Grand Rapids Public Library Main Branch,E2,Number Kids Engaged
27,Partner Tabling,2025-06-02,Grand Rapids Public Library Main Branch,E2,Number Adults Engaged
28,Partner Tabling,2025-06-02,Grand Rapids Public Library Main Branch,E2,Number Adults Engaged
29,Partner Tabling,2025-06-02,Grand Rapids Public Library Main Branch,E2,Number Adults Engaged
30,Partner Tabling,2025-06-02,Grand Rapids Public Library Main Branch,E2,Number Adults Engaged
31,Partner Tabling,2025-06-02,Grand Rapids Public Library Main Branch,E2,Number Adults Engaged
32,Partner Tabling,2025-06-02,Grand Rapids Public Library Main Branch,E2,Number Adults Engaged
33,Partner Tabling,2025-06-02,Grand Rapids Public Library Main Branch,E2,Number Adults Engaged
34,Partner Tabling,2025-06-02,Grand Rapids Public Library Main Branch,E2,Number Adults Engaged
35,Partner Tabling,2025-06-02,Grand Rapids Public Library Main Branch,E2,Number Adults Engaged
36,Partner Tabling,2025-06-02,Grand Rapids Public Library Main Branch,E2,Number Adults Engaged
37,Partner Tabling,2025-06-02,Grand Rapids Public Library Main Branch,E2,Number Adults Engaged
38,Partner Tabling,2025-06-02,Grand Rapids Public Library Main Branch,E2,Number Adults Engaged
39,Partner Tabling,2025-06-02,Grand Rapids Public Library Main Branch,E2,Number Adults Engaged
40,Partner Tabling,2025-06-02,Grand Rapids Public Library Main Branch,E2,Number Adults Engaged
41,Partner Tabling,2025-06-02,Grand Rapids Public Library Main Branch,E2,Number Adults Engaged
42,Partner Tabling,2025-06-02,Grand Rapids Public Library Main Branch,E2,Number Adults Engaged
43,Partner Tabling,2025-06-02,Grand Rapids Public Library Main Branch,E2,Number Adults Engaged
44,Partner Tabling,2025-06-02,Grand Rapids Public Library Main Branch,E2,Number Adults Engaged
45,Partner Tabling,2025-06-02,Grand Rapids Public Library Main Branch,E2,Number Adults Engaged
46,Partner Tabling,2025-06-02,Grand Rapids Public Library Main Branch,E2,Number Adults Engaged
47,Partner Tabling,2025-06-02,Sheldon WIC Clinic,E3,Number Kids Engaged
48,Partner Tabling,2025-06-02,Sheldon WIC Clinic,E3,Number Kids Engaged
49,Partner Tabling,2025-06-02,Sheldon WIC Clinic,E3,Number Kids Engaged
50,Partner Tabling,2025-06-02,Sheldon WIC Clinic,E3,Number Kids Engaged
51,Partner Tabling,2025-06-02,Sheldon WIC Clinic,E3,Number Kids Engaged
52,Partner Tabling,2025-06-02,Sheldon WIC Clinic,E3,Number Kids Engaged
53,Partner Tabling,2025-06-02,Sheldon WIC Clinic,E3,Number Kids Engaged
54,Partner Tabling,2025-06-02,Sheldon WIC Clinic,E3,Number Kids Engaged
55,Partner Tabling,2025-06-02,Sheldon WIC Clinic,E3,Number Kids Engaged
56,Partner Tabling,2025-06-02,Sheldon WIC Clinic,E3,Number Kids Engaged
57,Partner Tabling,2025-06-02,Sheldon WIC Clinic,E3,Number Kids Engaged
58,Partner Tabling,2025-06-02,Sheldon WIC Clinic,E3,Number Kids Engaged
59,Partner Tabling,2025-06-02,Sheldon WIC Clinic,E3,Number Kids Engaged
60,Partner Tabling,2025-06-02,Sheldon WIC Clinic,E3,Number Kids Engaged
61,Partner Tabling,2025-06-02,Sheldon WIC Clinic,E3,Number Kids Engaged
62,Partner Tabling,2025-06-02,Sheldon WIC Clinic,E3,Number Kids Engaged
63,Partner Tabling,2025-06-02,Sheldon WIC Clinic,E3,Number Kids Engaged
64,Partner Tabling,2025-06-02,Sheldon WIC Clinic,E3,Number Kids Engaged
65,Partner Tabling,2025-06-02,Sheldon WIC Clinic,E3,Number Kids Engaged
66,Partner Tabling,2025-06-02,Sheldon WIC Clinic,E3,Number Kids Engaged
67,Partner Tabling,2025-06-02,Sheldon WIC Clinic,E3,Number Kids Engaged
68,Partner Tabling,2025-06-02,Sheldon WIC Clinic,E3,Number Kids Engaged
69,Partner Tabling,2025-06-02,Sheldon WIC Clinic,E3,Number Kids Engaged
70,Partner Tabling,2025-06-02,Sheldon WIC Clinic,E3,Number Kids Engaged
71,Partner Tabling,2025-06-02,Sheldon WIC Clinic,E3,Number Kids Engaged
72,Partner Tabling,2025-06-02,Sheldon WIC Clinic,E3,Number Kids Engaged
73,Partner Tabling,2025-06-02,Sheldon WIC Clinic,E3,Number Kids Engaged
74,Partner Tabling,2025-06-02,Sheldon WIC Clinic,E3,Number Kids Engaged
75,Partner Tabling,2025-06-02,Sheldon WIC Clinic,E3,Number Kids Engaged
76,Partner Tabling,2025-06-02,Sheldon WIC Clinic,E3,Number Kids Engaged
77,Partner Tabling,2025-06-02,Sheldon WIC Clinic,E3,Number Kids Engaged
78,Partner Tabling,2025-06-02,Sheldon WIC Clinic,E3,Number Kids Engaged
79,Partner Tabling,2025-06-02,Sheldon WIC Clinic,E3,Number Kids Engaged
80,Partner Tabling,2025-06-02,Sheldon WIC Clinic,E3,Number Kids Engaged
81,Partner Tabling,2025-06-02,Sheldon WIC Clinic,E3,Number Kids Engaged
82,Partner Tabling,2025-06-02,Sheldon WIC Clinic,E3,Number Kids Engaged
83,Partner Tabling,2025-06-02,Sheldon WIC Clinic,E3,Number Kids Engaged
84,Partner Tabling,2025-06-02,Sheldon WIC Clinic,E3,Number Kids Engaged
85,Partner Tabling,2025-06-02,Sheldon WIC Clinic,E3,Number Kids Engaged
86,Partner Tabling,2025-06-02,Sheldon WIC Clinic,E3,Number Kids Engaged
87,Partner Tabling,2025-06-02,Sheldon WIC Clinic,E3,Number Kids Engaged
88,Partner Tabling,2025-06-02,Sheldon WIC Clinic,E3,Number Kids Engaged
89,Partner Tabling,2025-06-02,Sheldon WIC Clinic,E3,Number Adults Engaged
90,Partner Tabling,2025-06-02,Sheldon WIC Clinic,E3,Number Adults Engaged
91,Partner Tabling,2025-06-02,Sheldon WIC Clinic,E3,Number Adults Engaged
92,Partner Tabling,2025-06-02,Sheldon WIC Clinic,E3,Number Adults Engaged
93,Partner Tabling,2025-06-02,Sheldon WIC Clinic,E3,Number Adults Engaged
94,Partner Tabling,2025-06-02,Sheldon WIC Clinic,E3,Number Adults Engaged
95,Partner Tabling,2025-06-02,Sheldon WIC Clinic,E3,Number Adults Engaged
96,Partner Tabling,2025-06-02,Sheldon WIC Clinic,E3,Number Adults Engaged
97,Partner Tabling,2025-06-02,Sheldon WIC Clinic,E3,Number Adults Engaged
98,Partner Tabling,2025-06-02,Sheldon WIC Clinic,E3,Number Adults Engaged
99,Partner Tabling,2025-06-02,Sheldon WIC Clinic,E3,Number Adults Engaged
100,Partner Tabling,2025-06-02,Sheldon WIC Clinic,E3,Number Adults Engaged
101,Partner Tabling,2025-06-02,Sheldon WIC Clinic,E3,Number Adults Engaged
102,Partner Tabling,2025-06-02,Sheldon WIC Clinic,E3,Number Adults Engaged
103,Partner Tabling,2025-06-02,Sheldon WIC Clinic,E3,Number Adults Engaged
104,Partner Tabling,2025-06-02,Sheldon WIC Clinic,E3,Number Adults Engaged
105,Partner Tabling,2025-06-02,Sheldon WIC Clinic,E3,Number Adults Engaged
106,Partner Tabling,2025-06-02,Sheldon WIC Clinic,E3,Number Adults Engaged
107,Partner Tabling,2025-06-02,Sheldon WIC Clinic,E3,Number Adults Engaged
108,Partner Tabling,2025-06-02,Sheldon WIC Clinic,E3,Number Adults Engaged
109,Partner Tabling,2025-06-02,Sheldon WIC Clinic,E3,Number Adults Engaged
110,Partner Tabling,2025-06-02,Sheldon WIC Clinic,E3,Number Adults Engaged
111,Partner Tabling,2025-06-02,Sheldon WIC Clinic,E3,Number Adults Engaged
112,Partner Tabling,2025-06-02,Sheldon WIC Clinic,E3,Number Adults Engaged
113,Partner Tabling,2025-06-02,Sheldon WIC Clinic,E3,Number Adults Engaged
114,Partner Tabling,2025-06-02,Sheldon WIC Clinic,E3,Number Adults Engaged
115,Partner Tabling,2025-06-02,Sheldon WIC Clinic,E3,Number Adults Engaged
116,Partner Tabling,2025-06-02,Sheldon WIC Clinic,E3,Number Adults Engaged
117,Partner Tabling,2025-06-02,Sheldon WIC Clinic,E3,Number Adults Engaged
118,Partner Tabling,2025-06-02,Sheldon WIC Clinic,E3,Number Adults Engaged
119,Partner Tabling,2025-06-02,Sheldon WIC Clinic,E3,Number Adults Engaged
120,Partner Tabling,2025-06-02,Sheldon WIC Clinic,E3,Number Adults Engaged
121,Partner Tabling,2025-06-02,Sheldon WIC Clinic,E3,Number Adults Engaged
122,Partner Tabling,2025-06-02,Sheldon WIC Clinic,E3,Number Adults Engaged
123,Partner Tabling,2025-06-02,Sheldon WIC Clinic,E3,Number Adults Engaged
124,Partner Tabling,2025-06-02,Sheldon WIC Clinic,E3,Number Adults Engaged
125,Partner Tabling,2025-06-02,Sheldon WIC Clinic,E3,Number Adults Engaged
126,Partner Tabling,2025-06-02,Sheldon WIC Clinic,E3,Number Adults Engaged
127,Partner Tabling,2025-06-02,Sheldon WIC Clinic,E3,Number Adults Engaged
128,Partner Tabling,2025-06-02,Sheldon WIC Clinic,E3,Number Adults Engaged
129,Partner Tabling,2025-06-02,Sheldon WIC Clinic,E3,Number Adults Engaged
130,Partner Tabling,2025-06-02,Sheldon WIC Clinic,E3,Number Adults Engaged
131,Partner Tabling,2025-06-02,Sheldon WIC Clinic,E3,Number Adults Engaged
132,Partner Tabling,2025-06-02,Sheldon WIC Clinic,E3,Number Adults Engaged
133,Partner Tabling,2025-06-02,Sheldon WIC Clinic,E3,Number Adults Engaged
134,Partner Tabling,2025-06-02,Sheldon WIC Clinic,E3,Number Adults Engaged
135,Partner Tabling,2025-06-02,Sheldon WIC Clinic,E3,Number Adults Engaged
136,Partner Tabling,2025-06-02,Sheldon WIC Clinic,E3,Number Adults Engaged
137,Community Event,2025-06-03,Nonprofit Showcase,E4,Number Adults Engaged
138,Community Event,2025-06-03,Nonprofit Showcase,E4,Number Adults Engaged
139,Community Event,2025-06-03,Nonprofit Showcase,E4,Number Adults Engaged
140,Community Event,2025-06-03,Nonprofit Showcase,E4,Number Adults Engaged
141,Community Event,2025-06-03,Nonprofit Showcase,E4,Number Adults Engaged
142,Community Event,2025-06-03,Nonprofit Showcase,E4,Number Adults Engaged
143,Community Event,2025-06-03,Nonprofit Showcase,E4,Number Adults Engaged
144,Community Event,2025-06-03,Nonprofit Showcase,E4,Number Adults Engaged
145,Community Event,2025-06-03,Nonprofit Showcase,E4,Number Adults Engaged
146,Community Event,2025-06-03,Nonprofit Showcase,E4,Number Adults Engaged
147,Community Event,2025-06-03,Nonprofit Showcase,E4,Number Adults Engaged
148,Community Event,2025-06-03,Nonprofit Showcase,E4,Number Adults Engaged
149,Community Event,2025-06-03,Nonprofit Showcase,E4,Number Adults Engaged
150,Community Event,2025-06-03,Nonprofit Showcase,E4,Number Adults Engaged
151,Community Event,2025-06-03,Nonprofit Showcase,E4,Number Adults Engaged
152,Community Event,2025-06-03,Nonprofit Showcase,E4,Number Adults Engaged
153,Community Event,2025-06-03,Nonprofit Showcase,E4,Number Adults Engaged
154,Community Event,2025-06-03,Nonprofit Showcase,E4,Number Adults Engaged
155,Community Event,2025-06-03,Nonprofit Showcase,E4,Number Adults Engaged
156,Community Event,2025-06-03,Nonprofit Showcase,E4,Number Adults Engaged
157,Partner Tabling,2025-06-04,HELP Pregnancy Aid,E5,Number Kids Engaged
158,Partner Tabling,2025-06-04,HELP Pregnancy Aid,E5,Number Kids Engaged
159,Partner Tabling,2025-06-04,HELP Pregnancy Aid,E5,Number Kids Engaged
160,Partner Tabling,2025-06-04,HELP Pregnancy Aid,E5,Number Kids Engaged
161,Partner Tabling,2025-06-04,HELP Pregnancy Aid,E5,Number Kids Engaged
162,Partner Tabling,2025-06-04,HELP Pregnancy Aid,E5,Number Kids Engaged
163,Partner Tabling,2025-06-04,HELP Pregnancy Aid,E5,Number Adults Engaged
164,Partner Tabling,2025-06-04,HELP Pregnancy Aid,E5,Number Adults Engaged
165,Partner Tabling,2025-06-04,HELP Pregnancy Aid,E5,Number Adults Engaged
166,Partner Tabling,2025-06-04,In the Image,E6,Number Kids Engaged
167,Partner Tabling,2025-06-04,In the Image,E6,Number Kids Engaged
168,Partner Tabling,2025-06-04,In the Image,E6,Number Kids Engaged
169,Partner Tabling,2025-06-04,In the Image,E6,Number Kids Engaged
170,Partner Tabling,2025-06-04,In the Image,E6,Number Kids Engaged
171,Partner Tabling,2025-06-04,In the Image,E6,Number Kids Engaged
172,Partner Tabling,2025-06-04,In the Image,E6,Number Kids Engaged
173,Partner Tabling,2025-06-04,In the Image,E6,Number Kids Engaged
174,Partner Tabling,2025-06-04,In the Image,E6,Number Kids Engaged
175,Partner Tabling,2025-06-04,In the Image,E6,Number Kids Engaged
176,Partner Tabling,2025-06-04,In the Image,E6,Number Kids Engaged
177,Partner Tabling,2025-06-04,In the Image,E6,Number Kids Engaged
178,Partner Tabling,2025-06-04,In the Image,E6,Number Adults Engaged
179,Partner Tabling,2025-06-04,In the Image,E6,Number Adults Engaged
180,Partner Tabling,2025-06-04,In the Image,E6,Number Adults Engaged
181,Partner Tabling,2025-06-04,In the Image,E6,Number Adults Engaged
182,Partner Tabling,2025-06-04,In the Image,E6,Number Adults Engaged
183,Partner Tabling,2025-06-04,In the Image,E6,Number Adults Engaged
184,Partner Tabling,2025-06-04,In the Image,E6,Number Adults Engaged
185,Partner Tabling,2025-06-04,In the Image,E6,Number Adults Engaged
186,Partner Tabling,2025-06-05,North Kent Connect,E7,Number Kids Engaged
187,Partner Tabling,2025-06-05,North Kent Connect,E7,Number Kids Engaged
188,Partner Tabling,2025-06-05,North Kent Connect,E7,Number Kids Engaged
189,Partner Tabling,2025-06-05,North Kent Connect,E7,Number Kids Engaged
190,Partner Tabling,2025-06-05,North Kent Connect,E7,Number Kids Engaged
191,Partner Tabling,2025-06-05,North Kent Connect,E7,Number Adults Engaged
192,Partner Tabling,2025-06-05,North Kent Connect,E7,Number Adults Engaged
193,Partner Tabling,2025-06-05,North Kent Connect,E7,Number Adults Engaged
194,Partner Tabling,2025-06-05,North Kent Connect,E7,Number Adults Engaged
195,Partner Tabling,2025-06-05,North Kent Connect,E7,Number Adults Engaged
196,Partner Tabling,2025-06-05,North Kent Connect,E7,Number Adults Engaged
197,Partner Tabling,2025-06-05,North Kent Connect,E7,Number Adults Engaged
198,Partner Tabling,2025-06-05,North Kent Connect,E7,Number Adults Engaged
199,Partner Tabling,2025-06-05,North Kent Connect,E7,Number Adults Engaged
200,Partner Tabling,2025-06-05,North Kent Connect,E7,Number Adults Engaged
201,Partner Tabling,2025-06-05,North Kent Connect,E7,Number Adults Engaged
202,Partner Tabling,2025-06-05,North Kent Connect,E7,Number Adults Engaged
203,Partner Tabling,2025-06-05,North Kent Connect,E7,Number Adults Engaged
204,Community Event,2025-06-07,5k & Fun Run,E8,Number Kids Engaged
205,Community Event,2025-06-07,5k & Fun Run,E8,Number Kids Engaged
206,Community Event,2025-06-07,5k & Fun Run,E8,Number Kids Engaged
207,Community Event,2025-06-07,5k & Fun Run,E8,Number Kids Engaged
208,Community Event,2025-06-07,5k & Fun Run,E8,Number Kids Engaged
209,Community Event,2025-06-07,5k & Fun Run,E8,Number Kids Engaged
210,Community Event,2025-06-07,5k & Fun Run,E8,Number Kids Engaged
211,Community Event,2025-06-07,5k & Fun Run,E8,Number Kids Engaged
212,Community Event,2025-06-07,5k & Fun Run,E8,Number Kids Engaged
213,Community Event,2025-06-07,5k & Fun Run,E8,Number Kids Engaged
214,Community Event,2025-06-07,5k & Fun Run,E8,Number Kids Engaged
215,Community Event,2025-06-07,5k & Fun Run,E8,Number Kids Engaged
216,Community Event,2025-06-07,5k & Fun Run,E8,Number Kids Engaged
217,Community Event,2025-06-07,5k & Fun Run,E8,Number Kids Engaged
218,Community Event,2025-06-07,5k & Fun Run,E8,Number Kids Engaged
219,Community Event,2025-06-07,5k & Fun Run,E8,Number Kids Engaged
220,Community Event,2025-06-07,5k & Fun Run,E8,Number Kids Engaged
221,Community Event,2025-06-07,5k & Fun Run,E8,Number Kids Engaged
222,Community Event,2025-06-07,5k & Fun Run,E8,Number Kids Engaged
223,Community Event,2025-06-07,5k & Fun Run,E8,Number Kids Engaged
224,Community Event,2025-06-07,5k & Fun Run,E8,Number Kids Engaged
225,Community Event,2025-06-07,5k & Fun Run,E8,Number Kids Engaged
226,Community Event,2025-06-07,5k & Fun Run,E8,Number Kids Engaged
227,Community Event,2025-06-07,5k & Fun Run,E8,Number Kids Engaged
228,Community Event,2025-06-07,5k & Fun Run,E8,Number Kids Engaged
229,Community Event,2025-06-07,5k & Fun Run,E8,Number Kids Engaged
230,Community Event,2025-06-07,5k & Fun Run,E8,Number Kids Engaged
231,Community Event,2025-06-07,5k & Fun Run,E8,Number Kids Engaged
232,Community Event,2025-06-07,5k & Fun Run,E8,Number Kids Engaged
233,Community Event,2025-06-07,5k & Fun Run,E8,Number Kids Engaged
234,Community Event,2025-06-07,5k & Fun Run,E8,Number Kids Engaged
235,Community Event,2025-06-07,5k & Fun Run,E8,Number Adults Engaged
236,Community Event,2025-06-07,5k & Fun Run,E8,Number Adults Engaged
237,Community Event,2025-06-07,5k & Fun Run,E8,Number Adults Engaged
238,Community Event,2025-06-07,5k & Fun Run,E8,Number Adults Engaged
239,Community Event,2025-06-07,5k & Fun Run,E8,Number Adults Engaged
240,Community Event,2025-06-07,5k & Fun Run,E8,Number Adults Engaged
241,Community Event,2025-06-07,5k & Fun Run,E8,Number Adults Engaged
242,Community Event,2025-06-07,5k & Fun Run,E8,Number Adults Engaged
243,Community Event,2025-06-07,5k & Fun Run,E8,Number Adults Engaged
244,Community Event,2025-06-07,5k & Fun Run,E8,Number Adults Engaged
245,Community Event,2025-06-07,5k & Fun Run,E8,Number Adults Engaged
246,Community Event,2025-06-07,5k & Fun Run,E8,Number Adults Engaged
247,Community Event,2025-06-07,5k & Fun Run,E8,Number Adults Engaged
248,Community Event,2025-06-07,5k & Fun Run,E8,Number Adults Engaged
249,Community Event,2025-06-07,5k & Fun Run,E8,Number Adults Engaged
250,Community Event,2025-06-07,5k & Fun Run,E8,Number Adults Engaged
251,Community Event,2025-06-07,5k & Fun Run,E8,Number Adults Engaged
252,Community Event,2025-06-07,5k & Fun Run,E8,Number Adults Engaged
253,Community Event,2025-06-07,5k & Fun Run,E8,Number Adults Engaged
254,Community Event,2025-06-07,5k & Fun Run,E8,Number Adults Engaged
255,Community Event,2025-06-07,5k & Fun Run,E8,Number Adults Engaged
256,Community Event,2025-06-07,5k & Fun Run,E8,Number Adults Engaged
257,Community Event,2025-06-07,5k & Fun Run,E8,Number Adults Engaged
258,Community Event,2025-06-07,5k & Fun Run,E8,Number Adults Engaged
259,Community Event,2025-06-07,5k & Fun Run,E8,Number Adults Engaged
260,Community Event,2025-06-07,5k & Fun Run,E8,Number Adults Engaged
261,Community Event,2025-06-07,5k & Fun Run,E8,Number Adults Engaged
262,Community Event,2025-06-07,5k & Fun Run,E8,Number Adults Engaged
263,Partner Tabling,2025-06-09,HELP Pregnancy Aid,E9,Number Kids Engaged
264,Partner Tabling,2025-06-09,HELP Pregnancy Aid,E9,Number Kids Engaged
265,Partner Tabling,2025-06-09,HELP Pregnancy Aid,E9,Number Kids Engaged
266,Partner Tabling,2025-06-09,HELP Pregnancy Aid,E9,Number Kids Engaged
267,Partner Tabling,2025-06-09,HELP Pregnancy Aid,E9,Number Adults Engaged
268,Partner Tabling,2025-06-09,HELP Pregnancy Aid,E9,Number Adults Engaged
269,Partner Tabling,2025-06-09,HELP Pregnancy Aid,E9,Number Adults Engaged
270,Partner Tabling,2025-06-09,HELP Pregnancy Aid,E9,Number Adults Engaged
271,Partner Tabling,2025-06-09,HELP Pregnancy Aid,E9,Number Adults Engaged
272,Partner Tabling,2025-06-09,HELP Pregnancy Aid,E9,Number Adults Engaged
273,Partner Tabling,2025-06-09,HELP Pregnancy Aid,E9,Number Adults Engaged
274,Partner Tabling,2025-06-09,HELP Pregnancy Aid,E9,Number Adults Engaged
275,Community Event,2025-06-09,Diaper Day,E10,Number Kids Engaged
276,Community Event,2025-06-09,Diaper Day,E10,Number Kids Engaged
277,Community Event,2025-06-09,Diaper Day,E10,Number Kids Engaged
278,Community Event,2025-06-09,Diaper Day,E10,Number Kids Engaged
279,Community Event,2025-06-09,Diaper Day,E10,Number Kids Engaged
280,Community Event,2025-06-09,Diaper Day,E10,Number Kids Engaged
281,Community Event,2025-06-09,Diaper Day,E10,Number Kids Engaged
282,Community Event,2025-06-09,Diaper Day,E10,Number Kids Engaged
283,Community Event,2025-06-09,Diaper Day,E10,Number Adults Engaged
284,Community Event,2025-06-09,Diaper Day,E10,Number Adults Engaged
285,Community Event,2025-06-09,Diaper Day,E10,Number Adults Engaged
286,Community Event,2025-06-09,Diaper Day,E10,Number Adults Engaged
287,Community Event,2025-06-09,Diaper Day,E10,Number Adults Engaged
288,Community Event,2025-06-09,Diaper Day,E10,Number Adults Engaged
289,Community Event,2025-06-09,Diaper Day,E10,Number Adults Engaged
290,Community Event,2025-06-09,Diaper Day,E10,Number Adults Engaged
291,Community Event,2025-06-09,Diaper Day,E10,Number Adults Engaged
292,Community Event,2025-06-09,Diaper Day,E10,Number Adults Engaged
293,Community Event,2025-06-09,Diaper Day,E10,Number Adults Engaged
294,Community Event,2025-06-09,Diaper Day,E10,Number Adults Engaged
295,Community Event,2025-06-09,Diaper Day,E10,Number Adults Engaged
296,Community Event,2025-06-09,Diaper Day,E10,Number Adults Engaged
297,Community Event,2025-06-09,Diaper Day,E10,Number Adults Engaged
298,Community Event,2025-06-09,Diaper Day,E10,Number Adults Engaged
299,Community Event,2025-06-09,Diaper Day,E10,Number Adults Engaged
300,Community Event,2025-06-09,Diaper Day,E10,Number Adults Engaged
301,Community Event,2025-06-09,Diaper Day,E10,Number Adults Engaged
302,Community Event,2025-06-09,Diaper Day,E10,Number Adults Engaged
303,Community Event,2025-06-09,Diaper Day,E10,Number Adults Engaged
304,Community Event,2025-06-09,Diaper Day,E10,Number Adults Engaged
305,Community Event,2025-06-09,Diaper Day,E10,Number Adults Engaged
306,Community Event,2025-06-09,Diaper Day,E10,Number Adults Engaged
307,Community Event,2025-06-09,Diaper Day,E10,Number Adults Engaged
308,Community Event,2025-06-09,Diaper Day,E10,Number Adults Engaged
309,Community Event,2025-06-09,Diaper Day,E10,Number Adults Engaged
310,Community Event,2025-06-09,Diaper Day,E10,Number Adults Engaged
311,Community Event,2025-06-09,Diaper Day,E10,Number Adults Engaged
312,Community Event,2025-06-09,Diaper Day,E10,Number Adults Engaged
313,Community Event,2025-06-09,Diaper Day,E10,Number Adults Engaged
314,Community Event,2025-06-09,Diaper Day,E10,Number Adults Engaged
315,Partner Tabling,2025-06-10,North WIC Clinic (Cedar Springs),E11,Number Kids Engaged
316,Partner Tabling,2025-06-10,North WIC Clinic (Cedar Springs),E11,Number Kids Engaged
317,Partner Tabling,2025-06-10,North WIC Clinic (Cedar Springs),E11,Number Kids Engaged
318,Partner Tabling,2025-06-10,North WIC Clinic (Cedar Springs),E11,Number Kids Engaged
319,Partner Tabling,2025-06-10,North WIC Clinic (Cedar Springs),E11,Number Kids Engaged
320,Partner Tabling,2025-06-10,North WIC Clinic (Cedar Springs),E11,Number Kids Engaged
321,Partner Tabling,2025-06-10,North WIC Clinic (Cedar Springs),E11,Number Kids Engaged
322,Partner Tabling,2025-06-10,North WIC Clinic (Cedar Springs),E11,Number Kids Engaged
323,Partner Tabling,2025-06-10,North WIC Clinic (Cedar Springs),E11,Number Kids Engaged
324,Partner Tabling,2025-06-10,North WIC Clinic (Cedar Springs),E11,Number Kids Engaged
325,Partner Tabling,2025-06-10,North WIC Clinic (Cedar Springs),E11,Number Kids Engaged
326,Partner Tabling,2025-06-10,North WIC Clinic (Cedar Springs),E11,Number Kids Engaged
327,Partner Tabling,2025-06-10,North WIC Clinic (Cedar Springs),E11,Number Kids Engaged
328,Partner Tabling,2025-06-10,North WIC Clinic (Cedar Springs),E11,Number Kids Engaged
329,Partner Tabling,2025-06-10,North WIC Clinic (Cedar Springs),E11,Number Kids Engaged
330,Partner Tabling,2025-06-10,North WIC Clinic (Cedar Springs),E11,Number Kids Engaged
331,Partner Tabling,2025-06-10,North WIC Clinic (Cedar Springs),E11,Number Kids Engaged
332,Partner Tabling,2025-06-10,North WIC Clinic (Cedar Springs),E11,Number Kids Engaged
333,Partner Tabling,2025-06-10,North WIC Clinic (Cedar Springs),E11,Number Kids Engaged
334,Partner Tabling,2025-06-10,North WIC Clinic (Cedar Springs),E11,Number Adults Engaged
335,Partner Tabling,2025-06-10,North WIC Clinic (Cedar Springs),E11,Number Adults Engaged
336,Partner Tabling,2025-06-10,North WIC Clinic (Cedar Springs),E11,Number Adults Engaged
337,Partner Tabling,2025-06-10,North WIC Clinic (Cedar Springs),E11,Number Adults Engaged
338,Partner Tabling,2025-06-10,North WIC Clinic (Cedar Springs),E11,Number Adults Engaged
339,Partner Tabling,2025-06-10,North WIC Clinic (Cedar Springs),E11,Number Adults Engaged
340,Partner Tabling,2025-06-10,North WIC Clinic (Cedar Springs),E11,Number Adults Engaged
341,Partner Tabling,2025-06-10,North WIC Clinic (Cedar Springs),E11,Number Adults Engaged
342,Partner Tabling,2025-06-10,North WIC Clinic (Cedar Springs),E11,Number Adults Engaged
343,Partner Tabling,2025-06-10,North WIC Clinic (Cedar Springs),E11,Number Adults Engaged
344,Partner Tabling,2025-06-10,North WIC Clinic (Cedar Springs),E11,Number Adults Engaged
345,Partner Tabling,2025-06-10,North WIC Clinic (Cedar Springs),E11,Number Adults Engaged
346,Partner Tabling,2025-06-10,North WIC Clinic (Cedar Springs),E11,Number Adults Engaged
347,Partner Tabling,2025-06-10,North WIC Clinic (Cedar Springs),E11,Number Adults Engaged
348,Community Event,2025-06-10,Storytime in the Park at Lincoln Park,E12,Number Kids Engaged
349,Community Event,2025-06-10,Storytime in the Park at Lincoln Park,E12,Number Kids Engaged
350,Community Event,2025-06-10,Storytime in the Park at Lincoln Park,E12,Number Kids Engaged
351,Community Event,2025-06-10,Storytime in the Park at Lincoln Park,E12,Number Kids Engaged
352,Community Event,2025-06-10,Storytime in the Park at Lincoln Park,E12,Number Kids Engaged
353,Community Event,2025-06-10,Storytime in the Park at Lincoln Park,E12,Number Kids Engaged
354,Community Event,2025-06-10,Storytime in the Park at Lincoln Park,E12,Number Kids Engaged
355,Community Event,2025-06-10,Storytime in the Park at Lincoln Park,E12,Number Kids Engaged
356,Community Event,2025-06-10,Storytime in the Park at Lincoln Park,E12,Number Kids Engaged
357,Community Event,2025-06-10,Storytime in the Park at Lincoln Park,E12,Number Kids Engaged
358,Community Event,2025-06-10,Storytime in the Park at Lincoln Park,E12,Number Kids Engaged
359,Community Event,2025-06-10,Storytime in the Park at Lincoln Park,E12,Number Kids Engaged
360,Community Event,2025-06-10,Storytime in the Park at Lincoln Park,E12,Number Kids Engaged
361,Community Event,2025-06-10,Storytime in the Park at Lincoln Park,E12,Number Kids Engaged
362,Community Event,2025-06-10,Storytime in the Park at Lincoln Park,E12,Number Kids Engaged
363,Community Event,2025-06-10,Storytime in the Park at Lincoln Park,E12,Number Kids Engaged
364,Community Event,2025-06-10,Storytime in the Park at Lincoln Park,E12,Number Kids Engaged
365,Community Event,2025-06-10,Storytime in the Park at Lincoln Park,E12,Number Kids Engaged
366,Community Event,2025-06-10,Storytime in the Park at Lincoln Park,E12,Number Kids Engaged
367,Community Event,2025-06-10,Storytime in the Park at Lincoln Park,E12,Number Kids Engaged
368,Community Event,2025-06-10,Storytime in the Park at Lincoln Park,E12,Number Kids Engaged
369,Community Event,2025-06-10,Storytime in the Park at Lincoln Park,E12,Number Kids Engaged
370,Community Event,2025-06-10,Storytime in the Park at Lincoln Park,E12,Number Kids Engaged
371,Community Event,2025-06-10,Storytime in the Park at Lincoln Park,E12,Number Kids Engaged
372,Community Event,2025-06-10,Storytime in the Park at Lincoln Park,E12,Number Kids Engaged
373,Community Event,2025-06-10,Storytime in the Park at Lincoln Park,E12,Number Kids Engaged
374,Community Event,2025-06-10,Storytime in the Park at Lincoln Park,E12,Number Kids Engaged
375,Community Event,2025-06-10,Storytime in the Park at Lincoln Park,E12,Number Kids Engaged
376,Community Event,2025-06-10,Storytime in the Park at Lincoln Park,E12,Number Kids Engaged
377,Community Event,2025-06-10,Storytime in the Park at Lincoln Park,E12,Number Kids Engaged
378,Community Event,2025-06-10,Storytime in the Park at Lincoln Park,E12,Number Kids Engaged
379,Community Event,2025-06-10,Storytime in the Park at Lincoln Park,E12,Number Kids Engaged
380,Community Event,2025-06-10,Storytime in the Park at Lincoln Park,E12,Number Kids Engaged
381,Community Event,2025-06-10,Storytime in the Park at Lincoln Park,E12,Number Kids Engaged
382,Community Event,2025-06-10,Storytime in the Park at Lincoln Park,E12,Number Kids Engaged
383,Community Event,2025-06-10,Storytime in the Park at Lincoln Park,E12,Number Kids Engaged
384,Community Event,2025-06-10,Storytime in the Park at Lincoln Park,E12,Number Kids Engaged
385,Community Event,2025-06-10,Storytime in the Park at Lincoln Park,E12,Number Kids Engaged
386,Community Event,2025-06-10,Storytime in the Park at Lincoln Park,E12,Number Kids Engaged
387,Community Event,2025-06-10,Storytime in the Park at Lincoln Park,E12,Number Kids Engaged
388,Community Event,2025-06-10,Storytime in the Park at Lincoln Park,E12,Number Kids Engaged
389,Community Event,2025-06-10,Storytime in the Park at Lincoln Park,E12,Number Kids Engaged
390,Community Event,2025-06-10,Storytime in the Park at Lincoln Park,E12,Number Kids Engaged
391,Community Event,2025-06-10,Storytime in the Park at Lincoln Park,E12,Number Kids Engaged
392,Community Event,2025-06-10,Storytime in the Park at Lincoln Park,E12,Number Kids Engaged
393,Community Event,2025-06-10,Storytime in the Park at Lincoln Park,E12,Number Kids Engaged
394,Community Event,2025-06-10,Storytime in the Park at Lincoln Park,E12,Number Kids Engaged
395,Community Event,2025-06-10,Storytime in the Park at Lincoln Park,E12,Number Kids Engaged
396,Community Event,2025-06-10,Storytime in the Park at Lincoln Park,E12,Number Adults Engaged
397,Community Event,2025-06-10,Storytime in the Park at Lincoln Park,E12,Number Adults Engaged
398,Community Event,2025-06-10,Storytime in the Park at Lincoln Park,E12,Number Adults Engaged
399,Community Event,2025-06-10,Storytime in the Park at Lincoln Park,E12,Number Adults Engaged
400,Community Event,2025-06-10,Storytime in the Park at Lincoln Park,E12,Number Adults Engaged
401,Community Event,2025-06-10,Storytime in the Park at Lincoln Park,E12,Number Adults Engaged
402,Community Event,2025-06-10,Storytime in the Park at Lincoln Park,E12,Number Adults Engaged
403,Community Event,2025-06-10,Storytime in the Park at Lincoln Park,E12,Number Adults Engaged
404,Community Event,2025-06-10,Storytime in the Park at Lincoln Park,E12,Number Adults Engaged
405,Community Event,2025-06-10,Storytime in the Park at Lincoln Park,E12,Number Adults Engaged
406,Community Event,2025-06-10,Storytime in the Park at Lincoln Park,E12,Number Adults Engaged
407,Community Event,2025-06-10,Storytime in the Park at Lincoln Park,E12,Number Adults Engaged
408,Community Event,2025-06-10,Storytime in the Park at Lincoln Park,E12,Number Adults Engaged
409,Community Event,2025-06-10,Storytime in the Park at Lincoln Park,E12,Number Adults Engaged
410,Community Event,2025-06-10,Storytime in the Park at Lincoln Park,E12,Number Adults Engaged
411,Community Event,2025-06-10,Storytime in the Park at Lincoln Park,E12,Number Adults Engaged
412,Community Event,2025-06-10,Storytime in the Park at Lincoln Park,E12,Number Adults Engaged
413,Community Event,2025-06-10,Storytime in the Park at Lincoln Park,E12,Number Adults Engaged
414,Community Event,2025-06-10,Storytime in the Park at Lincoln Park,E12,Number Adults Engaged
415,Community Event,2025-06-10,Storytime in the Park at Lincoln Park,E12,Number Adults Engaged
416,Community Event,2025-06-10,Storytime in the Park at Lincoln Park,E12,Number Adults Engaged
417,Community Event,2025-06-10,Storytime in the Park at Lincoln Park,E12,Number Adults Engaged
418,Community Event,2025-06-10,Storytime in the Park at Lincoln Park,E12,Number Adults Engaged
419,Community Event,2025-06-10,Storytime in the Park at Lincoln Park,E12,Number Adults Engaged
420,Community Event,2025-06-10,Storytime in the Park at Lincoln Park,E12,Number Adults Engaged
421,Community Event,2025-06-10,Storytime in the Park at Lincoln Park,E12,Number Adults Engaged
422,Community Event,2025-06-10,Storytime in the Park at Lincoln Park,E12,Number Adults Engaged
423,Community Event,2025-06-10,Storytime in the Park at Lincoln Park,E12,Number Adults Engaged
424,Community Event,2025-06-10,Storytime in the Park at Lincoln Park,E12,Number Adults Engaged
425,Community Event,2025-06-10,Storytime in the Park at Lincoln Park,E12,Number Adults Engaged
426,Community Event,2025-06-10,Storytime in the Park at Lincoln Park,E12,Number Adults Engaged
427,Community Event,2025-06-11,Community Night,E13,Number Kids Engaged
428,Community Event,2025-06-11,Community Night,E13,Number Kids Engaged
429,Community Event,2025-06-11,Community Night,E13,Number Kids Engaged
430,Community Event,2025-06-11,Community Night,E13,Number Kids Engaged
431,Community Event,2025-06-11,Community Night,E13,Number Kids Engaged
432,Community Event,2025-06-11,Community Night,E13,Number Kids Engaged
433,Community Event,2025-06-11,Community Night,E13,Number Kids Engaged
434,Community Event,2025-06-11,Community Night,E13,Number Kids Engaged
435,Community Event,2025-06-11,Community Night,E13,Number Kids Engaged
436,Community Event,2025-06-11,Community Night,E13,Number Kids Engaged
437,Community Event,2025-06-11,Community Night,E13,Number Kids Engaged
438,Community Event,2025-06-11,Community Night,E13,Number Kids Engaged
439,Community Event,2025-06-11,Community Night,E13,Number Kids Engaged
440,Community Event,2025-06-11,Community Night,E13,Number Kids Engaged
441,Community Event,2025-06-11,Community Night,E13,Number Kids Engaged
442,Community Event,2025-06-11,Community Night,E13,Number Kids Engaged
443,Community Event,2025-06-11,Community Night,E13,Number Kids Engaged
444,Community Event,2025-06-11,Community Night,E13,Number Kids Engaged
445,Community Event,2025-06-11,Community Night,E13,Number Kids Engaged
446,Community Event,2025-06-11,Community Night,E13,Number Kids Engaged
447,Community Event,2025-06-11,Community Night,E13,Number Kids Engaged
448,Community Event,2025-06-11,Community Night,E13,Number Kids Engaged
449,Community Event,2025-06-11,Community Night,E13,Number Kids Engaged
450,Community Event,2025-06-11,Community Night,E13,Number Kids Engaged
451,Community Event,2025-06-11,Community Night,E13,Number Kids Engaged
452,Community Event,2025-06-11,Community Night,E13,Number Kids Engaged
453,Community Event,2025-06-11,Community Night,E13,Number Kids Engaged
454,Community Event,2025-06-11,Community Night,E13,Number Kids Engaged
455,Community Event,2025-06-11,Community Night,E13,Number Kids Engaged
456,Community Event,2025-06-11,Community Night,E13,Number Kids Engaged
457,Community Event,2025-06-11,Community Night,E13,Number Kids Engaged
458,Community Event,2025-06-11,Community Night,E13,Number Kids Engaged
459,Community Event,2025-06-11,Community Night,E13,Number Kids Engaged
460,Community Event,2025-06-11,Community Night,E13,Number Kids Engaged
461,Community Event,2025-06-11,Community Night,E13,Number Kids Engaged
462,Community Event,2025-06-11,Community Night,E13,Number Kids Engaged
463,Community Event,2025-06-11,Community Night,E13,Number Kids Engaged
464,Community Event,2025-06-11,Community Night,E13,Number Kids Engaged
465,Community Event,2025-06-11,Community Night,E13,Number Kids Engaged
466,Community Event,2025-06-11,Community Night,E13,Number Kids Engaged
467,Community Event,2025-06-11,Community Night,E13,Number Kids Engaged
468,Community Event,2025-06-11,Community Night,E13,Number Kids Engaged
469,Community Event,2025-06-11,Community Night,E13,Number Kids Engaged
470,Community Event,2025-06-11,Community Night,E13,Number Kids Engaged
471,Community Event,2025-06-11,Community Night,E13,Number Kids Engaged
472,Community Event,2025-06-11,Community Night,E13,Number Kids Engaged
473,Community Event,2025-06-11,Community Night,E13,Number Kids Engaged
474,Community Event,2025-06-11,Community Night,E13,Number Kids Engaged
475,Community Event,2025-06-11,Community Night,E13,Number Kids Engaged
476,Community Event,2025-06-11,Community Night,E13,Number Kids Engaged
477,Community Event,2025-06-11,Community Night,E13,Number Kids Engaged
478,Community Event,2025-06-11,Community Night,E13,Number Kids Engaged
479,Community Event,2025-06-11,Community Night,E13,Number Kids Engaged
480,Community Event,2025-06-11,Community Night,E13,Number Kids Engaged
481,Community Event,2025-06-11,Community Night,E13,Number Kids Engaged
482,Community Event,2025-06-11,Community Night,E13,Number Kids Engaged
483,Community Event,2025-06-11,Community Night,E13,Number Kids Engaged
484,Community Event,2025-06-11,Community Night,E13,Number Kids Engaged
485,Community Event,2025-06-11,Community Night,E13,Number Kids Engaged
486,Community Event,2025-06-11,Community Night,E13,Number Kids Engaged
487,Community Event,2025-06-11,Community Night,E13,Number Kids Engaged
488,Community Event,2025-06-11,Community Night,E13,Number Kids Engaged
489,Community Event,2025-06-11,Community Night,E13,Number Kids Engaged
490,Community Event,2025-06-11,Community Night,E13,Number Kids Engaged
491,Community Event,2025-06-11,Community Night,E13,Number Kids Engaged
492,Community Event,2025-06-11,Community Night,E13,Number Kids Engaged
493,Community Event,2025-06-11,Community Night,E13,Number Kids Engaged
494,Community Event,2025-06-11,Community Night,E13,Number Kids Engaged
495,Community Event,2025-06-11,Community Night,E13,Number Kids Engaged
496,Community Event,2025-06-11,Community Night,E13,Number Kids Engaged
497,Community Event,2025-06-11,Community Night,E13,Number Adults Engaged
498,Community Event,2025-06-11,Community Night,E13,Number Adults Engaged
499,Community Event,2025-06-11,Community Night,E13,Number Adults Engaged
500,Community Event,2025-06-11,Community Night,E13,Number Adults Engaged
501,Community Event,2025-06-11,Community Night,E13,Number Adults Engaged
502,Community Event,2025-06-11,Community Night,E13,Number Adults Engaged
503,Community Event,2025-06-11,Community Night,E13,Number Adults Engaged
504,Community Event,2025-06-11,Community Night,E13,Number Adults Engaged
505,Community Event,2025-06-11,Community Night,E13,Number Adults Engaged
506,Community Event,2025-06-11,Community Night,E13,Number Adults Engaged
507,Community Event,2025-06-11,Community Night,E13,Number Adults Engaged
508,Community Event,2025-06-11,Community Night,E13,Number Adults Engaged
509,Community Event,2025-06-11,Community Night,E13,Number Adults Engaged
510,Community Event,2025-06-11,Community Night,E13,Number Adults Engaged
511,Community Event,2025-06-11,Community Night,E13,Number Adults Engaged
512,Community Event,2025-06-11,Community Night,E13,Number Adults Engaged
513,Community Event,2025-06-11,Community Night,E13,Number Adults Engaged
514,Community Event,2025-06-11,Community Night,E13,Number Adults Engaged
515,Community Event,2025-06-11,Community Night,E13,Number Adults Engaged
516,Community Event,2025-06-11,Community Night,E13,Number Adults Engaged
517,Community Event,2025-06-11,Community Night,E13,Number Adults Engaged
518,Community Event,2025-06-11,Community Night,E13,Number Adults Engaged
519,Community Event,2025-06-11,Community Night,E13,Number Adults Engaged
520,Community Event,2025-06-11,Community Night,E13,Number Adults Engaged
521,Community Event,2025-06-11,Community Night,E13,Number Adults Engaged
522,Community Event,2025-06-11,Community Night,E13,Number Adults Engaged
523,Community Event,2025-06-11,Community Night,E13,Number Adults Engaged
524,Community Event,2025-06-11,Community Night,E13,Number Adults Engaged
525,Community Event,2025-06-11,Community Night,E13,Number Adults Engaged
526,Community Event,2025-06-11,Community Night,E13,Number Adults Engaged
527,Community Event,2025-06-11,Community Night,E13,Number Adults Engaged
528,Community Event,2025-06-11,Community Night,E13,Number Adults Engaged
529,Community Event,2025-06-11,Community Night,E13,Number Adults Engaged
530,Community Event,2025-06-11,Community Night,E13,Number Adults Engaged
531,Community Event,2025-06-11,Community Night,E13,Number Adults Engaged
532,Community Event,2025-06-11,Community Night,E13,Number Adults Engaged
533,Community Event,2025-06-11,Community Night,E13,Number Adults Engaged
534,Community Event,2025-06-11,Community Night,E13,Number Adults Engaged
535,Community Event,2025-06-11,Community Night,E13,Number Adults Engaged
536,Community Event,2025-06-11,Community Night,E13,Number Adults Engaged
537,Community Event,2025-06-11,Community Night,E13,Number Adults Engaged
538,Community Event,2025-06-11,Community Night,E13,Number Adults Engaged
539,Community Event,2025-06-11,Community Night,E13,Number Adults Engaged
540,Community Event,2025-06-11,Community Night,E13,Number Adults Engaged
541,Community Event,2025-06-11,Community Night,E13,Number Adults Engaged
542,Community Event,2025-06-11,Community Night,E13,Number Adults Engaged
543,Community Event,2025-06-11,Community Night,E13,Number Adults Engaged
544,Community Event,2025-06-11,Community Night,E13,Number Adults Engaged
545,Community Event,2025-06-11,Community Night,E13,Number Adults Engaged
546,Community Event,2025-06-12,Bench Warrant Clinic,E14,Number Adults Engaged
547,Community Event,2025-06-12,Bench Warrant Clinic,E14,Number Adults Engaged
548,Community Event,2025-06-12,Bench Warrant Clinic,E14,Number Adults Engaged
549,Partner Tabling,2025-06-13,Cedar Springs Library,E15,Number Kids Engaged
550,Partner Tabling,2025-06-13,Cedar Springs Library,E15,Number Kids Engaged
551,Partner Tabling,2025-06-13,Cedar Springs Library,E15,Number Kids Engaged
552,Partner Tabling,2025-06-13,Cedar Springs Library,E15,Number Kids Engaged
553,Partner Tabling,2025-06-13,Cedar Springs Library,E15,Number Kids Engaged
554,Partner Tabling,2025-06-13,Cedar Springs Library,E15,Number Kids Engaged
555,Partner Tabling,2025-06-13,Cedar Springs Library,E15,Number Kids Engaged
556,Partner Tabling,2025-06-13,Cedar Springs Library,E15,Number Kids Engaged
557,Partner Tabling,2025-06-13,Cedar Springs Library,E15,Number Kids Engaged
558,Partner Tabling,2025-06-13,Cedar Springs Library,E15,Number Kids Engaged
559,Partner Tabling,2025-06-13,Cedar Springs Library,E15,Number Kids Engaged
560,Partner Tabling,2025-06-13,Cedar Springs Library,E15,Number Kids Engaged
561,Partner Tabling,2025-06-13,Cedar Springs Library,E15,Number Kids Engaged
562,Partner Tabling,2025-06-13,Cedar Springs Library,E15,Number Kids Engaged
563,Partner Tabling,2025-06-13,Cedar Springs Library,E15,Number Kids Engaged
564,Partner Tabling,2025-06-13,Cedar Springs Library,E15,Number Adults Engaged
565,Partner Tabling,2025-06-13,Cedar Springs Library,E15,Number Adults Engaged
566,Partner Tabling,2025-06-13,Cedar Springs Library,E15,Number Adults Engaged
567,Partner Tabling,2025-06-13,Cedar Springs Library,E15,Number Adults Engaged
568,Partner Tabling,2025-06-13,Cedar Springs Library,E15,Number Adults Engaged
569,Partner Tabling,2025-06-13,Cedar Springs Library,E15,Number Adults Engaged
570,Community Event,2025-06-14,Rock the Block,E16,Number Kids Engaged
571,Community Event,2025-06-14,Rock the Block,E16,Number Kids Engaged
572,Community Event,2025-06-14,Rock the Block,E16,Number Kids Engaged
573,Community Event,2025-06-14,Rock the Block,E16,Number Kids Engaged
574,Community Event,2025-06-14,Rock the Block,E16,Number Kids Engaged
575,Community Event,2025-06-14,Rock the Block,E16,Number Kids Engaged
576,Community Event,2025-06-14,Rock the Block,E16,Number Kids Engaged
577,Community Event,2025-06-14,Rock the Block,E16,Number Kids Engaged
578,Community Event,2025-06-14,Rock the Block,E16,Number Kids Engaged
579,Community Event,2025-06-14,Rock the Block,E16,Number Kids Engaged
580,Community Event,2025-06-14,Rock the Block,E16,Number Kids Engaged
581,Community Event,2025-06-14,Rock the Block,E16,Number Kids Engaged
582,Community Event,2025-06-14,Rock the Block,E16,Number Kids Engaged
583,Community Event,2025-06-14,Rock the Block,E16,Number Kids Engaged
584,Community Event,2025-06-14,Rock the Block,E16,Number Kids Engaged
585,Community Event,2025-06-14,Rock the Block,E16,Number Kids Engaged
586,Community Event,2025-06-14,Rock the Block,E16,Number Kids Engaged
587,Community Event,2025-06-14,Rock the Block,E16,Number Kids Engaged
588,Community Event,2025-06-14,Rock the Block,E16,Number Kids Engaged
589,Community Event,2025-06-14,Rock the Block,E16,Number Kids Engaged
590,Community Event,2025-06-14,Rock the Block,E16,Number Kids Engaged
591,Community Event,2025-06-14,Rock the Block,E16,Number Kids Engaged
592,Community Event,2025-06-14,Rock the Block,E16,Number Kids Engaged
593,Community Event,2025-06-14,Rock the Block,E16,Number Kids Engaged
594,Community Event,2025-06-14,Rock the Block,E16,Number Kids Engaged
595,Community Event,2025-06-14,Rock the Block,E16,Number Kids Engaged
596,Community Event,2025-06-14,Rock the Block,E16,Number Kids Engaged
597,Community Event,2025-06-14,Rock the Block,E16,Number Kids Engaged
598,Community Event,2025-06-14,Rock the Block,E16,Number Kids Engaged
599,Community Event,2025-06-14,Rock the Block,E16,Number Kids Engaged
600,Community Event,2025-06-14,Rock the Block,E16,Number Kids Engaged
601,Community Event,2025-06-14,Rock the Block,E16,Number Kids Engaged
602,Community Event,2025-06-14,Rock the Block,E16,Number Kids Engaged
603,Community Event,2025-06-14,Rock the Block,E16,Number Kids Engaged
604,Community Event,2025-06-14,Rock the Block,E16,Number Kids Engaged
605,Community Event,2025-06-14,Rock the Block,E16,Number Kids Engaged
606,Community Event,2025-06-14,Rock the Block,E16,Number Kids Engaged
607,Community Event,2025-06-14,Rock the Block,E16,Number Kids Engaged
608,Community Event,2025-06-14,Rock the Block,E16,Number Kids Engaged
609,Community Event,2025-06-14,Rock the Block,E16,Number Kids Engaged
610,Community Event,2025-06-14,Rock the Block,E16,Number Kids Engaged
611,Community Event,2025-06-14,Rock the Block,E16,Number Kids Engaged
612,Community Event,2025-06-14,Rock the Block,E16,Number Kids Engaged
613,Community Event,2025-06-14,Rock the Block,E16,Number Kids Engaged
614,Community Event,2025-06-14,Rock the Block,E16,Number Kids Engaged
615,Community Event,2025-06-14,Rock the Block,E16,Number Kids Engaged
616,Community Event,2025-06-14,Rock the Block,E16,Number Kids Engaged
617,Community Event,2025-06-14,Rock the Block,E16,Number Kids Engaged
618,Community Event,2025-06-14,Rock the Block,E16,Number Kids Engaged
619,Community Event,2025-06-14,Rock the Block,E16,Number Kids Engaged
620,Community Event,2025-06-14,Rock the Block,E16,Number Kids Engaged
621,Community Event,2025-06-14,Rock the Block,E16,Number Kids Engaged
622,Community Event,2025-06-14,Rock the Block,E16,Number Kids Engaged
623,Community Event,2025-06-14,Rock the Block,E16,Number Kids Engaged
624,Community Event,2025-06-14,Rock the Block,E16,Number Kids Engaged
625,Community Event,2025-06-14,Rock the Block,E16,Number Kids Engaged
626,Community Event,2025-06-14,Rock the Block,E16,Number Kids Engaged
627,Community Event,2025-06-14,Rock the Block,E16,Number Kids Engaged
628,Community Event,2025-06-14,Rock the Block,E16,Number Kids Engaged
629,Community Event,2025-06-14,Rock the Block,E16,Number Kids Engaged
630,Community Event,2025-06-14,Rock the Block,E16,Number Kids Engaged
631,Community Event,2025-06-14,Rock the Block,E16,Number Kids Engaged
632,Community Event,2025-06-14,Rock the Block,E16,Number Kids Engaged
633,Community Event,2025-06-14,Rock the Block,E16,Number Kids Engaged
634,Community Event,2025-06-14,Rock the Block,E16,Number Kids Engaged
635,Community Event,2025-06-14,Rock the Block,E16,Number Kids Engaged
636,Community Event,2025-06-14,Rock the Block,E16,Number Kids Engaged
637,Community Event,2025-06-14,Rock the Block,E16,Number Kids Engaged
638,Community Event,2025-06-14,Rock the Block,E16,Number Kids Engaged
639,Community Event,2025-06-14,Rock the Block,E16,Number Kids Engaged
640,Community Event,2025-06-14,Rock the Block,E16,Number Kids Engaged
641,Community Event,2025-06-14,Rock the Block,E16,Number Kids Engaged
642,Community Event,2025-06-14,Rock the Block,E16,Number Kids Engaged
643,Community Event,2025-06-14,Rock the Block,E16,Number Kids Engaged
644,Community Event,2025-06-14,Rock the Block,E16,Number Kids Engaged
645,Community Event,2025-06-14,Rock the Block,E16,Number Kids Engaged
646,Community Event,2025-06-14,Rock the Block,E16,Number Kids Engaged
647,Community Event,2025-06-14,Rock the Block,E16,Number Kids Engaged
648,Community Event,2025-06-14,Rock the Block,E16,Number Kids Engaged
649,Community Event,2025-06-14,Rock the Block,E16,Number Kids Engaged
650,Community Event,2025-06-14,Rock the Block,E16,Number Kids Engaged
651,Community Event,2025-06-14,Rock the Block,E16,Number Kids Engaged
652,Community Event,2025-06-14,Rock the Block,E16,Number Kids Engaged
653,Community Event,2025-06-14,Rock the Block,E16,Number Kids Engaged
654,Community Event,2025-06-14,Rock the Block,E16,Number Kids Engaged
655,Community Event,2025-06-14,Rock the Block,E16,Number Kids Engaged
656,Community Event,2025-06-14,Rock the Block,E16,Number Kids Engaged
657,Community Event,2025-06-14,Rock the Block,E16,Number Kids Engaged
658,Community Event,2025-06-14,Rock the Block,E16,Number Kids Engaged
659,Community Event,2025-06-14,Rock the Block,E16,Number Kids Engaged
660,Community Event,2025-06-14,Rock the Block,E16,Number Kids Engaged
661,Community Event,2025-06-14,Rock the Block,E16,Number Kids Engaged
662,Community Event,2025-06-14,Rock the Block,E16,Number Kids Engaged
663,Community Event,2025-06-14,Rock the Block,E16,Number Kids Engaged
664,Community Event,2025-06-14,Rock the Block,E16,Number Kids Engaged
665,Community Event,2025-06-14,Rock the Block,E16,Number Kids Engaged
666,Community Event,2025-06-14,Rock the Block,E16,Number Kids Engaged
667,Community Event,2025-06-14,Rock the Block,E16,Number Kids Engaged
668,Community Event,2025-06-14,Rock the Block,E16,Number Kids Engaged
669,Community Event,2025-06-14,Rock the Block,E16,Number Kids Engaged
670,Community Event,2025-06-14,Rock the Block,E16,Number Kids Engaged
671,Community Event,2025-06-14,Rock the Block,E16,Number Kids Engaged
672,Community Event,2025-06-14,Rock the Block,E16,Number Kids Engaged
673,Community Event,2025-06-14,Rock the Block,E16,Number Kids Engaged
674,Community Event,2025-06-14,Rock the Block,E16,Number Kids Engaged
675,Community Event,2025-06-14,Rock the Block,E16,Number Kids Engaged
676,Community Event,2025-06-14,Rock the Block,E16,Number Kids Engaged
677,Community Event,2025-06-14,Rock the Block,E16,Number Kids Engaged
678,Community Event,2025-06-14,Rock the Block,E16,Number Kids Engaged
679,Community Event,2025-06-14,Rock the Block,E16,Number Kids Engaged
680,Community Event,2025-06-14,Rock the Block,E16,Number Kids Engaged
681,Community Event,2025-06-14,Rock the Block,E16,Number Kids Engaged
682,Community Event,2025-06-14,Rock the Block,E16,Number Kids Engaged
683,Community Event,2025-06-14,Rock the Block,E16,Number Kids Engaged
684,Community Event,2025-06-14,Rock the Block,E16,Number Kids Engaged
685,Community Event,2025-06-14,Rock the Block,E16,Number Kids Engaged
686,Community Event,2025-06-14,Rock the Block,E16,Number Kids Engaged
687,Community Event,2025-06-14,Rock the Block,E16,Number Kids Engaged
688,Community Event,2025-06-14,Rock the Block,E16,Number Kids Engaged
689,Community Event,2025-06-14,Rock the Block,E16,Number Kids Engaged
690,Community Event,2025-06-14,Rock the Block,E16,Number Kids Engaged
691,Community Event,2025-06-14,Rock the Block,E16,Number Kids Engaged
692,Community Event,2025-06-14,Rock the Block,E16,Number Kids Engaged
693,Community Event,2025-06-14,Rock the Block,E16,Number Kids Engaged
694,Community Event,2025-06-14,Rock the Block,E16,Number Kids Engaged
695,Community Event,2025-06-14,Rock the Block,E16,Number Kids Engaged
696,Community Event,2025-06-14,Rock the Block,E16,Number Kids Engaged
697,Community Event,2025-06-14,Rock the Block,E16,Number Kids Engaged
698,Community Event,2025-06-14,Rock the Block,E16,Number Kids Engaged
699,Community Event,2025-06-14,Rock the Block,E16,Number Kids Engaged
700,Community Event,2025-06-14,Rock the Block,E16,Number Kids Engaged
701,Community Event,2025-06-14,Rock the Block,E16,Number Kids Engaged
702,Community Event,2025-06-14,Rock the Block,E16,Number Kids Engaged
703,Community Event,2025-06-14,Rock the Block,E16,Number Kids Engaged
704,Community Event,2025-06-14,Rock the Block,E16,Number Kids Engaged
705,Community Event,2025-06-14,Rock the Block,E16,Number Kids Engaged
706,Community Event,2025-06-14,Rock the Block,E16,Number Kids Engaged
707,Community Event,2025-06-14,Rock the Block,E16,Number Kids Engaged
708,Community Event,2025-06-14,Rock the Block,E16,Number Kids Engaged
709,Community Event,2025-06-14,Rock the Block,E16,Number Kids Engaged
710,Community Event,2025-06-14,Rock the Block,E16,Number Kids Engaged
711,Community Event,2025-06-14,Rock the Block,E16,Number Kids Engaged
712,Community Event,2025-06-14,Rock the Block,E16,Number Kids Engaged
713,Community Event,2025-06-14,Rock the Block,E16,Number Kids Engaged
714,Community Event,2025-06-14,Rock the Block,E16,Number Kids Engaged
715,Community Event,2025-06-14,Rock the Block,E16,Number Kids Engaged
716,Community Event,2025-06-14,Rock the Block,E16,Number Kids Engaged
717,Community Event,2025-06-14,Rock the Block,E16,Number Kids Engaged
718,Community Event,2025-06-14,Rock the Block,E16,Number Kids Engaged
719,Community Event,2025-06-14,Rock the Block,E16,Number Kids Engaged
720,Community Event,2025-06-14,Rock the Block,E16,Number Kids Engaged
721,Community Event,2025-06-14,Rock the Block,E16,Number Kids Engaged
722,Community Event,2025-06-14,Rock the Block,E16,Number Kids Engaged
723,Community Event,2025-06-14,Rock the Block,E16,Number Kids Engaged
724,Community Event,2025-06-14,Rock the Block,E16,Number Kids Engaged
725,Community Event,2025-06-14,Rock the Block,E16,Number Kids Engaged
726,Community Event,2025-06-14,Rock the Block,E16,Number Kids Engaged
727,Community Event,2025-06-14,Rock the Block,E16,Number Kids Engaged
728,Community Event,2025-06-14,Rock the Block,E16,Number Kids Engaged
729,Community Event,2025-06-14,Rock the Block,E16,Number Kids Engaged
730,Community Event,2025-06-14,Rock the Block,E16,Number Kids Engaged
731,Community Event,2025-06-14,Rock the Block,E16,Number Kids Engaged
732,Community Event,2025-06-14,Rock the Block,E16,Number Kids Engaged
733,Community Event,2025-06-14,Rock the Block,E16,Number Kids Engaged
734,Community Event,2025-06-14,Rock the Block,E16,Number Kids Engaged
735,Community Event,2025-06-14,Rock the Block,E16,Number Kids Engaged
736,Community Event,2025-06-14,Rock the Block,E16,Number Kids Engaged
737,Community Event,2025-06-14,Rock the Block,E16,Number Kids Engaged
738,Community Event,2025-06-14,Rock the Block,E16,Number Kids Engaged
739,Community Event,2025-06-14,Rock the Block,E16,Number Kids Engaged
740,Community Event,2025-06-14,Rock the Block,E16,Number Kids Engaged
741,Community Event,2025-06-14,Rock the Block,E16,Number Kids Engaged
742,Community Event,2025-06-14,Rock the Block,E16,Number Kids Engaged
743,Community Event,2025-06-14,Rock the Block,E16,Number Kids Engaged
744,Community Event,2025-06-14,Rock the Block,E16,Number Kids Engaged
745,Community Event,2025-06-14,Rock the Block,E16,Number Kids Engaged
746,Community Event,2025-06-14,Rock the Block,E16,Number Kids Engaged
747,Community Event,2025-06-14,Rock the Block,E16,Number Kids Engaged
748,Community Event,2025-06-14,Rock the Block,E16,Number Kids Engaged
749,Community Event,2025-06-14,Rock the Block,E16,Number Kids Engaged
750,Community Event,2025-06-14,Rock the Block,E16,Number Kids Engaged
751,Community Event,2025-06-14,Rock the Block,E16,Number Kids Engaged
752,Community Event,2025-06-14,Rock the Block,E16,Number Kids Engaged
753,Community Event,2025-06-14,Rock the Block,E16,Number Kids Engaged
754,Community Event,2025-06-14,Rock the Block,E16,Number Kids Engaged
755,Community Event,2025-06-14,Rock the Block,E16,Number Kids Engaged
756,Community Event,2025-06-14,Rock the Block,E16,Number Kids Engaged
757,Community Event,2025-06-14,Rock the Block,E16,Number Kids Engaged
758,Community Event,2025-06-14,Rock the Block,E16,Number Kids Engaged
759,Community Event,2025-06-14,Rock the Block,E16,Number Kids Engaged
760,Community Event,2025-06-14,Rock the Block,E16,Number Kids Engaged
761,Community Event,2025-06-14,Rock the Block,E16,Number Kids Engaged
762,Community Event,2025-06-14,Rock the Block,E16,Number Kids Engaged
763,Community Event,2025-06-14,Rock the Block,E16,Number Kids Engaged
764,Community Event,2025-06-14,Rock the Block,E16,Number Kids Engaged
765,Community Event,2025-06-14,Rock the Block,E16,Number Kids Engaged
766,Community Event,2025-06-14,Rock the Block,E16,Number Kids Engaged
767,Community Event,2025-06-14,Rock the Block,E16,Number Kids Engaged
768,Community Event,2025-06-14,Rock the Block,E16,Number Kids Engaged
769,Community Event,2025-06-14,Rock the Block,E16,Number Kids Engaged
770,Community Event,2025-06-14,Rock the Block,E16,Number Kids Engaged
771,Community Event,2025-06-14,Rock the Block,E16,Number Kids Engaged
772,Community Event,2025-06-14,Rock the Block,E16,Number Kids Engaged
773,Community Event,2025-06-14,Rock the Block,E16,Number Kids Engaged
774,Community Event,2025-06-14,Rock the Block,E16,Number Kids Engaged
775,Community Event,2025-06-14,Rock the Block,E16,Number Kids Engaged
776,Community Event,2025-06-14,Rock the Block,E16,Number Kids Engaged
777,Community Event,2025-06-14,Rock the Block,E16,Number Kids Engaged
778,Community Event,2025-06-14,Rock the Block,E16,Number Kids Engaged
779,Community Event,2025-06-14,Rock the Block,E16,Number Kids Engaged
780,Community Event,2025-06-14,Rock the Block,E16,Number Kids Engaged
781,Community Event,2025-06-14,Rock the Block,E16,Number Kids Engaged
782,Community Event,2025-06-14,Rock the Block,E16,Number Kids Engaged
783,Community Event,2025-06-14,Rock the Block,E16,Number Kids Engaged
784,Community Event,2025-06-14,Rock the Block,E16,Number Kids Engaged
785,Community Event,2025-06-14,Rock the Block,E16,Number Kids Engaged
786,Community Event,2025-06-14,Rock the Block,E16,Number Kids Engaged
787,Community Event,2025-06-14,Rock the Block,E16,Number Kids Engaged
788,Community Event,2025-06-14,Rock the Block,E16,Number Kids Engaged
789,Community Event,2025-06-14,Rock the Block,E16,Number Kids Engaged
790,Community Event,2025-06-14,Rock the Block,E16,Number Kids Engaged
791,Community Event,2025-06-14,Rock the Block,E16,Number Kids Engaged
792,Community Event,2025-06-14,Rock the Block,E16,Number Kids Engaged
793,Community Event,2025-06-14,Rock the Block,E16,Number Kids Engaged
794,Community Event,2025-06-14,Rock the Block,E16,Number Kids Engaged
795,Community Event,2025-06-14,Rock the Block,E16,Number Kids Engaged
796,Community Event,2025-06-14,Rock the Block,E16,Number Adults Engaged
797,Community Event,2025-06-14,Rock the Block,E16,Number Adults Engaged
798,Community Event,2025-06-14,Rock the Block,E16,Number Adults Engaged
799,Community Event,2025-06-14,Rock the Block,E16,Number Adults Engaged
800,Community Event,2025-06-14,Rock the Block,E16,Number Adults Engaged
801,Community Event,2025-06-14,Rock the Block,E16,Number Adults Engaged
802,Community Event,2025-06-14,Rock the Block,E16,Number Adults Engaged
803,Community Event,2025-06-14,Rock the Block,E16,Number Adults Engaged
804,Community Event,2025-06-14,Rock the Block,E16,Number Adults Engaged
805,Community Event,2025-06-14,Rock the Block,E16,Number Adults Engaged
806,Community Event,2025-06-14,Rock the Block,E16,Number Adults Engaged
807,Community Event,2025-06-14,Rock the Block,E16,Number Adults Engaged
808,Community Event,2025-06-14,Rock the Block,E16,Number Adults Engaged
809,Community Event,2025-06-14,Rock the Block,E16,Number Adults Engaged
810,Community Event,2025-06-14,Rock the Block,E16,Number Adults Engaged
811,Community Event,2025-06-14,Rock the Block,E16,Number Adults Engaged
812,Community Event,2025-06-14,Rock the Block,E16,Number Adults Engaged
813,Community Event,2025-06-14,Rock the Block,E16,Number Adults Engaged
814,Community Event,2025-06-14,Rock the Block,E16,Number Adults Engaged
815,Community Event,2025-06-14,Rock the Block,E16,Number Adults Engaged
816,Community Event,2025-06-14,Rock the Block,E16,Number Adults Engaged
817,Community Event,2025-06-14,Rock the Block,E16,Number Adults Engaged
818,Community Event,2025-06-14,Rock the Block,E16,Number Adults Engaged
819,Community Event,2025-06-14,Rock the Block,E16,Number Adults Engaged
820,Community Event,2025-06-14,Rock the Block,E16,Number Adults Engaged
821,Community Event,2025-06-14,Rock the Block,E16,Number Adults Engaged
822,Community Event,2025-06-14,Rock the Block,E16,Number Adults Engaged
823,Community Event,2025-06-14,Rock the Block,E16,Number Adults Engaged
824,Community Event,2025-06-14,Rock the Block,E16,Number Adults Engaged
825,Community Event,2025-06-14,Rock the Block,E16,Number Adults Engaged
826,Community Event,2025-06-14,Rock the Block,E16,Number Adults Engaged
827,Community Event,2025-06-14,Rock the Block,E16,Number Adults Engaged
828,Community Event,2025-06-14,Rock the Block,E16,Number Adults Engaged
829,Community Event,2025-06-14,Rock the Block,E16,Number Adults Engaged
830,Community Event,2025-06-14,Rock the Block,E16,Number Adults Engaged
831,Community Event,2025-06-14,Rock the Block,E16,Number Adults Engaged
832,Community Event,2025-06-14,Rock the Block,E16,Number Adults Engaged
833,Community Event,2025-06-14,Rock the Block,E16,Number Adults Engaged
834,Community Event,2025-06-14,Rock the Block,E16,Number Adults Engaged
835,Community Event,2025-06-14,Rock the Block,E16,Number Adults Engaged
836,Community Event,2025-06-14,Rock the Block,E16,Number Adults Engaged
837,Community Event,2025-06-14,Rock the Block,E16,Number Adults Engaged
838,Community Event,2025-06-14,Rock the Block,E16,Number Adults Engaged
839,Community Event,2025-06-14,Rock the Block,E16,Number Adults Engaged
840,Community Event,2025-06-14,Rock the Block,E16,Number Adults Engaged
841,Community Event,2025-06-14,Rock the Block,E16,Number Adults Engaged
842,Community Event,2025-06-14,Rock the Block,E16,Number Adults Engaged
843,Community Event,2025-06-14,Rock the Block,E16,Number Adults Engaged
844,Community Event,2025-06-14,Rock the Block,E16,Number Adults Engaged
845,Community Event,2025-06-14,Rock the Block,E16,Number Adults Engaged
846,Community Event,2025-06-14,Rock the Block,E16,Number Adults Engaged
847,Community Event,2025-06-14,Rock the Block,E16,Number Adults Engaged
848,Community Event,2025-06-14,Rock the Block,E16,Number Adults Engaged
849,Community Event,2025-06-14,Rock the Block,E16,Number Adults Engaged
850,Community Event,2025-06-14,Rock the Block,E16,Number Adults Engaged
851,Community Event,2025-06-14,Rock the Block,E16,Number Adults Engaged
852,Community Event,2025-06-14,Rock the Block,E16,Number Adults Engaged
853,Community Event,2025-06-14,Rock the Block,E16,Number Adults Engaged
854,Community Event,2025-06-14,Rock the Block,E16,Number Adults Engaged
855,Community Event,2025-06-14,Rock the Block,E16,Number Adults Engaged
856,Community Event,2025-06-14,Rock the Block,E16,Number Adults Engaged
857,Community Event,2025-06-14,Rock the Block,E16,Number Adults Engaged
858,Community Event,2025-06-14,Rock the Block,E16,Number Adults Engaged
859,Community Event,2025-06-14,Rock the Block,E16,Number Adults Engaged
860,Community Event,2025-06-14,Rock the Block,E16,Number Adults Engaged
861,Community Event,2025-06-14,Rock the Block,E16,Number Adults Engaged
862,Community Event,2025-06-14,Rock the Block,E16,Number Adults Engaged
863,Community Event,2025-06-14,Rock the Block,E16,Number Adults Engaged
864,Community Event,2025-06-14,Rock the Block,E16,Number Adults Engaged
865,Community Event,2025-06-14,Rock the Block,E16,Number Adults Engaged
866,Community Event,2025-06-14,Rock the Block,E16,Number Adults Engaged
867,Community Event,2025-06-14,Rock the Block,E16,Number Adults Engaged
868,Community Event,2025-06-14,Rock the Block,E16,Number Adults Engaged
869,Community Event,2025-06-14,Rock the Block,E16,Number Adults Engaged
870,Community Event,2025-06-14,Rock the Block,E16,Number Adults Engaged
871,Community Event,2025-06-14,Rock the Block,E16,Number Adults Engaged
872,Community Event,2025-06-14,Rock the Block,E16,Number Adults Engaged
873,Community Event,2025-06-14,Rock the Block,E16,Number Adults Engaged
874,Community Event,2025-06-14,Rock the Block,E16,Number Adults Engaged
875,Community Event,2025-06-14,Rock the Block,E16,Number Adults Engaged
876,Community Event,2025-06-14,Rock the Block,E16,Number Adults Engaged
877,Community Event,2025-06-14,Rock the Block,E16,Number Adults Engaged
878,Community Event,2025-06-14,Rock the Block,E16,Number Adults Engaged
879,Community Event,2025-06-14,Rock the Block,E16,Number Adults Engaged
880,Community Event,2025-06-14,Rock the Block,E16,Number Adults Engaged
881,Community Event,2025-06-14,Rock the Block,E16,Number Adults Engaged
882,Community Event,2025-06-14,Rock the Block,E16,Number Adults Engaged
883,Community Event,2025-06-14,Rock the Block,E16,Number Adults Engaged
884,Community Event,2025-06-14,Rock the Block,E16,Number Adults Engaged
885,Community Event,2025-06-14,Rock the Block,E16,Number Adults Engaged
886,Community Event,2025-06-14,Rock the Block,E16,Number Adults Engaged
887,Community Event,2025-06-14,Rock the Block,E16,Number Adults Engaged
888,Community Event,2025-06-14,Rock the Block,E16,Number Adults Engaged
889,Community Event,2025-06-14,Rock the Block,E16,Number Adults Engaged
890,Community Event,2025-06-14,Rock the Block,E16,Number Adults Engaged
891,Community Event,2025-06-14,Rock the Block,E16,Number Adults Engaged
892,Community Event,2025-06-14,Rock the Block,E16,Number Adults Engaged
893,Community Event,2025-06-14,Rock the Block,E16,Number Adults Engaged
894,Community Event,2025-06-14,Rock the Block,E16,Number Adults Engaged
895,Community Event,2025-06-14,Rock the Block,E16,Number Adults Engaged
896,Community Event,2025-06-14,Rock the Block,E16,Number Adults Engaged
897,Community Event,2025-06-14,Rock the Block,E16,Number Adults Engaged
898,Community Event,2025-06-14,Rock the Block,E16,Number Adults Engaged
899,Community Event,2025-06-14,Rock the Block,E16,Number Adults Engaged
900,Community Event,2025-06-14,Rock the Block,E16,Number Adults Engaged
901,Community Event,2025-06-14,Rock the Block,E16,Number Adults Engaged
902,Community Event,2025-06-14,Rock the Block,E16,Number Adults Engaged
903,Community Event,2025-06-14,Rock the Block,E16,Number Adults Engaged
904,Community Event,2025-06-14,Rock the Block,E16,Number Adults Engaged
905,Community Event,2025-06-14,Rock the Block,E16,Number Adults Engaged
906,Community Event,2025-06-14,Rock the Block,E16,Number Adults Engaged
907,Community Event,2025-06-14,Rock the Block,E16,Number Adults Engaged
908,Community Event,2025-06-14,Rock the Block,E16,Number Adults Engaged
909,Community Event,2025-06-14,Rock the Block,E16,Number Adults Engaged
910,Community Event,2025-06-14,Rock the Block,E16,Number Adults Engaged
911,Community Event,2025-06-14,Rock the Block,E16,Number Adults Engaged
912,Community Event,2025-06-14,Rock the Block,E16,Number Adults Engaged
913,Community Event,2025-06-14,Rock the Block,E16,Number Adults Engaged
914,Community Event,2025-06-14,Rock the Block,E16,Number Adults Engaged
915,Community Event,2025-06-14,Rock the Block,E16,Number Adults Engaged
916,Community Event,2025-06-14,Rock the Block,E16,Number Adults Engaged
917,Community Event,2025-06-14,Rock the Block,E16,Number Adults Engaged
918,Community Event,2025-06-14,Rock the Block,E16,Number Adults Engaged
919,Community Event,2025-06-14,Rock the Block,E16,Number Adults Engaged
920,Community Event,2025-06-14,Rock the Block,E16,Number Adults Engaged
921,Community Event,2025-06-14,Rock the Block,E16,Number Adults Engaged
922,Community Event,2025-06-14,Rock the Block,E16,Number Adults Engaged
923,Community Event,2025-06-14,Rock the Block,E16,Number Adults Engaged
924,Community Event,2025-06-14,Rock the Block,E16,Number Adults Engaged
925,Community Event,2025-06-14,Rock the Block,E16,Number Adults Engaged
926,Community Event,2025-06-14,Rock the Block,E16,Number Adults Engaged
927,Community Event,2025-06-14,Rock the Block,E16,Number Adults Engaged
928,Community Event,2025-06-14,Rock the Block,E16,Number Adults Engaged
929,Community Event,2025-06-14,Rock the Block,E16,Number Adults Engaged
930,Community Event,2025-06-14,Rock the Block,E16,Number Adults Engaged
931,Community Event,2025-06-14,Rock the Block,E16,Number Adults Engaged
932,Community Event,2025-06-14,Rock the Block,E16,Number Adults Engaged
933,Community Event,2025-06-14,Rock the Block,E16,Number Adults Engaged
934,Community Event,2025-06-14,Rock the Block,E16,Number Adults Engaged
935,Community Event,2025-06-14,Rock the Block,E16,Number Adults Engaged
936,Community Event,2025-06-14,Rock the Block,E16,Number Adults Engaged
937,Community Event,2025-06-14,Rock the Block,E16,Number Adults Engaged
938,Community Event,2025-06-14,Rock the Block,E16,Number Adults Engaged
939,Community Event,2025-06-14,Rock the Block,E16,Number Adults Engaged
940,Community Event,2025-06-14,Rock the Block,E16,Number Adults Engaged
941,Community Event,2025-06-14,Rock the Block,E16,Number Adults Engaged
942,Community Event,2025-06-14,Rock the Block,E16,Number Adults Engaged
943,Community Event,2025-06-14,Rock the Block,E16,Number Adults Engaged
944,Community Event,2025-06-14,Rock the Block,E16,Number Adults Engaged
945,Community Event,2025-06-14,Rock the Block,E16,Number Adults Engaged
946,Community Event,2025-06-14,Rock the Block,E16,Number Adults Engaged
947,Community Event,2025-06-14,Rock the Block,E16,Number Adults Engaged
948,Community Event,2025-06-14,Rock the Block,E16,Number Adults Engaged
949,Community Event,2025-06-14,Rock the Block,E16,Number Adults Engaged
950,Community Event,2025-06-14,Rock the Block,E16,Number Adults Engaged
951,Community Event,2025-06-14,Rock the Block,E16,Number Adults Engaged
952,Community Event,2025-06-14,Rock the Block,E16,Number Adults Engaged
953,Community Event,2025-06-14,Rock the Block,E16,Number Adults Engaged
954,Community Event,2025-06-14,Rock the Block,E16,Number Adults Engaged
955,Community Event,2025-06-14,Rock the Block,E16,Number Adults Engaged
956,Community Event,2025-06-14,Rock the Block,E16,Number Adults Engaged
957,Community Event,2025-06-14,Rock the Block,E16,Number Adults Engaged
958,Community Event,2025-06-14,Rock the Block,E16,Number Adults Engaged
959,Community Event,2025-06-14,Rock the Block,E16,Number Adults Engaged
960,Community Event,2025-06-14,Rock the Block,E16,Number Adults Engaged
961,Community Event,2025-06-14,Rock the Block,E16,Number Adults Engaged
962,Community Event,2025-06-14,Rock the Block,E16,Number Adults Engaged
963,Community Event,2025-06-14,Rock the Block,E16,Number Adults Engaged
964,Community Event,2025-06-14,Rock the Block,E16,Number Adults Engaged
965,Community Event,2025-06-14,Rock the Block,E16,Number Adults Engaged
966,Community Event,2025-06-14,Rock the Block,E16,Number Adults Engaged
967,Community Event,2025-06-14,Rock the Block,E16,Number Adults Engaged
968,Community Event,2025-06-14,Rock the Block,E16,Number Adults Engaged
969,Community Event,2025-06-14,Rock the Block,E16,Number Adults Engaged
970,Community Event,2025-06-14,Rock the Block,E16,Number Adults Engaged
971,Community Event,2025-06-14,Rock the Block,E16,Number Adults Engaged
972,Community Event,2025-06-14,Rock the Block,E16,Number Adults Engaged
973,Community Event,2025-06-14,Rock the Block,E16,Number Adults Engaged
974,Community Event,2025-06-14,Rock the Block,E16,Number Adults Engaged
975,Community Event,2025-06-14,Rock the Block,E16,Number Adults Engaged
976,Community Event,2025-06-14,Rock the Block,E16,Number Adults Engaged
977,Community Event,2025-06-14,Rock the Block,E16,Number Adults Engaged
978,Community Event,2025-06-14,Rock the Block,E16,Number Adults Engaged
979,Community Event,2025-06-14,Rock the Block,E16,Number Adults Engaged
980,Community Event,2025-06-14,Rock the Block,E16,Number Adults Engaged
981,Community Event,2025-06-14,Rock the Block,E16,Number Adults Engaged
982,Community Event,2025-06-14,Rock the Block,E16,Number Adults Engaged
983,Community Event,2025-06-14,Rock the Block,E16,Number Adults Engaged
984,Community Event,2025-06-14,Rock the Block,E16,Number Adults Engaged
985,Community Event,2025-06-14,Rock the Block,E16,Number Adults Engaged
986,Community Event,2025-06-14,Rock the Block,E16,Number Adults Engaged
987,Community Event,2025-06-14,Rock the Block,E16,Number Adults Engaged
988,Community Event,2025-06-14,Rock the Block,E16,Number Adults Engaged
989,Community Event,2025-06-14,Rock the Block,E16,Number Adults Engaged
990,Community Event,2025-06-14,Rock the Block,E16,Number Adults Engaged
991,Community Event,2025-06-14,Rock the Block,E16,Number Adults Engaged
992,Community Event,2025-06-14,Rock the Block,E16,Number Adults Engaged
993,Community Event,2025-06-14,Rock the Block,E16,Number Adults Engaged
994,Community Event,2025-06-14,Rock the Block,E16,Number Adults Engaged
995,Community Event,2025-06-14,Rock the Block,E16,Number Adults Engaged
996,Community Event,2025-06-14,Rock the Block,E16,Number Adults Engaged
997,Community Event,2025-06-14,Rock the Block,E16,Number Adults Engaged
998,Community Event,2025-06-14,Rock the Block,E16,Number Adults Engaged
999,Community Event,2025-06-14,Rock the Block,E16,Number Adults Engaged
1000,Community Event,2025-06-14,Rock the Block,E16,Number Adults Engaged
1001,Community Event,2025-06-14,Rock the Block,E16,Number Adults Engaged
1002,Community Event,2025-06-14,Rock the Block,E16,Number Adults Engaged
1003,Community Event,2025-06-14,Rock the Block,E16,NN Adult Engaged
1004,Community Event,2025-06-14,Rock the Block,E16,NN Adult Engaged
1005,Community Event,2025-06-14,Rock the Block,E16,NN Adult Engaged
1006,Community Event,2025-06-14,Rock the Block,E16,NN Adult Engaged
1007,Community Event,2025-06-14,Rock the Block,E16,NN Adult Engaged
1008,Community Event,2025-06-14,Rock the Block,E16,NN Adult Engaged
1009,Community Event,2025-06-14,Rock the Block,E16,NN Adult Engaged
1010,Community Event,2025-06-14,Rock the Block,E16,NN Adult Engaged
1011,Community Event,2025-06-14,Rock the Block,E16,NN Adult Engaged
1012,Community Event,2025-06-14,Rock the Block,E16,NN Adult Engaged
1013,Community Event,2025-06-14,Rock the Block,E16,NN Adult Engaged
1014,Community Event,2025-06-14,Rock the Block,E16,NN Adult Engaged
1015,Community Event,2025-06-14,Rock the Block,E16,NN Adult Engaged
1016,Community Event,2025-06-14,Rock the Block,E16,NN Adult Engaged
1017,Community Event,2025-06-14,Rock the Block,E16,NN Adult Engaged
1018,Community Event,2025-06-14,Rock the Block,E16,NN Adult Engaged
1019,Community Event,2025-06-14,Rock the Block,E16,NN Adult Engaged
1020,Community Event,2025-06-14,Rock the Block,E16,NN Adult Engaged
1021,Community Event,2025-06-14,Rock the Block,E16,NN Adult Engaged
1022,Community Event,2025-06-14,Rock the Block,E16,NN Adult Engaged
1023,Community Event,2025-06-14,Rock the Block,E16,NN Adult Engaged
1024,Community Event,2025-06-14,Rock the Block,E16,NN Adult Engaged
1025,Community Event,2025-06-14,Rock the Block,E16,NN Adult Engaged
1026,Community Event,2025-06-14,Rock the Block,E16,NN Adult Engaged
1027,Community Event,2025-06-14,Rock the Block,E16,NN Adult Engaged
1028,Community Event,2025-06-14,Rock the Block,E16,NN Adult Engaged
1029,Community Event,2025-06-14,Rock the Block,E16,NN Adult Engaged
1030,Community Event,2025-06-14,Rock the Block,E16,NN Adult Engaged
1031,Community Event,2025-06-14,Rock the Block,E16,NN Adult Engaged
1032,Community Event,2025-06-14,Rock the Block,E16,NN Adult Engaged
1033,Community Event,2025-06-14,Rock the Block,E16,NN Adult Engaged
1034,Community Event,2025-06-14,Rock the Block,E16,NN Adult Engaged
1035,Community Event,2025-06-14,Rock the Block,E16,NN Adult Engaged
1036,Community Event,2025-06-14,Rock the Block,E16,NN Adult Engaged
1037,Community Event,2025-06-14,Rock the Block,E16,NN Adult Engaged
1038,Community Event,2025-06-14,Rock the Block,E16,NN Adult Engaged
1039,Community Event,2025-06-14,Rock the Block,E16,NN Adult Engaged
1040,Community Event,2025-06-14,Rock the Block,E16,NN Adult Engaged
1041,Community Event,2025-06-14,Rock the Block,E16,NN Adult Engaged
1042,Community Event,2025-06-14,Rock the Block,E16,NN Adult Engaged
1043,Community Event,2025-06-14,Rock the Block,E16,NN Adult Engaged
1044,Community Event,2025-06-14,Rock the Block,E16,NN Adult Engaged
1045,Community Event,2025-06-14,Rock the Block,E16,NN Adult Engaged
1046,Community Event,2025-06-14,Rock the Block,E16,NN Kids Engaged
1047,Community Event,2025-06-14,Rock the Block,E16,NN Kids Engaged
1048,Community Event,2025-06-14,Rock the Block,E16,NN Kids Engaged
1049,Community Event,2025-06-14,Rock the Block,E16,NN Kids Engaged
1050,Community Event,2025-06-14,Rock the Block,E16,NN Kids Engaged
1051,Community Event,2025-06-14,Rock the Block,E16,NN Kids Engaged
1052,Community Event,2025-06-14,Rock the Block,E16,NN Kids Engaged
1053,Community Event,2025-06-14,Rock the Block,E16,NN Kids Engaged
1054,Community Event,2025-06-14,Rock the Block,E16,NN Kids Engaged
1055,Community Event,2025-06-14,Rock the Block,E16,NN Kids Engaged
1056,Community Event,2025-06-14,Rock the Block,E16,NN Kids Engaged
1057,Community Event,2025-06-14,Rock the Block,E16,NN Kids Engaged
1058,Community Event,2025-06-14,Rock the Block,E16,NN Kids Engaged
1059,Community Event,2025-06-15,Grand Rapids Asian-Pacific Festival,E17,Number Kids Engaged
1060,Community Event,2025-06-15,Grand Rapids Asian-Pacific Festival,E17,Number Kids Engaged
1061,Community Event,2025-06-15,Grand Rapids Asian-Pacific Festival,E17,Number Kids Engaged
1062,Community Event,2025-06-15,Grand Rapids Asian-Pacific Festival,E17,Number Kids Engaged
1063,Community Event,2025-06-15,Grand Rapids Asian-Pacific Festival,E17,Number Kids Engaged
1064,Community Event,2025-06-15,Grand Rapids Asian-Pacific Festival,E17,Number Kids Engaged
1065,Community Event,2025-06-15,Grand Rapids Asian-Pacific Festival,E17,Number Kids Engaged
1066,Community Event,2025-06-15,Grand Rapids Asian-Pacific Festival,E17,Number Kids Engaged
1067,Community Event,2025-06-15,Grand Rapids Asian-Pacific Festival,E17,Number Kids Engaged
1068,Community Event,2025-06-15,Grand Rapids Asian-Pacific Festival,E17,Number Kids Engaged
1069,Community Event,2025-06-15,Grand Rapids Asian-Pacific Festival,E17,Number Kids Engaged
1070,Community Event,2025-06-15,Grand Rapids Asian-Pacific Festival,E17,Number Kids Engaged
1071,Community Event,2025-06-15,Grand Rapids Asian-Pacific Festival,E17,Number Kids Engaged
1072,Community Event,2025-06-15,Grand Rapids Asian-Pacific Festival,E17,Number Kids Engaged
1073,Community Event,2025-06-15,Grand Rapids Asian-Pacific Festival,E17,Number Kids Engaged
1074,Community Event,2025-06-15,Grand Rapids Asian-Pacific Festival,E17,Number Kids Engaged
1075,Community Event,2025-06-15,Grand Rapids Asian-Pacific Festival,E17,Number Kids Engaged
1076,Community Event,2025-06-15,Grand Rapids Asian-Pacific Festival,E17,Number Kids Engaged
1077,Community Event,2025-06-15,Grand Rapids Asian-Pacific Festival,E17,Number Kids Engaged
1078,Community Event,2025-06-15,Grand Rapids Asian-Pacific Festival,E17,Number Kids Engaged
1079,Community Event,2025-06-15,Grand Rapids Asian-Pacific Festival,E17,Number Kids Engaged
1080,Community Event,2025-06-15,Grand Rapids Asian-Pacific Festival,E17,Number Kids Engaged
1081,Community Event,2025-06-15,Grand Rapids Asian-Pacific Festival,E17,Number Kids Engaged
1082,Community Event,2025-06-15,Grand Rapids Asian-Pacific Festival,E17,Number Kids Engaged
1083,Community Event,2025-06-15,Grand Rapids Asian-Pacific Festival,E17,Number Kids Engaged
1084,Community Event,2025-06-15,Grand Rapids Asian-Pacific Festival,E17,Number Kids Engaged
1085,Community Event,2025-06-15,Grand Rapids Asian-Pacific Festival,E17,Number Kids Engaged
1086,Community Event,2025-06-15,Grand Rapids Asian-Pacific Festival,E17,Number Kids Engaged
1087,Community Event,2025-06-15,Grand Rapids Asian-Pacific Festival,E17,Number Kids Engaged
1088,Community Event,2025-06-15,Grand Rapids Asian-Pacific Festival,E17,Number Kids Engaged
1089,Community Event,2025-06-15,Grand Rapids Asian-Pacific Festival,E17,Number Kids Engaged
1090,Community Event,2025-06-15,Grand Rapids Asian-Pacific Festival,E17,Number Kids Engaged
1091,Community Event,2025-06-15,Grand Rapids Asian-Pacific Festival,E17,Number Kids Engaged
1092,Community Event,2025-06-15,Grand Rapids Asian-Pacific Festival,E17,Number Kids Engaged
1093,Community Event,2025-06-15,Grand Rapids Asian-Pacific Festival,E17,Number Kids Engaged
1094,Community Event,2025-06-15,Grand Rapids Asian-Pacific Festival,E17,Number Kids Engaged
1095,Community Event,2025-06-15,Grand Rapids Asian-Pacific Festival,E17,Number Kids Engaged
1096,Community Event,2025-06-15,Grand Rapids Asian-Pacific Festival,E17,Number Kids Engaged
1097,Community Event,2025-06-15,Grand Rapids Asian-Pacific Festival,E17,Number Kids Engaged
1098,Community Event,2025-06-15,Grand Rapids Asian-Pacific Festival,E17,Number Kids Engaged
1099,Community Event,2025-06-15,Grand Rapids Asian-Pacific Festival,E17,Number Kids Engaged
1100,Community Event,2025-06-15,Grand Rapids Asian-Pacific Festival,E17,Number Kids Engaged
1101,Community Event,2025-06-15,Grand Rapids Asian-Pacific Festival,E17,Number Kids Engaged
1102,Community Event,2025-06-15,Grand Rapids Asian-Pacific Festival,E17,Number Kids Engaged
1103,Community Event,2025-06-15,Grand Rapids Asian-Pacific Festival,E17,Number Kids Engaged
1104,Community Event,2025-06-15,Grand Rapids Asian-Pacific Festival,E17,Number Kids Engaged
1105,Community Event,2025-06-15,Grand Rapids Asian-Pacific Festival,E17,Number Kids Engaged
1106,Community Event,2025-06-15,Grand Rapids Asian-Pacific Festival,E17,Number Kids Engaged
1107,Community Event,2025-06-15,Grand Rapids Asian-Pacific Festival,E17,Number Kids Engaged
1108,Community Event,2025-06-15,Grand Rapids Asian-Pacific Festival,E17,Number Kids Engaged
1109,Community Event,2025-06-15,Grand Rapids Asian-Pacific Festival,E17,Number Kids Engaged
1110,Community Event,2025-06-15,Grand Rapids Asian-Pacific Festival,E17,Number Kids Engaged
1111,Community Event,2025-06-15,Grand Rapids Asian-Pacific Festival,E17,Number Kids Engaged
1112,Community Event,2025-06-15,Grand Rapids Asian-Pacific Festival,E17,Number Kids Engaged
1113,Community Event,2025-06-15,Grand Rapids Asian-Pacific Festival,E17,Number Kids Engaged
1114,Community Event,2025-06-15,Grand Rapids Asian-Pacific Festival,E17,Number Kids Engaged
1115,Community Event,2025-06-15,Grand Rapids Asian-Pacific Festival,E17,Number Kids Engaged
1116,Community Event,2025-06-15,Grand Rapids Asian-Pacific Festival,E17,Number Kids Engaged
1117,Community Event,2025-06-15,Grand Rapids Asian-Pacific Festival,E17,Number Kids Engaged
1118,Community Event,2025-06-15,Grand Rapids Asian-Pacific Festival,E17,Number Kids Engaged
1119,Community Event,2025-06-15,Grand Rapids Asian-Pacific Festival,E17,Number Kids Engaged
1120,Community Event,2025-06-15,Grand Rapids Asian-Pacific Festival,E17,Number Kids Engaged
1121,Community Event,2025-06-15,Grand Rapids Asian-Pacific Festival,E17,Number Kids Engaged
1122,Community Event,2025-06-15,Grand Rapids Asian-Pacific Festival,E17,Number Kids Engaged
1123,Community Event,2025-06-15,Grand Rapids Asian-Pacific Festival,E17,Number Kids Engaged
1124,Community Event,2025-06-15,Grand Rapids Asian-Pacific Festival,E17,Number Kids Engaged
1125,Community Event,2025-06-15,Grand Rapids Asian-Pacific Festival,E17,Number Kids Engaged
1126,Community Event,2025-06-15,Grand Rapids Asian-Pacific Festival,E17,Number Kids Engaged
1127,Community Event,2025-06-15,Grand Rapids Asian-Pacific Festival,E17,Number Kids Engaged
1128,Community Event,2025-06-15,Grand Rapids Asian-Pacific Festival,E17,Number Kids Engaged
1129,Community Event,2025-06-15,Grand Rapids Asian-Pacific Festival,E17,Number Kids Engaged
1130,Community Event,2025-06-15,Grand Rapids Asian-Pacific Festival,E17,Number Kids Engaged
1131,Community Event,2025-06-15,Grand Rapids Asian-Pacific Festival,E17,Number Kids Engaged
1132,Community Event,2025-06-15,Grand Rapids Asian-Pacific Festival,E17,Number Kids Engaged
1133,Community Event,2025-06-15,Grand Rapids Asian-Pacific Festival,E17,Number Kids Engaged
1134,Community Event,2025-06-15,Grand Rapids Asian-Pacific Festival,E17,Number Kids Engaged
1135,Community Event,2025-06-15,Grand Rapids Asian-Pacific Festival,E17,Number Kids Engaged
1136,Community Event,2025-06-15,Grand Rapids Asian-Pacific Festival,E17,Number Kids Engaged
1137,Community Event,2025-06-15,Grand Rapids Asian-Pacific Festival,E17,Number Kids Engaged
1138,Community Event,2025-06-15,Grand Rapids Asian-Pacific Festival,E17,Number Adults Engaged
1139,Community Event,2025-06-15,Grand Rapids Asian-Pacific Festival,E17,Number Adults Engaged
1140,Community Event,2025-06-15,Grand Rapids Asian-Pacific Festival,E17,Number Adults Engaged
1141,Community Event,2025-06-15,Grand Rapids Asian-Pacific Festival,E17,Number Adults Engaged
1142,Community Event,2025-06-15,Grand Rapids Asian-Pacific Festival,E17,Number Adults Engaged
1143,Community Event,2025-06-15,Grand Rapids Asian-Pacific Festival,E17,Number Adults Engaged
1144,Community Event,2025-06-15,Grand Rapids Asian-Pacific Festival,E17,Number Adults Engaged
1145,Community Event,2025-06-15,Grand Rapids Asian-Pacific Festival,E17,Number Adults Engaged
1146,Community Event,2025-06-15,Grand Rapids Asian-Pacific Festival,E17,Number Adults Engaged
1147,Community Event,2025-06-15,Grand Rapids Asian-Pacific Festival,E17,Number Adults Engaged
1148,Community Event,2025-06-15,Grand Rapids Asian-Pacific Festival,E17,Number Adults Engaged
1149,Community Event,2025-06-15,Grand Rapids Asian-Pacific Festival,E17,Number Adults Engaged
1150,Community Event,2025-06-15,Grand Rapids Asian-Pacific Festival,E17,Number Adults Engaged
1151,Community Event,2025-06-15,Grand Rapids Asian-Pacific Festival,E17,Number Adults Engaged
1152,Community Event,2025-06-15,Grand Rapids Asian-Pacific Festival,E17,Number Adults Engaged
1153,Community Event,2025-06-15,Grand Rapids Asian-Pacific Festival,E17,Number Adults Engaged
1154,Community Event,2025-06-15,Grand Rapids Asian-Pacific Festival,E17,Number Adults Engaged
1155,Community Event,2025-06-15,Grand Rapids Asian-Pacific Festival,E17,Number Adults Engaged
1156,Community Event,2025-06-15,Grand Rapids Asian-Pacific Festival,E17,Number Adults Engaged
1157,Community Event,2025-06-15,Grand Rapids Asian-Pacific Festival,E17,Number Adults Engaged
1158,Community Event,2025-06-15,Grand Rapids Asian-Pacific Festival,E17,Number Adults Engaged
1159,Community Event,2025-06-15,Grand Rapids Asian-Pacific Festival,E17,Number Adults Engaged
1160,Community Event,2025-06-15,Grand Rapids Asian-Pacific Festival,E17,Number Adults Engaged
1161,Community Event,2025-06-15,Grand Rapids Asian-Pacific Festival,E17,Number Adults Engaged
1162,Community Event,2025-06-15,Grand Rapids Asian-Pacific Festival,E17,Number Adults Engaged
1163,Community Event,2025-06-15,Grand Rapids Asian-Pacific Festival,E17,Number Adults Engaged
1164,Community Event,2025-06-15,Grand Rapids Asian-Pacific Festival,E17,Number Adults Engaged
1165,Community Event,2025-06-15,Grand Rapids Asian-Pacific Festival,E17,Number Adults Engaged
1166,Community Event,2025-06-15,Grand Rapids Asian-Pacific Festival,E17,Number Adults Engaged
1167,Community Event,2025-06-15,Grand Rapids Asian-Pacific Festival,E17,Number Adults Engaged
1168,Community Event,2025-06-15,Grand Rapids Asian-Pacific Festival,E17,Number Adults Engaged
1169,Community Event,2025-06-15,Grand Rapids Asian-Pacific Festival,E17,Number Adults Engaged
1170,Community Event,2025-06-15,Grand Rapids Asian-Pacific Festival,E17,Number Adults Engaged
1171,Community Event,2025-06-15,Grand Rapids Asian-Pacific Festival,E17,Number Adults Engaged
1172,Community Event,2025-06-15,Grand Rapids Asian-Pacific Festival,E17,Number Adults Engaged
1173,Community Event,2025-06-15,Grand Rapids Asian-Pacific Festival,E17,Number Adults Engaged
1174,Community Event,2025-06-15,Grand Rapids Asian-Pacific Festival,E17,Number Adults Engaged
1175,Community Event,2025-06-15,Grand Rapids Asian-Pacific Festival,E17,Number Adults Engaged
1176,Community Event,2025-06-15,Grand Rapids Asian-Pacific Festival,E17,Number Adults Engaged
1177,Community Event,2025-06-15,Grand Rapids Asian-Pacific Festival,E17,Number Adults Engaged
1178,Community Event,2025-06-15,Grand Rapids Asian-Pacific Festival,E17,Number Adults Engaged
1179,Community Event,2025-06-15,Grand Rapids Asian-Pacific Festival,E17,Number Adults Engaged
1180,Community Event,2025-06-15,Grand Rapids Asian-Pacific Festival,E17,Number Adults Engaged
1181,Community Event,2025-06-15,Grand Rapids Asian-Pacific Festival,E17,Number Adults Engaged
1182,Community Event,2025-06-15,Grand Rapids Asian-Pacific Festival,E17,Number Adults Engaged
1183,Community Event,2025-06-15,Grand Rapids Asian-Pacific Festival,E17,Number Adults Engaged
1184,Community Event,2025-06-15,Grand Rapids Asian-Pacific Festival,E17,Number Adults Engaged
1185,Community Event,2025-06-15,Grand Rapids Asian-Pacific Festival,E17,Number Adults Engaged
1186,Community Event,2025-06-15,Grand Rapids Asian-Pacific Festival,E17,Number Adults Engaged
1187,Community Event,2025-06-15,Grand Rapids Asian-Pacific Festival,E17,Number Adults Engaged
1188,Community Event,2025-06-15,Grand Rapids Asian-Pacific Festival,E17,Number Adults Engaged
1189,Community Event,2025-06-15,Grand Rapids Asian-Pacific Festival,E17,Number Adults Engaged
1190,Community Event,2025-06-15,Grand Rapids Asian-Pacific Festival,E17,Number Adults Engaged
1191,Community Event,2025-06-15,Grand Rapids Asian-Pacific Festival,E17,Number Adults Engaged
1192,Community Event,2025-06-15,Grand Rapids Asian-Pacific Festival,E17,Number Adults Engaged
1193,Community Event,2025-06-15,Grand Rapids Asian-Pacific Festival,E17,Number Adults Engaged
1194,Community Event,2025-06-15,Grand Rapids Asian-Pacific Festival,E17,Number Adults Engaged
1195,Community Event,2025-06-15,Grand Rapids Asian-Pacific Festival,E17,Number Adults Engaged
1196,Community Event,2025-06-15,Grand Rapids Asian-Pacific Festival,E17,Number Adults Engaged
1197,Community Event,2025-06-15,Grand Rapids Asian-Pacific Festival,E17,Number Adults Engaged
1198,Community Event,2025-06-15,Grand Rapids Asian-Pacific Festival,E17,Number Adults Engaged
1199,Community Event,2025-06-15,Grand Rapids Asian-Pacific Festival,E17,Number Adults Engaged
1200,Community Event,2025-06-15,Grand Rapids Asian-Pacific Festival,E17,Number Adults Engaged
1201,Community Event,2025-06-15,Grand Rapids Asian-Pacific Festival,E17,Number Adults Engaged
1202,Community Event,2025-06-15,Grand Rapids Asian-Pacific Festival,E17,Number Adults Engaged
1203,Community Event,2025-06-15,Grand Rapids Asian-Pacific Festival,E17,Number Adults Engaged
1204,Community Event,2025-06-15,Grand Rapids Asian-Pacific Festival,E17,Number Adults Engaged
1205,Community Event,2025-06-15,Grand Rapids Asian-Pacific Festival,E17,Number Adults Engaged
1206,Community Event,2025-06-15,Grand Rapids Asian-Pacific Festival,E17,Number Adults Engaged
1207,Community Event,2025-06-15,Grand Rapids Asian-Pacific Festival,E17,Number Adults Engaged
1208,Community Event,2025-06-15,Grand Rapids Asian-Pacific Festival,E17,Number Adults Engaged
1209,Community Event,2025-06-15,Grand Rapids Asian-Pacific Festival,E17,Number Adults Engaged
1210,Community Event,2025-06-15,Grand Rapids Asian-Pacific Festival,E17,Number Adults Engaged
1211,Community Event,2025-06-15,Grand Rapids Asian-Pacific Festival,E17,Number Adults Engaged
1212,Community Event,2025-06-15,Grand Rapids Asian-Pacific Festival,E17,Number Adults Engaged
1213,Community Event,2025-06-15,Grand Rapids Asian-Pacific Festival,E17,Number Adults Engaged
1214,Community Event,2025-06-15,Grand Rapids Asian-Pacific Festival,E17,Number Adults Engaged
1215,Community Event,2025-06-15,Grand Rapids Asian-Pacific Festival,E17,Number Adults Engaged
1216,Community Event,2025-06-15,Grand Rapids Asian-Pacific Festival,E17,Number Adults Engaged
1217,Community Event,2025-06-15,Grand Rapids Asian-Pacific Festival,E17,Number Adults Engaged
1218,Community Event,2025-06-15,Grand Rapids Asian-Pacific Festival,E17,Number Adults Engaged
1219,Community Event,2025-06-15,Grand Rapids Asian-Pacific Festival,E17,Number Adults Engaged
1220,Community Event,2025-06-15,Grand Rapids Asian-Pacific Festival,E17,Number Adults Engaged
1221,Community Event,2025-06-15,Grand Rapids Asian-Pacific Festival,E17,Number Adults Engaged
1222,Community Event,2025-06-15,Grand Rapids Asian-Pacific Festival,E17,Number Adults Engaged
1223,Community Event,2025-06-15,Grand Rapids Asian-Pacific Festival,E17,Number Adults Engaged
1224,Community Event,2025-06-15,Grand Rapids Asian-Pacific Festival,E17,Number Adults Engaged
1225,Community Event,2025-06-15,Grand Rapids Asian-Pacific Festival,E17,Number Adults Engaged
1226,Community Event,2025-06-15,Grand Rapids Asian-Pacific Festival,E17,Number Adults Engaged
1227,Community Event,2025-06-15,Grand Rapids Asian-Pacific Festival,E17,Number Adults Engaged
1228,Community Event,2025-06-15,Grand Rapids Asian-Pacific Festival,E17,Number Adults Engaged
1229,Community Event,2025-06-15,Fathers Day BBQ,E18,Number Kids Engaged
1230,Community Event,2025-06-15,Fathers Day BBQ,E18,Number Kids Engaged
1231,Community Event,2025-06-15,Fathers Day BBQ,E18,Number Kids Engaged
1232,Community Event,2025-06-15,Fathers Day BBQ,E18,Number Kids Engaged
1233,Community Event,2025-06-15,Fathers Day BBQ,E18,Number Kids Engaged
1234,Community Event,2025-06-15,Fathers Day BBQ,E18,Number Kids Engaged
1235,Community Event,2025-06-15,Fathers Day BBQ,E18,Number Kids Engaged
1236,Community Event,2025-06-15,Fathers Day BBQ,E18,Number Kids Engaged
1237,Community Event,2025-06-15,Fathers Day BBQ,E18,Number Kids Engaged
1238,Community Event,2025-06-15,Fathers Day BBQ,E18,Number Kids Engaged
1239,Community Event,2025-06-15,Fathers Day BBQ,E18,Number Adults Engaged
1240,Community Event,2025-06-15,Fathers Day BBQ,E18,Number Adults Engaged
1241,Community Event,2025-06-15,Fathers Day BBQ,E18,Number Adults Engaged
1242,Community Event,2025-06-15,Fathers Day BBQ,E18,Number Adults Engaged
1243,Community Event,2025-06-15,Fathers Day BBQ,E18,Number Adults Engaged
1244,Community Event,2025-06-15,Fathers Day BBQ,E18,Number Adults Engaged
1245,Community Event,2025-06-15,Fathers Day BBQ,E18,Number Adults Engaged
1246,Community Event,2025-06-15,Fathers Day BBQ,E18,Number Adults Engaged
1247,Community Event,2025-06-15,Fathers Day BBQ,E18,Number Adults Engaged
1248,Community Event,2025-06-15,Fathers Day BBQ,E18,Number Adults Engaged
1249,Community Event,2025-06-15,Fathers Day BBQ,E18,Number Adults Engaged
1250,Community Event,2025-06-15,Fathers Day BBQ,E18,Number Adults Engaged
1251,Community Event,2025-06-15,Fathers Day BBQ,E18,Number Adults Engaged
1252,Community Event,2025-06-15,Fathers Day BBQ,E18,Number Adults Engaged
1253,Community Event,2025-06-15,Fathers Day BBQ,E18,Number Adults Engaged
1254,Community Event,2025-06-15,Fathers Day BBQ,E18,Number Adults Engaged
1255,Community Event,2025-06-15,Fathers Day BBQ,E18,Number Adults Engaged
1256,Community Event,2025-06-15,Fathers Day BBQ,E18,Number Adults Engaged
1257,Community Event,2025-06-15,Fathers Day BBQ,E18,Number Adults Engaged
1258,Community Event,2025-06-15,Fathers Day BBQ,E18,Number Adults Engaged
1259,Partner Tabling,2025-06-16,Grand Rapids Public Library Main Branch,E19,Number Kids Engaged
1260,Partner Tabling,2025-06-16,Grand Rapids Public Library Main Branch,E19,Number Kids Engaged
1261,Partner Tabling,2025-06-16,Grand Rapids Public Library Main Branch,E19,Number Kids Engaged
1262,Partner Tabling,2025-06-16,Grand Rapids Public Library Main Branch,E19,Number Kids Engaged
1263,Partner Tabling,2025-06-16,Grand Rapids Public Library Main Branch,E19,Number Kids Engaged
1264,Partner Tabling,2025-06-16,Grand Rapids Public Library Main Branch,E19,Number Kids Engaged
1265,Partner Tabling,2025-06-16,Grand Rapids Public Library Main Branch,E19,Number Kids Engaged
1266,Partner Tabling,2025-06-16,Grand Rapids Public Library Main Branch,E19,Number Kids Engaged
1267,Partner Tabling,2025-06-16,Grand Rapids Public Library Main Branch,E19,Number Kids Engaged
1268,Partner Tabling,2025-06-16,Grand Rapids Public Library Main Branch,E19,Number Kids Engaged
1269,Partner Tabling,2025-06-16,Grand Rapids Public Library Main Branch,E19,Number Kids Engaged
1270,Partner Tabling,2025-06-16,Grand Rapids Public Library Main Branch,E19,Number Kids Engaged
1271,Partner Tabling,2025-06-16,Grand Rapids Public Library Main Branch,E19,Number Adults Engaged
1272,Partner Tabling,2025-06-16,Grand Rapids Public Library Main Branch,E19,Number Adults Engaged
1273,Partner Tabling,2025-06-16,Grand Rapids Public Library Main Branch,E19,Number Adults Engaged
1274,Partner Tabling,2025-06-16,Grand Rapids Public Library Main Branch,E19,Number Adults Engaged
1275,Partner Tabling,2025-06-16,Grand Rapids Public Library Main Branch,E19,Number Adults Engaged
1276,Partner Tabling,2025-06-16,Grand Rapids Public Library Main Branch,E19,Number Adults Engaged
1277,Partner Tabling,2025-06-16,Grand Rapids Public Library Main Branch,E19,Number Adults Engaged
1278,Partner Tabling,2025-06-16,Grand Rapids Public Library Main Branch,E19,Number Adults Engaged
1279,Partner Tabling,2025-06-16,Grand Rapids Public Library Main Branch,E19,Number Adults Engaged
1280,Partner Tabling,2025-06-16,Grand Rapids Public Library Main Branch,E19,Number Adults Engaged
1281,Partner Tabling,2025-06-16,Grand Rapids Public Library Main Branch,E19,Number Adults Engaged
1282,Partner Tabling,2025-06-16,Grand Rapids Public Library Main Branch,E19,Number Adults Engaged
1283,Partner Tabling,2025-06-16,Grand Rapids Public Library Main Branch,E19,Number Adults Engaged
1284,Partner Tabling,2025-06-16,Grand Rapids Public Library Main Branch,E19,Number Adults Engaged
1285,Partner Tabling,2025-06-16,Grand Rapids Public Library Main Branch,E19,Number Adults Engaged
1286,Partner Tabling,2025-06-17,HELP Pregnancy Aid,E20,Number Kids Engaged
1287,Partner Tabling,2025-06-17,HELP Pregnancy Aid,E20,Number Kids Engaged
1288,Partner Tabling,2025-06-17,HELP Pregnancy Aid,E20,Number Kids Engaged
1289,Partner Tabling,2025-06-17,HELP Pregnancy Aid,E20,Number Kids Engaged
1290,Partner Tabling,2025-06-17,HELP Pregnancy Aid,E20,Number Kids Engaged
1291,Partner Tabling,2025-06-17,HELP Pregnancy Aid,E20,Number Adults Engaged
1292,Partner Tabling,2025-06-17,HELP Pregnancy Aid,E20,Number Adults Engaged
1293,Partner Tabling,2025-06-17,HELP Pregnancy Aid,E20,Number Adults Engaged
1294,Partner Tabling,2025-06-17,HELP Pregnancy Aid,E20,Number Adults Engaged
1295,Partner Tabling,2025-06-17,HELP Pregnancy Aid,E20,Number Adults Engaged
1296,Partner Tabling,2025-06-17,HELP Pregnancy Aid,E20,Number Adults Engaged
1297,Partner Tabling,2025-06-17,HELP Pregnancy Aid,E20,Number Adults Engaged
1298,Partner Tabling,2025-06-17,HELP Pregnancy Aid,E20,Number Adults Engaged
1299,Partner Tabling,2025-06-17,HELP Pregnancy Aid,E20,Number Adults Engaged
1300,Partner Tabling,2025-06-17,HELP Pregnancy Aid,E20,Number Adults Engaged
1301,Partner Tabling,2025-06-17,HELP Pregnancy Aid,E20,Number Adults Engaged
1302,Partner Tabling,2025-06-17,HELP Pregnancy Aid,E20,Number Adults Engaged
1303,Community Event,2025-06-17,Head Start Summer Event,E21,Number Kids Engaged
1304,Community Event,2025-06-17,Head Start Summer Event,E21,Number Kids Engaged
1305,Community Event,2025-06-17,Head Start Summer Event,E21,Number Kids Engaged
1306,Community Event,2025-06-17,Head Start Summer Event,E21,Number Kids Engaged
1307,Community Event,2025-06-17,Head Start Summer Event,E21,Number Kids Engaged
1308,Community Event,2025-06-17,Head Start Summer Event,E21,Number Kids Engaged
1309,Community Event,2025-06-17,Head Start Summer Event,E21,Number Kids Engaged
1310,Community Event,2025-06-17,Head Start Summer Event,E21,Number Kids Engaged
1311,Community Event,2025-06-17,Head Start Summer Event,E21,Number Kids Engaged
1312,Community Event,2025-06-17,Head Start Summer Event,E21,Number Kids Engaged
1313,Community Event,2025-06-17,Head Start Summer Event,E21,Number Kids Engaged
1314,Community Event,2025-06-17,Head Start Summer Event,E21,Number Kids Engaged
1315,Community Event,2025-06-17,Head Start Summer Event,E21,Number Kids Engaged
1316,Community Event,2025-06-17,Head Start Summer Event,E21,Number Kids Engaged
1317,Community Event,2025-06-17,Head Start Summer Event,E21,Number Kids Engaged
1318,Community Event,2025-06-17,Head Start Summer Event,E21,Number Kids Engaged
1319,Community Event,2025-06-17,Head Start Summer Event,E21,Number Kids Engaged
1320,Community Event,2025-06-17,Head Start Summer Event,E21,Number Adults Engaged
1321,Community Event,2025-06-17,Head Start Summer Event,E21,Number Adults Engaged
1322,Community Event,2025-06-17,Head Start Summer Event,E21,Number Adults Engaged
1323,Community Event,2025-06-17,Head Start Summer Event,E21,Number Adults Engaged
1324,Community Event,2025-06-17,Head Start Summer Event,E21,Number Adults Engaged
1325,Community Event,2025-06-17,Head Start Summer Event,E21,Number Adults Engaged
1326,Community Event,2025-06-17,Head Start Summer Event,E21,Number Adults Engaged
1327,Community Event,2025-06-17,Head Start Summer Event,E21,Number Adults Engaged
1328,Community Event,2025-06-17,Head Start Summer Event,E21,Number Adults Engaged
1329,Community Event,2025-06-17,Head Start Summer Event,E21,Number Adults Engaged
1330,Community Event,2025-06-17,Head Start Summer Event,E21,Number Adults Engaged
1331,Community Event,2025-06-17,Head Start Summer Event,E21,Number Adults Engaged
1332,Community Event,2025-06-17,Storytime in the Park at Lincoln Park,E22,Number Kids Engaged
1333,Community Event,2025-06-17,Storytime in the Park at Lincoln Park,E22,Number Kids Engaged
1334,Community Event,2025-06-17,Storytime in the Park at Lincoln Park,E22,Number Kids Engaged
1335,Community Event,2025-06-17,Storytime in the Park at Lincoln Park,E22,Number Kids Engaged
1336,Community Event,2025-06-17,Storytime in the Park at Lincoln Park,E22,Number Kids Engaged
1337,Community Event,2025-06-17,Storytime in the Park at Lincoln Park,E22,Number Kids Engaged
1338,Community Event,2025-06-17,Storytime in the Park at Lincoln Park,E22,Number Kids Engaged
1339,Community Event,2025-06-17,Storytime in the Park at Lincoln Park,E22,Number Kids Engaged
1340,Community Event,2025-06-17,Storytime in the Park at Lincoln Park,E22,Number Kids Engaged
1341,Community Event,2025-06-17,Storytime in the Park at Lincoln Park,E22,Number Kids Engaged
1342,Community Event,2025-06-17,Storytime in the Park at Lincoln Park,E22,Number Kids Engaged
1343,Community Event,2025-06-17,Storytime in the Park at Lincoln Park,E22,Number Kids Engaged
1344,Community Event,2025-06-17,Storytime in the Park at Lincoln Park,E22,Number Kids Engaged
1345,Community Event,2025-06-17,Storytime in the Park at Lincoln Park,E22,Number Kids Engaged
1346,Community Event,2025-06-17,Storytime in the Park at Lincoln Park,E22,Number Kids Engaged
1347,Community Event,2025-06-17,Storytime in the Park at Lincoln Park,E22,Number Kids Engaged
1348,Community Event,2025-06-17,Storytime in the Park at Lincoln Park,E22,Number Kids Engaged
1349,Community Event,2025-06-17,Storytime in the Park at Lincoln Park,E22,Number Kids Engaged
1350,Community Event,2025-06-17,Storytime in the Park at Lincoln Park,E22,Number Kids Engaged
1351,Community Event,2025-06-17,Storytime in the Park at Lincoln Park,E22,Number Kids Engaged
1352,Community Event,2025-06-17,Storytime in the Park at Lincoln Park,E22,Number Kids Engaged
1353,Community Event,2025-06-17,Storytime in the Park at Lincoln Park,E22,Number Kids Engaged
1354,Community Event,2025-06-17,Storytime in the Park at Lincoln Park,E22,Number Kids Engaged
1355,Community Event,2025-06-17,Storytime in the Park at Lincoln Park,E22,Number Kids Engaged
1356,Community Event,2025-06-17,Storytime in the Park at Lincoln Park,E22,Number Kids Engaged
1357,Community Event,2025-06-17,Storytime in the Park at Lincoln Park,E22,Number Kids Engaged
1358,Community Event,2025-06-17,Storytime in the Park at Lincoln Park,E22,Number Kids Engaged
1359,Community Event,2025-06-17,Storytime in the Park at Lincoln Park,E22,Number Kids Engaged
1360,Community Event,2025-06-17,Storytime in the Park at Lincoln Park,E22,Number Kids Engaged
1361,Community Event,2025-06-17,Storytime in the Park at Lincoln Park,E22,Number Kids Engaged
1362,Community Event,2025-06-17,Storytime in the Park at Lincoln Park,E22,Number Kids Engaged
1363,Community Event,2025-06-17,Storytime in the Park at Lincoln Park,E22,Number Kids Engaged
1364,Community Event,2025-06-17,Storytime in the Park at Lincoln Park,E22,Number Kids Engaged
1365,Community Event,2025-06-17,Storytime in the Park at Lincoln Park,E22,Number Kids Engaged
1366,Community Event,2025-06-17,Storytime in the Park at Lincoln Park,E22,Number Kids Engaged
1367,Community Event,2025-06-17,Storytime in the Park at Lincoln Park,E22,Number Kids Engaged
1368,Community Event,2025-06-17,Storytime in the Park at Lincoln Park,E22,Number Kids Engaged
1369,Community Event,2025-06-17,Storytime in the Park at Lincoln Park,E22,Number Kids Engaged
1370,Community Event,2025-06-17,Storytime in the Park at Lincoln Park,E22,Number Kids Engaged
1371,Community Event,2025-06-17,Storytime in the Park at Lincoln Park,E22,Number Kids Engaged
1372,Community Event,2025-06-17,Storytime in the Park at Lincoln Park,E22,Number Kids Engaged
1373,Community Event,2025-06-17,Storytime in the Park at Lincoln Park,E22,Number Kids Engaged
1374,Community Event,2025-06-17,Storytime in the Park at Lincoln Park,E22,Number Kids Engaged
1375,Community Event,2025-06-17,Storytime in the Park at Lincoln Park,E22,Number Kids Engaged
1376,Community Event,2025-06-17,Storytime in the Park at Lincoln Park,E22,Number Kids Engaged
1377,Community Event,2025-06-17,Storytime in the Park at Lincoln Park,E22,Number Kids Engaged
1378,Community Event,2025-06-17,Storytime in the Park at Lincoln Park,E22,Number Kids Engaged
1379,Community Event,2025-06-17,Storytime in the Park at Lincoln Park,E22,Number Kids Engaged
1380,Community Event,2025-06-17,Storytime in the Park at Lincoln Park,E22,Number Kids Engaged
1381,Community Event,2025-06-17,Storytime in the Park at Lincoln Park,E22,Number Kids Engaged
1382,Community Event,2025-06-17,Storytime in the Park at Lincoln Park,E22,Number Kids Engaged
1383,Community Event,2025-06-17,Storytime in the Park at Lincoln Park,E22,Number Kids Engaged
1384,Community Event,2025-06-17,Storytime in the Park at Lincoln Park,E22,Number Kids Engaged
1385,Community Event,2025-06-17,Storytime in the Park at Lincoln Park,E22,Number Kids Engaged
1386,Community Event,2025-06-17,Storytime in the Park at Lincoln Park,E22,Number Kids Engaged
1387,Community Event,2025-06-17,Storytime in the Park at Lincoln Park,E22,Number Kids Engaged
1388,Community Event,2025-06-17,Storytime in the Park at Lincoln Park,E22,Number Kids Engaged
1389,Community Event,2025-06-17,Storytime in the Park at Lincoln Park,E22,Number Kids Engaged
1390,Community Event,2025-06-17,Storytime in the Park at Lincoln Park,E22,Number Kids Engaged
1391,Community Event,2025-06-17,Storytime in the Park at Lincoln Park,E22,Number Kids Engaged
1392,Community Event,2025-06-17,Storytime in the Park at Lincoln Park,E22,Number Kids Engaged
1393,Community Event,2025-06-17,Storytime in the Park at Lincoln Park,E22,Number Kids Engaged
1394,Community Event,2025-06-17,Storytime in the Park at Lincoln Park,E22,Number Kids Engaged
1395,Community Event,2025-06-17,Storytime in the Park at Lincoln Park,E22,Number Kids Engaged
1396,Community Event,2025-06-17,Storytime in the Park at Lincoln Park,E22,Number Kids Engaged
1397,Community Event,2025-06-17,Storytime in the Park at Lincoln Park,E22,Number Kids Engaged
1398,Community Event,2025-06-17,Storytime in the Park at Lincoln Park,E22,Number Kids Engaged
1399,Community Event,2025-06-17,Storytime in the Park at Lincoln Park,E22,Number Kids Engaged
1400,Community Event,2025-06-17,Storytime in the Park at Lincoln Park,E22,Number Kids Engaged
1401,Community Event,2025-06-17,Storytime in the Park at Lincoln Park,E22,Number Kids Engaged
1402,Community Event,2025-06-17,Storytime in the Park at Lincoln Park,E22,Number Kids Engaged
1403,Community Event,2025-06-17,Storytime in the Park at Lincoln Park,E22,Number Kids Engaged
1404,Community Event,2025-06-17,Storytime in the Park at Lincoln Park,E22,Number Kids Engaged
1405,Community Event,2025-06-17,Storytime in the Park at Lincoln Park,E22,Number Adults Engaged
1406,Community Event,2025-06-17,Storytime in the Park at Lincoln Park,E22,Number Adults Engaged
1407,Community Event,2025-06-17,Storytime in the Park at Lincoln Park,E22,Number Adults Engaged
1408,Community Event,2025-06-17,Storytime in the Park at Lincoln Park,E22,Number Adults Engaged
1409,Community Event,2025-06-17,Storytime in the Park at Lincoln Park,E22,Number Adults Engaged
1410,Community Event,2025-06-17,Storytime in the Park at Lincoln Park,E22,Number Adults Engaged
1411,Community Event,2025-06-17,Storytime in the Park at Lincoln Park,E22,Number Adults Engaged
1412,Community Event,2025-06-17,Storytime in the Park at Lincoln Park,E22,Number Adults Engaged
1413,Community Event,2025-06-17,Storytime in the Park at Lincoln Park,E22,Number Adults Engaged
1414,Community Event,2025-06-17,Storytime in the Park at Lincoln Park,E22,Number Adults Engaged
1415,Community Event,2025-06-17,Storytime in the Park at Lincoln Park,E22,Number Adults Engaged
1416,Community Event,2025-06-17,Storytime in the Park at Lincoln Park,E22,Number Adults Engaged
1417,Community Event,2025-06-17,Storytime in the Park at Lincoln Park,E22,Number Adults Engaged
1418,Community Event,2025-06-17,Storytime in the Park at Lincoln Park,E22,Number Adults Engaged
1419,Community Event,2025-06-17,Storytime in the Park at Lincoln Park,E22,Number Adults Engaged
1420,Community Event,2025-06-17,Storytime in the Park at Lincoln Park,E22,Number Adults Engaged
1421,Community Event,2025-06-17,Storytime in the Park at Lincoln Park,E22,Number Adults Engaged
1422,Community Event,2025-06-17,Storytime in the Park at Lincoln Park,E22,Number Adults Engaged
1423,Community Event,2025-06-17,Storytime in the Park at Lincoln Park,E22,Number Adults Engaged
1424,Community Event,2025-06-17,Storytime in the Park at Lincoln Park,E22,Number Adults Engaged
1425,Community Event,2025-06-17,Storytime in the Park at Lincoln Park,E22,Number Adults Engaged
1426,Community Event,2025-06-17,Storytime in the Park at Lincoln Park,E22,Number Adults Engaged
1427,Community Event,2025-06-17,Storytime in the Park at Lincoln Park,E22,Number Adults Engaged
1428,Community Event,2025-06-17,Storytime in the Park at Lincoln Park,E22,Number Adults Engaged
1429,Community Event,2025-06-17,Storytime in the Park at Lincoln Park,E22,Number Adults Engaged
1430,Community Event,2025-06-17,Storytime in the Park at Lincoln Park,E22,Number Adults Engaged
1431,Community Event,2025-06-17,Storytime in the Park at Lincoln Park,E22,Number Adults Engaged
1432,Community Event,2025-06-17,Storytime in the Park at Lincoln Park,E22,Number Adults Engaged
1433,Community Event,2025-06-17,Storytime in the Park at Lincoln Park,E22,Number Adults Engaged
1434,Community Event,2025-06-17,Storytime in the Park at Lincoln Park,E22,Number Adults Engaged
1435,Partner Tabling,2025-06-19,HELP Pregnancy Aid,E23,Number Kids Engaged
1436,Partner Tabling,2025-06-19,HELP Pregnancy Aid,E23,Number Kids Engaged
1437,Partner Tabling,2025-06-19,HELP Pregnancy Aid,E23,Number Kids Engaged
1438,Partner Tabling,2025-06-19,HELP Pregnancy Aid,E23,Number Adults Engaged
1439,Partner Tabling,2025-06-19,HELP Pregnancy Aid,E23,Number Adults Engaged
1440,Partner Tabling,2025-06-19,HELP Pregnancy Aid,E23,Number Adults Engaged
1441,Partner Tabling,2025-06-19,HELP Pregnancy Aid,E23,Number Adults Engaged
1442,Partner Tabling,2025-06-19,HELP Pregnancy Aid,E23,Number Adults Engaged
1443,Partner Tabling,2025-06-19,HELP Pregnancy Aid,E23,Number Adults Engaged
1444,Partner Tabling,2025-06-19,HELP Pregnancy Aid,E23,Number Adults Engaged
1445,Partner Tabling,2025-06-19,HELP Pregnancy Aid,E23,Number Adults Engaged
1446,Partner Tabling,2025-06-19,HELP Pregnancy Aid,E23,Number Adults Engaged
1447,Partner Tabling,2025-06-19,Streams of Hope,E24,Number Kids Engaged
1448,Partner Tabling,2025-06-19,Streams of Hope,E24,Number Kids Engaged
1449,Partner Tabling,2025-06-19,Streams of Hope,E24,Number Kids Engaged
1450,Partner Tabling,2025-06-19,Streams of Hope,E24,Number Kids Engaged
1451,Partner Tabling,2025-06-19,Streams of Hope,E24,Number Kids Engaged
1452,Partner Tabling,2025-06-19,Streams of Hope,E24,Number Kids Engaged
1453,Partner Tabling,2025-06-19,Streams of Hope,E24,Number Kids Engaged
1454,Partner Tabling,2025-06-19,Streams of Hope,E24,Number Kids Engaged
1455,Partner Tabling,2025-06-19,Streams of Hope,E24,Number Kids Engaged
1456,Partner Tabling,2025-06-19,Streams of Hope,E24,Number Kids Engaged
1457,Partner Tabling,2025-06-19,Streams of Hope,E24,Number Adults Engaged
1458,Partner Tabling,2025-06-19,Streams of Hope,E24,Number Adults Engaged
1459,Partner Tabling,2025-06-19,Streams of Hope,E24,Number Adults Engaged
1460,Partner Tabling,2025-06-19,Streams of Hope,E24,Number Adults Engaged
1461,Partner Tabling,2025-06-19,Streams of Hope,E24,Number Adults Engaged
1462,Partner Tabling,2025-06-19,Streams of Hope,E24,Number Adults Engaged
1463,Partner Tabling,2025-06-19,Streams of Hope,E24,Number Adults Engaged
1464,Partner Tabling,2025-06-19,Streams of Hope,E24,Number Adults Engaged
1465,Partner Tabling,2025-06-20,Sheldon WIC Clinic,E25,Number Kids Engaged
1466,Partner Tabling,2025-06-20,Sheldon WIC Clinic,E25,Number Kids Engaged
1467,Partner Tabling,2025-06-20,Sheldon WIC Clinic,E25,Number Kids Engaged
1468,Partner Tabling,2025-06-20,Sheldon WIC Clinic,E25,Number Kids Engaged
1469,Partner Tabling,2025-06-20,Sheldon WIC Clinic,E25,Number Kids Engaged
1470,Partner Tabling,2025-06-20,Sheldon WIC Clinic,E25,Number Kids Engaged
1471,Partner Tabling,2025-06-20,Sheldon WIC Clinic,E25,Number Kids Engaged
1472,Partner Tabling,2025-06-20,Sheldon WIC Clinic,E25,Number Kids Engaged
1473,Partner Tabling,2025-06-20,Sheldon WIC Clinic,E25,Number Kids Engaged
1474,Partner Tabling,2025-06-20,Sheldon WIC Clinic,E25,Number Kids Engaged
1475,Partner Tabling,2025-06-20,Sheldon WIC Clinic,E25,Number Kids Engaged
1476,Partner Tabling,2025-06-20,Sheldon WIC Clinic,E25,Number Kids Engaged
1477,Partner Tabling,2025-06-20,Sheldon WIC Clinic,E25,Number Kids Engaged
1478,Partner Tabling,2025-06-20,Sheldon WIC Clinic,E25,Number Kids Engaged
1479,Partner Tabling,2025-06-20,Sheldon WIC Clinic,E25,Number Kids Engaged
1480,Partner Tabling,2025-06-20,Sheldon WIC Clinic,E25,Number Kids Engaged
1481,Partner Tabling,2025-06-20,Sheldon WIC Clinic,E25,Number Kids Engaged
1482,Partner Tabling,2025-06-20,Sheldon WIC Clinic,E25,Number Kids Engaged
1483,Partner Tabling,2025-06-20,Sheldon WIC Clinic,E25,Number Kids Engaged
1484,Partner Tabling,2025-06-20,Sheldon WIC Clinic,E25,Number Kids Engaged
1485,Partner Tabling,2025-06-20,Sheldon WIC Clinic,E25,Number Adults Engaged
1486,Partner Tabling,2025-06-20,Sheldon WIC Clinic,E25,Number Adults Engaged
1487,Partner Tabling,2025-06-20,Sheldon WIC Clinic,E25,Number Adults Engaged
1488,Partner Tabling,2025-06-20,Sheldon WIC Clinic,E25,Number Adults Engaged
1489,Partner Tabling,2025-06-20,Sheldon WIC Clinic,E25,Number Adults Engaged
1490,Partner Tabling,2025-06-20,Sheldon WIC Clinic,E25,Number Adults Engaged
1491,Partner Tabling,2025-06-20,Sheldon WIC Clinic,E25,Number Adults Engaged
1492,Partner Tabling,2025-06-20,Sheldon WIC Clinic,E25,Number Adults Engaged
1493,Partner Tabling,2025-06-20,Sheldon WIC Clinic,E25,Number Adults Engaged
1494,Partner Tabling,2025-06-20,Sheldon WIC Clinic,E25,Number Adults Engaged
1495,Partner Tabling,2025-06-20,Sheldon WIC Clinic,E25,Number Adults Engaged
1496,Partner Tabling,2025-06-20,Sheldon WIC Clinic,E25,Number Adults Engaged
1497,Partner Tabling,2025-06-20,Sheldon WIC Clinic,E25,Number Adults Engaged
1498,Partner Tabling,2025-06-20,Sheldon WIC Clinic,E25,Number Adults Engaged
1499,Partner Tabling,2025-06-20,Sheldon WIC Clinic,E25,Number Adults Engaged
1500,Partner Tabling,2025-06-20,Sheldon WIC Clinic,E25,Number Adults Engaged
1501,Partner Tabling,2025-06-20,Sheldon WIC Clinic,E25,Number Adults Engaged
1502,Partner Tabling,2025-06-20,Sheldon WIC Clinic,E25,Number Adults Engaged
1503,Partner Tabling,2025-06-20,Sheldon WIC Clinic,E25,Number Adults Engaged
1504,Partner Tabling,2025-06-20,Sheldon WIC Clinic,E25,Number Adults Engaged
1505,Partner Tabling,2025-06-20,Sheldon WIC Clinic,E25,Number Adults Engaged
1506,Partner Tabling,2025-06-20,Sheldon WIC Clinic,E25,Number Adults Engaged
1507,Partner Tabling,2025-06-20,Sheldon WIC Clinic,E25,Number Adults Engaged
1508,Partner Tabling,2025-06-20,Sheldon WIC Clinic,E25,Number Adults Engaged
1509,Partner Tabling,2025-06-20,Sheldon WIC Clinic,E25,Number Adults Engaged
1510,Partner Tabling,2025-06-20,Sheldon WIC Clinic,E25,Number Adults Engaged
1511,Partner Tabling,2025-06-20,Sheldon WIC Clinic,E25,Number Adults Engaged
1512,Partner Tabling,2025-06-20,Sheldon WIC Clinic,E25,Number Adults Engaged
1513,Partner Tabling,2025-06-20,Sheldon WIC Clinic,E25,Number Adults Engaged
1514,Partner Tabling,2025-06-20,Sheldon WIC Clinic,E25,Number Adults Engaged
1515,Partner Tabling,2025-06-20,Sheldon WIC Clinic,E25,Number Adults Engaged
1516,Partner Tabling,2025-06-20,Sheldon WIC Clinic,E25,Number Adults Engaged
1517,Partner Tabling,2025-06-20,Sheldon WIC Clinic,E25,Number Adults Engaged
1518,Partner Tabling,2025-06-20,Sheldon WIC Clinic,E25,Number Adults Engaged
1519,Community Event,2025-06-22,Grand Rapids Pride,E26,Number Kids Engaged
1520,Community Event,2025-06-22,Grand Rapids Pride,E26,Number Kids Engaged
1521,Community Event,2025-06-22,Grand Rapids Pride,E26,Number Kids Engaged
1522,Community Event,2025-06-22,Grand Rapids Pride,E26,Number Kids Engaged
1523,Community Event,2025-06-22,Grand Rapids Pride,E26,Number Kids Engaged
1524,Community Event,2025-06-22,Grand Rapids Pride,E26,Number Kids Engaged
1525,Community Event,2025-06-22,Grand Rapids Pride,E26,Number Kids Engaged
1526,Community Event,2025-06-22,Grand Rapids Pride,E26,Number Kids Engaged
1527,Community Event,2025-06-22,Grand Rapids Pride,E26,Number Kids Engaged
1528,Community Event,2025-06-22,Grand Rapids Pride,E26,Number Kids Engaged
1529,Community Event,2025-06-22,Grand Rapids Pride,E26,Number Kids Engaged
1530,Community Event,2025-06-22,Grand Rapids Pride,E26,Number Kids Engaged
1531,Community Event,2025-06-22,Grand Rapids Pride,E26,Number Kids Engaged
1532,Community Event,2025-06-22,Grand Rapids Pride,E26,Number Kids Engaged
1533,Community Event,2025-06-22,Grand Rapids Pride,E26,Number Kids Engaged
1534,Community Event,2025-06-22,Grand Rapids Pride,E26,Number Kids Engaged
1535,Community Event,2025-06-22,Grand Rapids Pride,E26,Number Kids Engaged
1536,Community Event,2025-06-22,Grand Rapids Pride,E26,Number Kids Engaged
1537,Community Event,2025-06-22,Grand Rapids Pride,E26,Number Kids Engaged
1538,Community Event,2025-06-22,Grand Rapids Pride,E26,Number Kids Engaged
1539,Community Event,2025-06-22,Grand Rapids Pride,E26,Number Kids Engaged
1540,Community Event,2025-06-22,Grand Rapids Pride,E26,Number Kids Engaged
1541,Community Event,2025-06-22,Grand Rapids Pride,E26,Number Kids Engaged
1542,Community Event,2025-06-22,Grand Rapids Pride,E26,Number Kids Engaged
1543,Community Event,2025-06-22,Grand Rapids Pride,E26,Number Kids Engaged
1544,Community Event,2025-06-22,Grand Rapids Pride,E26,Number Kids Engaged
1545,Community Event,2025-06-22,Grand Rapids Pride,E26,Number Kids Engaged
1546,Community Event,2025-06-22,Grand Rapids Pride,E26,Number Kids Engaged
1547,Community Event,2025-06-22,Grand Rapids Pride,E26,Number Kids Engaged
1548,Community Event,2025-06-22,Grand Rapids Pride,E26,Number Kids Engaged
1549,Community Event,2025-06-22,Grand Rapids Pride,E26,Number Kids Engaged
1550,Community Event,2025-06-22,Grand Rapids Pride,E26,Number Kids Engaged
1551,Community Event,2025-06-22,Grand Rapids Pride,E26,Number Kids Engaged
1552,Community Event,2025-06-22,Grand Rapids Pride,E26,Number Kids Engaged
1553,Community Event,2025-06-22,Grand Rapids Pride,E26,Number Kids Engaged
1554,Community Event,2025-06-22,Grand Rapids Pride,E26,Number Kids Engaged
1555,Community Event,2025-06-22,Grand Rapids Pride,E26,Number Kids Engaged
1556,Community Event,2025-06-22,Grand Rapids Pride,E26,Number Kids Engaged
1557,Community Event,2025-06-22,Grand Rapids Pride,E26,Number Kids Engaged
1558,Community Event,2025-06-22,Grand Rapids Pride,E26,Number Kids Engaged
1559,Community Event,2025-06-22,Grand Rapids Pride,E26,Number Kids Engaged
1560,Community Event,2025-06-22,Grand Rapids Pride,E26,Number Kids Engaged
1561,Community Event,2025-06-22,Grand Rapids Pride,E26,Number Kids Engaged
1562,Community Event,2025-06-22,Grand Rapids Pride,E26,Number Kids Engaged
1563,Community Event,2025-06-22,Grand Rapids Pride,E26,Number Kids Engaged
1564,Community Event,2025-06-22,Grand Rapids Pride,E26,Number Kids Engaged
1565,Community Event,2025-06-22,Grand Rapids Pride,E26,Number Kids Engaged
1566,Community Event,2025-06-22,Grand Rapids Pride,E26,Number Kids Engaged
1567,Community Event,2025-06-22,Grand Rapids Pride,E26,Number Kids Engaged
1568,Community Event,2025-06-22,Grand Rapids Pride,E26,Number Kids Engaged
1569,Community Event,2025-06-22,Grand Rapids Pride,E26,Number Kids Engaged
1570,Community Event,2025-06-22,Grand Rapids Pride,E26,Number Kids Engaged
1571,Community Event,2025-06-22,Grand Rapids Pride,E26,Number Kids Engaged
1572,Community Event,2025-06-22,Grand Rapids Pride,E26,Number Kids Engaged
1573,Community Event,2025-06-22,Grand Rapids Pride,E26,Number Kids Engaged
1574,Community Event,2025-06-22,Grand Rapids Pride,E26,Number Kids Engaged
1575,Community Event,2025-06-22,Grand Rapids Pride,E26,Number Kids Engaged
1576,Community Event,2025-06-22,Grand Rapids Pride,E26,Number Kids Engaged
1577,Community Event,2025-06-22,Grand Rapids Pride,E26,Number Kids Engaged
1578,Community Event,2025-06-22,Grand Rapids Pride,E26,Number Kids Engaged
1579,Community Event,2025-06-22,Grand Rapids Pride,E26,Number Kids Engaged
1580,Community Event,2025-06-22,Grand Rapids Pride,E26,Number Kids Engaged
1581,Community Event,2025-06-22,Grand Rapids Pride,E26,Number Kids Engaged
1582,Community Event,2025-06-22,Grand Rapids Pride,E26,Number Kids Engaged
1583,Community Event,2025-06-22,Grand Rapids Pride,E26,Number Kids Engaged
1584,Community Event,2025-06-22,Grand Rapids Pride,E26,Number Kids Engaged
1585,Community Event,2025-06-22,Grand Rapids Pride,E26,Number Kids Engaged
1586,Community Event,2025-06-22,Grand Rapids Pride,E26,Number Kids Engaged
1587,Community Event,2025-06-22,Grand Rapids Pride,E26,Number Kids Engaged
1588,Community Event,2025-06-22,Grand Rapids Pride,E26,Number Kids Engaged
1589,Community Event,2025-06-22,Grand Rapids Pride,E26,Number Kids Engaged
1590,Community Event,2025-06-22,Grand Rapids Pride,E26,Number Kids Engaged
1591,Community Event,2025-06-22,Grand Rapids Pride,E26,Number Kids Engaged
1592,Community Event,2025-06-22,Grand Rapids Pride,E26,Number Kids Engaged
1593,Community Event,2025-06-22,Grand Rapids Pride,E26,Number Kids Engaged
1594,Community Event,2025-06-22,Grand Rapids Pride,E26,Number Kids Engaged
1595,Community Event,2025-06-22,Grand Rapids Pride,E26,Number Kids Engaged
1596,Community Event,2025-06-22,Grand Rapids Pride,E26,Number Kids Engaged
1597,Community Event,2025-06-22,Grand Rapids Pride,E26,Number Kids Engaged
1598,Community Event,2025-06-22,Grand Rapids Pride,E26,Number Kids Engaged
1599,Community Event,2025-06-22,Grand Rapids Pride,E26,Number Kids Engaged
1600,Community Event,2025-06-22,Grand Rapids Pride,E26,Number Kids Engaged
1601,Community Event,2025-06-22,Grand Rapids Pride,E26,Number Kids Engaged
1602,Community Event,2025-06-22,Grand Rapids Pride,E26,Number Kids Engaged
1603,Community Event,2025-06-22,Grand Rapids Pride,E26,Number Kids Engaged
1604,Community Event,2025-06-22,Grand Rapids Pride,E26,Number Kids Engaged
1605,Community Event,2025-06-22,Grand Rapids Pride,E26,Number Kids Engaged
1606,Community Event,2025-06-22,Grand Rapids Pride,E26,Number Kids Engaged
1607,Community Event,2025-06-22,Grand Rapids Pride,E26,Number Kids Engaged
1608,Community Event,2025-06-22,Grand Rapids Pride,E26,Number Kids Engaged
1609,Community Event,2025-06-22,Grand Rapids Pride,E26,Number Kids Engaged
1610,Community Event,2025-06-22,Grand Rapids Pride,E26,Number Kids Engaged
1611,Community Event,2025-06-22,Grand Rapids Pride,E26,Number Kids Engaged
1612,Community Event,2025-06-22,Grand Rapids Pride,E26,Number Kids Engaged
1613,Community Event,2025-06-22,Grand Rapids Pride,E26,Number Kids Engaged
1614,Community Event,2025-06-22,Grand Rapids Pride,E26,Number Kids Engaged
1615,Community Event,2025-06-22,Grand Rapids Pride,E26,Number Kids Engaged
1616,Community Event,2025-06-22,Grand Rapids Pride,E26,Number Kids Engaged
1617,Community Event,2025-06-22,Grand Rapids Pride,E26,Number Kids Engaged
1618,Community Event,2025-06-22,Grand Rapids Pride,E26,Number Kids Engaged
1619,Community Event,2025-06-22,Grand Rapids Pride,E26,Number Kids Engaged
1620,Community Event,2025-06-22,Grand Rapids Pride,E26,Number Kids Engaged
1621,Community Event,2025-06-22,Grand Rapids Pride,E26,Number Kids Engaged
1622,Community Event,2025-06-22,Grand Rapids Pride,E26,Number Kids Engaged
1623,Community Event,2025-06-22,Grand Rapids Pride,E26,Number Kids Engaged
1624,Community Event,2025-06-22,Grand Rapids Pride,E26,Number Kids Engaged
1625,Community Event,2025-06-22,Grand Rapids Pride,E26,Number Kids Engaged
1626,Community Event,2025-06-22,Grand Rapids Pride,E26,Number Kids Engaged
1627,Community Event,2025-06-22,Grand Rapids Pride,E26,Number Kids Engaged
1628,Community Event,2025-06-22,Grand Rapids Pride,E26,Number Kids Engaged
1629,Community Event,2025-06-22,Grand Rapids Pride,E26,Number Kids Engaged
1630,Community Event,2025-06-22,Grand Rapids Pride,E26,Number Kids Engaged
1631,Community Event,2025-06-22,Grand Rapids Pride,E26,Number Kids Engaged
1632,Community Event,2025-06-22,Grand Rapids Pride,E26,Number Kids Engaged
1633,Community Event,2025-06-22,Grand Rapids Pride,E26,Number Kids Engaged
1634,Community Event,2025-06-22,Grand Rapids Pride,E26,Number Kids Engaged
1635,Community Event,2025-06-22,Grand Rapids Pride,E26,Number Kids Engaged
1636,Community Event,2025-06-22,Grand Rapids Pride,E26,Number Kids Engaged
1637,Community Event,2025-06-22,Grand Rapids Pride,E26,Number Kids Engaged
1638,Community Event,2025-06-22,Grand Rapids Pride,E26,Number Kids Engaged
1639,Community Event,2025-06-22,Grand Rapids Pride,E26,Number Kids Engaged
1640,Community Event,2025-06-22,Grand Rapids Pride,E26,Number Kids Engaged
1641,Community Event,2025-06-22,Grand Rapids Pride,E26,Number Kids Engaged
1642,Community Event,2025-06-22,Grand Rapids Pride,E26,Number Kids Engaged
1643,Community Event,2025-06-22,Grand Rapids Pride,E26,Number Kids Engaged
1644,Community Event,2025-06-22,Grand Rapids Pride,E26,Number Kids Engaged
1645,Community Event,2025-06-22,Grand Rapids Pride,E26,Number Kids Engaged
1646,Community Event,2025-06-22,Grand Rapids Pride,E26,Number Kids Engaged
1647,Community Event,2025-06-22,Grand Rapids Pride,E26,Number Kids Engaged
1648,Community Event,2025-06-22,Grand Rapids Pride,E26,Number Kids Engaged
1649,Community Event,2025-06-22,Grand Rapids Pride,E26,Number Kids Engaged
1650,Community Event,2025-06-22,Grand Rapids Pride,E26,Number Kids Engaged
1651,Community Event,2025-06-22,Grand Rapids Pride,E26,Number Kids Engaged
1652,Community Event,2025-06-22,Grand Rapids Pride,E26,Number Kids Engaged
1653,Community Event,2025-06-22,Grand Rapids Pride,E26,Number Kids Engaged
1654,Community Event,2025-06-22,Grand Rapids Pride,E26,Number Kids Engaged
1655,Community Event,2025-06-22,Grand Rapids Pride,E26,Number Kids Engaged
1656,Community Event,2025-06-22,Grand Rapids Pride,E26,Number Kids Engaged
1657,Community Event,2025-06-22,Grand Rapids Pride,E26,Number Kids Engaged
1658,Community Event,2025-06-22,Grand Rapids Pride,E26,Number Kids Engaged
1659,Community Event,2025-06-22,Grand Rapids Pride,E26,Number Kids Engaged
1660,Community Event,2025-06-22,Grand Rapids Pride,E26,Number Kids Engaged
1661,Community Event,2025-06-22,Grand Rapids Pride,E26,Number Kids Engaged
1662,Community Event,2025-06-22,Grand Rapids Pride,E26,Number Kids Engaged
1663,Community Event,2025-06-22,Grand Rapids Pride,E26,Number Kids Engaged
1664,Community Event,2025-06-22,Grand Rapids Pride,E26,Number Kids Engaged
1665,Community Event,2025-06-22,Grand Rapids Pride,E26,Number Kids Engaged
1666,Community Event,2025-06-22,Grand Rapids Pride,E26,Number Kids Engaged
1667,Community Event,2025-06-22,Grand Rapids Pride,E26,Number Kids Engaged
1668,Community Event,2025-06-22,Grand Rapids Pride,E26,Number Kids Engaged
1669,Community Event,2025-06-22,Grand Rapids Pride,E26,Number Kids Engaged
1670,Community Event,2025-06-22,Grand Rapids Pride,E26,Number Kids Engaged
1671,Community Event,2025-06-22,Grand Rapids Pride,E26,Number Kids Engaged
1672,Community Event,2025-06-22,Grand Rapids Pride,E26,Number Kids Engaged
1673,Community Event,2025-06-22,Grand Rapids Pride,E26,Number Kids Engaged
1674,Community Event,2025-06-22,Grand Rapids Pride,E26,Number Kids Engaged
1675,Community Event,2025-06-22,Grand Rapids Pride,E26,Number Kids Engaged
1676,Community Event,2025-06-22,Grand Rapids Pride,E26,Number Kids Engaged
1677,Community Event,2025-06-22,Grand Rapids Pride,E26,Number Kids Engaged
1678,Community Event,2025-06-22,Grand Rapids Pride,E26,Number Kids Engaged
1679,Community Event,2025-06-22,Grand Rapids Pride,E26,Number Kids Engaged
1680,Community Event,2025-06-22,Grand Rapids Pride,E26,Number Kids Engaged
1681,Community Event,2025-06-22,Grand Rapids Pride,E26,Number Kids Engaged
1682,Community Event,2025-06-22,Grand Rapids Pride,E26,Number Kids Engaged
1683,Community Event,2025-06-22,Grand Rapids Pride,E26,Number Kids Engaged
1684,Community Event,2025-06-22,Grand Rapids Pride,E26,Number Kids Engaged
1685,Community Event,2025-06-22,Grand Rapids Pride,E26,Number Kids Engaged
1686,Community Event,2025-06-22,Grand Rapids Pride,E26,Number Kids Engaged
1687,Community Event,2025-06-22,Grand Rapids Pride,E26,Number Kids Engaged
1688,Community Event,2025-06-22,Grand Rapids Pride,E26,Number Kids Engaged
1689,Community Event,2025-06-22,Grand Rapids Pride,E26,Number Kids Engaged
1690,Community Event,2025-06-22,Grand Rapids Pride,E26,Number Kids Engaged
1691,Community Event,2025-06-22,Grand Rapids Pride,E26,Number Kids Engaged
1692,Community Event,2025-06-22,Grand Rapids Pride,E26,Number Kids Engaged
1693,Community Event,2025-06-22,Grand Rapids Pride,E26,Number Kids Engaged
1694,Community Event,2025-06-22,Grand Rapids Pride,E26,Number Kids Engaged
1695,Community Event,2025-06-22,Grand Rapids Pride,E26,Number Kids Engaged
1696,Community Event,2025-06-22,Grand Rapids Pride,E26,Number Kids Engaged
1697,Community Event,2025-06-22,Grand Rapids Pride,E26,Number Kids Engaged
1698,Community Event,2025-06-22,Grand Rapids Pride,E26,Number Kids Engaged
1699,Community Event,2025-06-22,Grand Rapids Pride,E26,Number Kids Engaged
1700,Community Event,2025-06-22,Grand Rapids Pride,E26,Number Kids Engaged
1701,Community Event,2025-06-22,Grand Rapids Pride,E26,Number Kids Engaged
1702,Community Event,2025-06-22,Grand Rapids Pride,E26,Number Kids Engaged
1703,Community Event,2025-06-22,Grand Rapids Pride,E26,Number Kids Engaged
1704,Community Event,2025-06-22,Grand Rapids Pride,E26,Number Kids Engaged
1705,Community Event,2025-06-22,Grand Rapids Pride,E26,Number Kids Engaged
1706,Community Event,2025-06-22,Grand Rapids Pride,E26,Number Kids Engaged
1707,Community Event,2025-06-22,Grand Rapids Pride,E26,Number Kids Engaged
1708,Community Event,2025-06-22,Grand Rapids Pride,E26,Number Kids Engaged
1709,Community Event,2025-06-22,Grand Rapids Pride,E26,Number Kids Engaged
1710,Community Event,2025-06-22,Grand Rapids Pride,E26,Number Kids Engaged
1711,Community Event,2025-06-22,Grand Rapids Pride,E26,Number Kids Engaged
1712,Community Event,2025-06-22,Grand Rapids Pride,E26,Number Kids Engaged
1713,Community Event,2025-06-22,Grand Rapids Pride,E26,Number Kids Engaged
1714,Community Event,2025-06-22,Grand Rapids Pride,E26,Number Kids Engaged
1715,Community Event,2025-06-22,Grand Rapids Pride,E26,Number Kids Engaged
1716,Community Event,2025-06-22,Grand Rapids Pride,E26,Number Kids Engaged
1717,Community Event,2025-06-22,Grand Rapids Pride,E26,Number Kids Engaged
1718,Community Event,2025-06-22,Grand Rapids Pride,E26,Number Kids Engaged
1719,Community Event,2025-06-22,Grand Rapids Pride,E26,Number Adults Engaged
1720,Community Event,2025-06-22,Grand Rapids Pride,E26,Number Adults Engaged
1721,Community Event,2025-06-22,Grand Rapids Pride,E26,Number Adults Engaged
1722,Community Event,2025-06-22,Grand Rapids Pride,E26,Number Adults Engaged
1723,Community Event,2025-06-22,Grand Rapids Pride,E26,Number Adults Engaged
1724,Community Event,2025-06-22,Grand Rapids Pride,E26,Number Adults Engaged
1725,Community Event,2025-06-22,Grand Rapids Pride,E26,Number Adults Engaged
1726,Community Event,2025-06-22,Grand Rapids Pride,E26,Number Adults Engaged
1727,Community Event,2025-06-22,Grand Rapids Pride,E26,Number Adults Engaged
1728,Community Event,2025-06-22,Grand Rapids Pride,E26,Number Adults Engaged
1729,Community Event,2025-06-22,Grand Rapids Pride,E26,Number Adults Engaged
1730,Community Event,2025-06-22,Grand Rapids Pride,E26,Number Adults Engaged
1731,Community Event,2025-06-22,Grand Rapids Pride,E26,Number Adults Engaged
1732,Community Event,2025-06-22,Grand Rapids Pride,E26,Number Adults Engaged
1733,Community Event,2025-06-22,Grand Rapids Pride,E26,Number Adults Engaged
1734,Community Event,2025-06-22,Grand Rapids Pride,E26,Number Adults Engaged
1735,Community Event,2025-06-22,Grand Rapids Pride,E26,Number Adults Engaged
1736,Community Event,2025-06-22,Grand Rapids Pride,E26,Number Adults Engaged
1737,Community Event,2025-06-22,Grand Rapids Pride,E26,Number Adults Engaged
1738,Community Event,2025-06-22,Grand Rapids Pride,E26,Number Adults Engaged
1739,Community Event,2025-06-22,Grand Rapids Pride,E26,Number Adults Engaged
1740,Community Event,2025-06-22,Grand Rapids Pride,E26,Number Adults Engaged
1741,Community Event,2025-06-22,Grand Rapids Pride,E26,Number Adults Engaged
1742,Community Event,2025-06-22,Grand Rapids Pride,E26,Number Adults Engaged
1743,Community Event,2025-06-22,Grand Rapids Pride,E26,Number Adults Engaged
1744,Community Event,2025-06-22,Grand Rapids Pride,E26,Number Adults Engaged
1745,Community Event,2025-06-22,Grand Rapids Pride,E26,Number Adults Engaged
1746,Community Event,2025-06-22,Grand Rapids Pride,E26,Number Adults Engaged
1747,Community Event,2025-06-22,Grand Rapids Pride,E26,Number Adults Engaged
1748,Community Event,2025-06-22,Grand Rapids Pride,E26,Number Adults Engaged
1749,Community Event,2025-06-22,Grand Rapids Pride,E26,Number Adults Engaged
1750,Community Event,2025-06-22,Grand Rapids Pride,E26,Number Adults Engaged
1751,Community Event,2025-06-22,Grand Rapids Pride,E26,Number Adults Engaged
1752,Community Event,2025-06-22,Grand Rapids Pride,E26,Number Adults Engaged
1753,Community Event,2025-06-22,Grand Rapids Pride,E26,Number Adults Engaged
1754,Community Event,2025-06-22,Grand Rapids Pride,E26,Number Adults Engaged
1755,Community Event,2025-06-22,Grand Rapids Pride,E26,Number Adults Engaged
1756,Community Event,2025-06-22,Grand Rapids Pride,E26,Number Adults Engaged
1757,Community Event,2025-06-22,Grand Rapids Pride,E26,Number Adults Engaged
1758,Community Event,2025-06-22,Grand Rapids Pride,E26,Number Adults Engaged
1759,Community Event,2025-06-22,Grand Rapids Pride,E26,Number Adults Engaged
1760,Community Event,2025-06-22,Grand Rapids Pride,E26,Number Adults Engaged
1761,Community Event,2025-06-22,Grand Rapids Pride,E26,Number Adults Engaged
1762,Community Event,2025-06-22,Grand Rapids Pride,E26,Number Adults Engaged
1763,Community Event,2025-06-22,Grand Rapids Pride,E26,Number Adults Engaged
1764,Community Event,2025-06-22,Grand Rapids Pride,E26,Number Adults Engaged
1765,Community Event,2025-06-22,Grand Rapids Pride,E26,Number Adults Engaged
1766,Community Event,2025-06-22,Grand Rapids Pride,E26,Number Adults Engaged
1767,Community Event,2025-06-22,Grand Rapids Pride,E26,Number Adults Engaged
1768,Community Event,2025-06-22,Grand Rapids Pride,E26,Number Adults Engaged
1769,Community Event,2025-06-22,Grand Rapids Pride,E26,Number Adults Engaged
1770,Community Event,2025-06-22,Grand Rapids Pride,E26,Number Adults Engaged
1771,Community Event,2025-06-22,Grand Rapids Pride,E26,Number Adults Engaged
1772,Community Event,2025-06-22,Grand Rapids Pride,E26,Number Adults Engaged
1773,Community Event,2025-06-22,Grand Rapids Pride,E26,Number Adults Engaged
1774,Community Event,2025-06-22,Grand Rapids Pride,E26,Number Adults Engaged
1775,Community Event,2025-06-22,Grand Rapids Pride,E26,Number Adults Engaged
1776,Community Event,2025-06-22,Grand Rapids Pride,E26,Number Adults Engaged
1777,Community Event,2025-06-22,Grand Rapids Pride,E26,Number Adults Engaged
1778,Community Event,2025-06-22,Grand Rapids Pride,E26,Number Adults Engaged
1779,Community Event,2025-06-22,Grand Rapids Pride,E26,Number Adults Engaged
1780,Community Event,2025-06-22,Grand Rapids Pride,E26,Number Adults Engaged
1781,Community Event,2025-06-22,Grand Rapids Pride,E26,Number Adults Engaged
1782,Community Event,2025-06-22,Grand Rapids Pride,E26,Number Adults Engaged
1783,Community Event,2025-06-22,Grand Rapids Pride,E26,Number Adults Engaged
1784,Community Event,2025-06-22,Grand Rapids Pride,E26,Number Adults Engaged
1785,Community Event,2025-06-22,Grand Rapids Pride,E26,Number Adults Engaged
1786,Community Event,2025-06-22,Grand Rapids Pride,E26,Number Adults Engaged
1787,Community Event,2025-06-22,Grand Rapids Pride,E26,Number Adults Engaged
1788,Community Event,2025-06-22,Grand Rapids Pride,E26,Number Adults Engaged
1789,Community Event,2025-06-22,Grand Rapids Pride,E26,Number Adults Engaged
1790,Community Event,2025-06-22,Grand Rapids Pride,E26,Number Adults Engaged
1791,Community Event,2025-06-22,Grand Rapids Pride,E26,Number Adults Engaged
1792,Community Event,2025-06-22,Grand Rapids Pride,E26,Number Adults Engaged
1793,Community Event,2025-06-22,Grand Rapids Pride,E26,Number Adults Engaged
1794,Community Event,2025-06-22,Grand Rapids Pride,E26,Number Adults Engaged
1795,Community Event,2025-06-22,Grand Rapids Pride,E26,Number Adults Engaged
1796,Community Event,2025-06-22,Grand Rapids Pride,E26,Number Adults Engaged
1797,Community Event,2025-06-22,Grand Rapids Pride,E26,Number Adults Engaged
1798,Community Event,2025-06-22,Grand Rapids Pride,E26,Number Adults Engaged
1799,Community Event,2025-06-22,Grand Rapids Pride,E26,Number Adults Engaged
1800,Community Event,2025-06-22,Grand Rapids Pride,E26,Number Adults Engaged
1801,Community Event,2025-06-22,Grand Rapids Pride,E26,Number Adults Engaged
1802,Community Event,2025-06-22,Grand Rapids Pride,E26,Number Adults Engaged
1803,Community Event,2025-06-22,Grand Rapids Pride,E26,Number Adults Engaged
1804,Community Event,2025-06-22,Grand Rapids Pride,E26,Number Adults Engaged
1805,Community Event,2025-06-22,Grand Rapids Pride,E26,Number Adults Engaged
1806,Community Event,2025-06-22,Grand Rapids Pride,E26,Number Adults Engaged
1807,Community Event,2025-06-22,Grand Rapids Pride,E26,Number Adults Engaged
1808,Community Event,2025-06-22,Grand Rapids Pride,E26,Number Adults Engaged
1809,Community Event,2025-06-22,Grand Rapids Pride,E26,Number Adults Engaged
1810,Community Event,2025-06-22,Grand Rapids Pride,E26,Number Adults Engaged
1811,Community Event,2025-06-22,Grand Rapids Pride,E26,Number Adults Engaged
1812,Community Event,2025-06-22,Grand Rapids Pride,E26,Number Adults Engaged
1813,Community Event,2025-06-22,Grand Rapids Pride,E26,Number Adults Engaged
1814,Community Event,2025-06-22,Grand Rapids Pride,E26,Number Adults Engaged
1815,Community Event,2025-06-22,Grand Rapids Pride,E26,Number Adults Engaged
1816,Community Event,2025-06-22,Grand Rapids Pride,E26,Number Adults Engaged
1817,Community Event,2025-06-22,Grand Rapids Pride,E26,Number Adults Engaged
1818,Community Event,2025-06-22,Grand Rapids Pride,E26,Number Adults Engaged
1819,Community Event,2025-06-22,Grand Rapids Pride,E26,Number Adults Engaged
1820,Community Event,2025-06-22,Grand Rapids Pride,E26,Number Adults Engaged
1821,Community Event,2025-06-22,Grand Rapids Pride,E26,Number Adults Engaged
1822,Community Event,2025-06-22,Grand Rapids Pride,E26,Number Adults Engaged
1823,Community Event,2025-06-22,Grand Rapids Pride,E26,Number Adults Engaged
1824,Community Event,2025-06-22,Grand Rapids Pride,E26,Number Adults Engaged
1825,Community Event,2025-06-22,Grand Rapids Pride,E26,Number Adults Engaged
1826,Community Event,2025-06-22,Grand Rapids Pride,E26,Number Adults Engaged
1827,Community Event,2025-06-22,Grand Rapids Pride,E26,Number Adults Engaged
1828,Community Event,2025-06-22,Grand Rapids Pride,E26,Number Adults Engaged
1829,Community Event,2025-06-22,Grand Rapids Pride,E26,Number Adults Engaged
1830,Community Event,2025-06-22,Grand Rapids Pride,E26,Number Adults Engaged
1831,Community Event,2025-06-22,Grand Rapids Pride,E26,Number Adults Engaged
1832,Community Event,2025-06-22,Grand Rapids Pride,E26,Number Adults Engaged
1833,Community Event,2025-06-22,Grand Rapids Pride,E26,Number Adults Engaged
1834,Community Event,2025-06-22,Grand Rapids Pride,E26,Number Adults Engaged
1835,Community Event,2025-06-22,Grand Rapids Pride,E26,Number Adults Engaged
1836,Community Event,2025-06-22,Grand Rapids Pride,E26,Number Adults Engaged
1837,Community Event,2025-06-22,Grand Rapids Pride,E26,Number Adults Engaged
1838,Community Event,2025-06-22,Grand Rapids Pride,E26,Number Adults Engaged
1839,Community Event,2025-06-22,Grand Rapids Pride,E26,Number Adults Engaged
1840,Community Event,2025-06-22,Grand Rapids Pride,E26,Number Adults Engaged
1841,Community Event,2025-06-22,Grand Rapids Pride,E26,Number Adults Engaged
1842,Community Event,2025-06-22,Grand Rapids Pride,E26,Number Adults Engaged
1843,Community Event,2025-06-22,Grand Rapids Pride,E26,Number Adults Engaged
1844,Community Event,2025-06-22,Grand Rapids Pride,E26,Number Adults Engaged
1845,Community Event,2025-06-22,Grand Rapids Pride,E26,Number Adults Engaged
1846,Community Event,2025-06-22,Grand Rapids Pride,E26,Number Adults Engaged
1847,Community Event,2025-06-22,Grand Rapids Pride,E26,Number Adults Engaged
1848,Community Event,2025-06-22,Grand Rapids Pride,E26,Number Adults Engaged
1849,Community Event,2025-06-22,Grand Rapids Pride,E26,Number Adults Engaged
1850,Community Event,2025-06-22,Grand Rapids Pride,E26,Number Adults Engaged
1851,Community Event,2025-06-22,Grand Rapids Pride,E26,Number Adults Engaged
1852,Community Event,2025-06-22,Grand Rapids Pride,E26,Number Adults Engaged
1853,Community Event,2025-06-22,Grand Rapids Pride,E26,Number Adults Engaged
1854,Community Event,2025-06-22,Grand Rapids Pride,E26,Number Adults Engaged
1855,Community Event,2025-06-22,Grand Rapids Pride,E26,Number Adults Engaged
1856,Community Event,2025-06-22,Grand Rapids Pride,E26,Number Adults Engaged
1857,Community Event,2025-06-22,Grand Rapids Pride,E26,Number Adults Engaged
1858,Community Event,2025-06-22,Grand Rapids Pride,E26,Number Adults Engaged
1859,Community Event,2025-06-22,Grand Rapids Pride,E26,Number Adults Engaged
1860,Community Event,2025-06-22,Grand Rapids Pride,E26,Number Adults Engaged
1861,Community Event,2025-06-22,Grand Rapids Pride,E26,Number Adults Engaged
1862,Community Event,2025-06-22,Grand Rapids Pride,E26,Number Adults Engaged
1863,Community Event,2025-06-22,Grand Rapids Pride,E26,Number Adults Engaged
1864,Community Event,2025-06-22,Grand Rapids Pride,E26,Number Adults Engaged
1865,Community Event,2025-06-22,Grand Rapids Pride,E26,Number Adults Engaged
1866,Community Event,2025-06-22,Grand Rapids Pride,E26,Number Adults Engaged
1867,Community Event,2025-06-22,Grand Rapids Pride,E26,Number Adults Engaged
1868,Community Event,2025-06-22,Grand Rapids Pride,E26,Number Adults Engaged
1869,Community Event,2025-06-22,Grand Rapids Pride,E26,Number Adults Engaged
1870,Community Event,2025-06-22,Grand Rapids Pride,E26,Number Adults Engaged
1871,Community Event,2025-06-22,Grand Rapids Pride,E26,Number Adults Engaged
1872,Community Event,2025-06-22,Grand Rapids Pride,E26,Number Adults Engaged
1873,Community Event,2025-06-22,Grand Rapids Pride,E26,Number Adults Engaged
1874,Community Event,2025-06-22,Grand Rapids Pride,E26,Number Adults Engaged
1875,Community Event,2025-06-22,Grand Rapids Pride,E26,Number Adults Engaged
1876,Community Event,2025-06-22,Grand Rapids Pride,E26,Number Adults Engaged
1877,Community Event,2025-06-22,Grand Rapids Pride,E26,Number Adults Engaged
1878,Community Event,2025-06-22,Grand Rapids Pride,E26,Number Adults Engaged
1879,Community Event,2025-06-22,Grand Rapids Pride,E26,Number Adults Engaged
1880,Community Event,2025-06-22,Grand Rapids Pride,E26,Number Adults Engaged
1881,Community Event,2025-06-22,Grand Rapids Pride,E26,Number Adults Engaged
1882,Community Event,2025-06-22,Grand Rapids Pride,E26,Number Adults Engaged
1883,Community Event,2025-06-22,Grand Rapids Pride,E26,Number Adults Engaged
1884,Community Event,2025-06-22,Grand Rapids Pride,E26,Number Adults Engaged
1885,Community Event,2025-06-22,Grand Rapids Pride,E26,Number Adults Engaged
1886,Community Event,2025-06-22,Grand Rapids Pride,E26,Number Adults Engaged
1887,Community Event,2025-06-22,Grand Rapids Pride,E26,Number Adults Engaged
1888,Community Event,2025-06-22,Grand Rapids Pride,E26,Number Adults Engaged
1889,Community Event,2025-06-22,Grand Rapids Pride,E26,Number Adults Engaged
1890,Community Event,2025-06-22,Grand Rapids Pride,E26,Number Adults Engaged
1891,Community Event,2025-06-22,Grand Rapids Pride,E26,Number Adults Engaged
1892,Community Event,2025-06-22,Grand Rapids Pride,E26,Number Adults Engaged
1893,Community Event,2025-06-22,Grand Rapids Pride,E26,Number Adults Engaged
1894,Community Event,2025-06-22,Grand Rapids Pride,E26,Number Adults Engaged
1895,Community Event,2025-06-22,Grand Rapids Pride,E26,Number Adults Engaged
1896,Community Event,2025-06-22,Grand Rapids Pride,E26,Number Adults Engaged
1897,Community Event,2025-06-22,Grand Rapids Pride,E26,Number Adults Engaged
1898,Community Event,2025-06-22,Grand Rapids Pride,E26,Number Adults Engaged
1899,Community Event,2025-06-22,Grand Rapids Pride,E26,Number Adults Engaged
1900,Community Event,2025-06-22,Grand Rapids Pride,E26,Number Adults Engaged
1901,Community Event,2025-06-22,Grand Rapids Pride,E26,Number Adults Engaged
1902,Community Event,2025-06-22,Grand Rapids Pride,E26,Number Adults Engaged
1903,Community Event,2025-06-22,Grand Rapids Pride,E26,Number Adults Engaged
1904,Community Event,2025-06-22,Grand Rapids Pride,E26,Number Adults Engaged
1905,Community Event,2025-06-22,Grand Rapids Pride,E26,Number Adults Engaged
1906,Community Event,2025-06-22,Grand Rapids Pride,E26,Number Adults Engaged
1907,Community Event,2025-06-22,Grand Rapids Pride,E26,Number Adults Engaged
1908,Community Event,2025-06-22,Grand Rapids Pride,E26,Number Adults Engaged
1909,Community Event,2025-06-22,Grand Rapids Pride,E26,Number Adults Engaged
1910,Community Event,2025-06-22,Grand Rapids Pride,E26,Number Adults Engaged
1911,Community Event,2025-06-22,Grand Rapids Pride,E26,Number Adults Engaged
1912,Community Event,2025-06-22,Grand Rapids Pride,E26,Number Adults Engaged
1913,Community Event,2025-06-22,Grand Rapids Pride,E26,Number Adults Engaged
1914,Community Event,2025-06-22,Grand Rapids Pride,E26,Number Adults Engaged
1915,Community Event,2025-06-22,Grand Rapids Pride,E26,Number Adults Engaged
1916,Community Event,2025-06-22,Grand Rapids Pride,E26,Number Adults Engaged
1917,Community Event,2025-06-22,Grand Rapids Pride,E26,Number Adults Engaged
1918,Community Event,2025-06-22,Grand Rapids Pride,E26,Number Adults Engaged
1919,Community Event,2025-06-22,Grand Rapids Pride,E26,Number Adults Engaged
1920,Community Event,2025-06-22,Grand Rapids Pride,E26,Number Adults Engaged
1921,Community Event,2025-06-22,Grand Rapids Pride,E26,Number Adults Engaged
1922,Community Event,2025-06-22,Grand Rapids Pride,E26,Number Adults Engaged
1923,Community Event,2025-06-22,Grand Rapids Pride,E26,Number Adults Engaged
1924,Community Event,2025-06-22,Grand Rapids Pride,E26,Number Adults Engaged
1925,Community Event,2025-06-22,Grand Rapids Pride,E26,Number Adults Engaged
1926,Community Event,2025-06-22,Grand Rapids Pride,E26,Number Adults Engaged
1927,Community Event,2025-06-22,Grand Rapids Pride,E26,Number Adults Engaged
1928,Community Event,2025-06-22,Grand Rapids Pride,E26,Number Adults Engaged
1929,Community Event,2025-06-22,Grand Rapids Pride,E26,Number Adults Engaged
1930,Community Event,2025-06-22,Grand Rapids Pride,E26,Number Adults Engaged
1931,Community Event,2025-06-22,Grand Rapids Pride,E26,Number Adults Engaged
1932,Community Event,2025-06-22,Grand Rapids Pride,E26,Number Adults Engaged
1933,Community Event,2025-06-22,Grand Rapids Pride,E26,Number Adults Engaged
1934,Community Event,2025-06-22,Grand Rapids Pride,E26,Number Adults Engaged
1935,Community Event,2025-06-22,Grand Rapids Pride,E26,Number Adults Engaged
1936,Community Event,2025-06-22,Grand Rapids Pride,E26,Number Adults Engaged
1937,Community Event,2025-06-22,Grand Rapids Pride,E26,Number Adults Engaged
1938,Community Event,2025-06-22,Grand Rapids Pride,E26,Number Adults Engaged
1939,Community Event,2025-06-22,Grand Rapids Pride,E26,Number Adults Engaged
1940,Community Event,2025-06-22,Grand Rapids Pride,E26,Number Adults Engaged
1941,Community Event,2025-06-22,Grand Rapids Pride,E26,Number Adults Engaged
1942,Community Event,2025-06-22,Grand Rapids Pride,E26,Number Adults Engaged
1943,Community Event,2025-06-22,Grand Rapids Pride,E26,Number Adults Engaged
1944,Community Event,2025-06-22,Grand Rapids Pride,E26,Number Adults Engaged
1945,Community Event,2025-06-22,Grand Rapids Pride,E26,Number Adults Engaged
1946,Community Event,2025-06-22,Grand Rapids Pride,E26,Number Adults Engaged
1947,Community Event,2025-06-22,Grand Rapids Pride,E26,Number Adults Engaged
1948,Community Event,2025-06-22,Grand Rapids Pride,E26,Number Adults Engaged
1949,Community Event,2025-06-22,Grand Rapids Pride,E26,Number Adults Engaged
1950,Community Event,2025-06-22,Grand Rapids Pride,E26,Number Adults Engaged
1951,Community Event,2025-06-22,Grand Rapids Pride,E26,Number Adults Engaged
1952,Community Event,2025-06-22,Grand Rapids Pride,E26,Number Adults Engaged
1953,Community Event,2025-06-22,Grand Rapids Pride,E26,Number Adults Engaged
1954,Community Event,2025-06-22,Grand Rapids Pride,E26,Number Adults Engaged
1955,Community Event,2025-06-22,Grand Rapids Pride,E26,Number Adults Engaged
1956,Community Event,2025-06-22,Grand Rapids Pride,E26,Number Adults Engaged
1957,Community Event,2025-06-22,Grand Rapids Pride,E26,Number Adults Engaged
1958,Community Event,2025-06-22,Grand Rapids Pride,E26,Number Adults Engaged
1959,Community Event,2025-06-22,Grand Rapids Pride,E26,Number Adults Engaged
1960,Community Event,2025-06-22,Grand Rapids Pride,E26,Number Adults Engaged
1961,Community Event,2025-06-22,Grand Rapids Pride,E26,Number Adults Engaged
1962,Community Event,2025-06-22,Grand Rapids Pride,E26,Number Adults Engaged
1963,Community Event,2025-06-22,Grand Rapids Pride,E26,Number Adults Engaged
1964,Community Event,2025-06-22,Grand Rapids Pride,E26,Number Adults Engaged
1965,Community Event,2025-06-22,Grand Rapids Pride,E26,Number Adults Engaged
1966,Community Event,2025-06-22,Grand Rapids Pride,E26,Number Adults Engaged
1967,Community Event,2025-06-22,Grand Rapids Pride,E26,Number Adults Engaged
1968,Community Event,2025-06-22,Grand Rapids Pride,E26,Number Adults Engaged
1969,Community Event,2025-06-22,Grand Rapids Pride,E26,Number Adults Engaged
1970,Community Event,2025-06-22,Grand Rapids Pride,E26,Number Adults Engaged
1971,Community Event,2025-06-22,Grand Rapids Pride,E26,Number Adults Engaged
1972,Community Event,2025-06-22,Grand Rapids Pride,E26,Number Adults Engaged
1973,Community Event,2025-06-22,Grand Rapids Pride,E26,Number Adults Engaged
1974,Community Event,2025-06-22,Grand Rapids Pride,E26,Number Adults Engaged
1975,Community Event,2025-06-22,Grand Rapids Pride,E26,Number Adults Engaged
1976,Community Event,2025-06-22,Grand Rapids Pride,E26,Number Adults Engaged
1977,Community Event,2025-06-22,Grand Rapids Pride,E26,Number Adults Engaged
1978,Community Event,2025-06-22,Grand Rapids Pride,E26,Number Adults Engaged
1979,Community Event,2025-06-22,Grand Rapids Pride,E26,Number Adults Engaged
1980,Community Event,2025-06-22,Grand Rapids Pride,E26,Number Adults Engaged
1981,Community Event,2025-06-22,Grand Rapids Pride,E26,Number Adults Engaged
1982,Community Event,2025-06-22,Grand Rapids Pride,E26,Number Adults Engaged
1983,Community Event,2025-06-22,Grand Rapids Pride,E26,Number Adults Engaged
1984,Community Event,2025-06-22,Grand Rapids Pride,E26,Number Adults Engaged
1985,Community Event,2025-06-22,Grand Rapids Pride,E26,Number Adults Engaged
1986,Community Event,2025-06-22,Grand Rapids Pride,E26,Number Adults Engaged
1987,Community Event,2025-06-22,Grand Rapids Pride,E26,Number Adults Engaged
1988,Community Event,2025-06-22,Grand Rapids Pride,E26,Number Adults Engaged
1989,Community Event,2025-06-22,Grand Rapids Pride,E26,Number Adults Engaged
1990,Community Event,2025-06-22,Grand Rapids Pride,E26,Number Adults Engaged
1991,Community Event,2025-06-22,Grand Rapids Pride,E26,Number Adults Engaged
1992,Community Event,2025-06-22,Grand Rapids Pride,E26,Number Adults Engaged
1993,Community Event,2025-06-22,Grand Rapids Pride,E26,Number Adults Engaged
1994,Community Event,2025-06-22,Grand Rapids Pride,E26,Number Adults Engaged
1995,Community Event,2025-06-22,Grand Rapids Pride,E26,Number Adults Engaged
1996,Community Event,2025-06-22,Grand Rapids Pride,E26,Number Adults Engaged
1997,Community Event,2025-06-22,Grand Rapids Pride,E26,Number Adults Engaged
1998,Community Event,2025-06-22,Grand Rapids Pride,E26,Number Adults Engaged
1999,Community Event,2025-06-22,Grand Rapids Pride,E26,Number Adults Engaged
2000,Community Event,2025-06-22,Grand Rapids Pride,E26,Number Adults Engaged
2001,Community Event,2025-06-22,Grand Rapids Pride,E26,Number Adults Engaged
2002,Community Event,2025-06-22,Grand Rapids Pride,E26,Number Adults Engaged
2003,Community Event,2025-06-22,Grand Rapids Pride,E26,Number Adults Engaged
2004,Community Event,2025-06-22,Grand Rapids Pride,E26,Number Adults Engaged
2005,Community Event,2025-06-22,Grand Rapids Pride,E26,Number Adults Engaged
2006,Community Event,2025-06-22,Grand Rapids Pride,E26,Number Adults Engaged
2007,Community Event,2025-06-22,Grand Rapids Pride,E26,Number Adults Engaged
2008,Community Event,2025-06-22,Grand Rapids Pride,E26,Number Adults Engaged
2009,Community Event,2025-06-22,Grand Rapids Pride,E26,Number Adults Engaged
2010,Community Event,2025-06-22,Grand Rapids Pride,E26,Number Adults Engaged
2011,Community Event,2025-06-22,Grand Rapids Pride,E26,Number Adults Engaged
2012,Community Event,2025-06-22,Grand Rapids Pride,E26,Number Adults Engaged
2013,Community Event,2025-06-22,Grand Rapids Pride,E26,Number Adults Engaged
2014,Community Event,2025-06-22,Grand Rapids Pride,E26,Number Adults Engaged
2015,Community Event,2025-06-22,Grand Rapids Pride,E26,Number Adults Engaged
2016,Community Event,2025-06-22,Grand Rapids Pride,E26,Number Adults Engaged
2017,Community Event,2025-06-22,Grand Rapids Pride,E26,Number Adults Engaged
2018,Community Event,2025-06-22,Grand Rapids Pride,E26,Number Adults Engaged
2019,Community Event,2025-06-22,Grand Rapids Pride,E26,Number Adults Engaged
2020,Community Event,2025-06-22,Grand Rapids Pride,E26,Number Adults Engaged
2021,Community Event,2025-06-22,Grand Rapids Pride,E26,Number Adults Engaged
2022,Community Event,2025-06-22,Grand Rapids Pride,E26,Number Adults Engaged
2023,Community Event,2025-06-22,Grand Rapids Pride,E26,Number Adults Engaged
2024,Community Event,2025-06-22,Grand Rapids Pride,E26,Number Adults Engaged
2025,Community Event,2025-06-22,Grand Rapids Pride,E26,Number Adults Engaged
2026,Community Event,2025-06-22,Grand Rapids Pride,E26,Number Adults Engaged
2027,Community Event,2025-06-22,Grand Rapids Pride,E26,Number Adults Engaged
2028,Community Event,2025-06-22,Grand Rapids Pride,E26,Number Adults Engaged
2029,Community Event,2025-06-22,Grand Rapids Pride,E26,Number Adults Engaged
2030,Community Event,2025-06-22,Grand Rapids Pride,E26,Number Adults Engaged
2031,Community Event,2025-06-22,Grand Rapids Pride,E26,Number Adults Engaged
2032,Community Event,2025-06-22,Grand Rapids Pride,E26,Number Adults Engaged
2033,Community Event,2025-06-22,Grand Rapids Pride,E26,Number Adults Engaged
2034,Community Event,2025-06-22,Grand Rapids Pride,E26,Number Adults Engaged
2035,Community Event,2025-06-22,Grand Rapids Pride,E26,Number Adults Engaged
2036,Community Event,2025-06-22,Grand Rapids Pride,E26,Number Adults Engaged
2037,Community Event,2025-06-22,Grand Rapids Pride,E26,Number Adults Engaged
2038,Community Event,2025-06-22,Grand Rapids Pride,E26,Number Adults Engaged
2039,Community Event,2025-06-22,Grand Rapids Pride,E26,Number Adults Engaged
2040,Community Event,2025-06-22,Grand Rapids Pride,E26,Number Adults Engaged
2041,Community Event,2025-06-22,Grand Rapids Pride,E26,Number Adults Engaged
2042,Community Event,2025-06-22,Grand Rapids Pride,E26,Number Adults Engaged
2043,Community Event,2025-06-22,Grand Rapids Pride,E26,Number Adults Engaged
2044,Community Event,2025-06-22,Grand Rapids Pride,E26,Number Adults Engaged
2045,Community Event,2025-06-22,Grand Rapids Pride,E26,Number Adults Engaged
2046,Community Event,2025-06-22,Grand Rapids Pride,E26,Number Adults Engaged
2047,Community Event,2025-06-22,Grand Rapids Pride,E26,Number Adults Engaged
2048,Community Event,2025-06-22,Grand Rapids Pride,E26,Number Adults Engaged
2049,Community Event,2025-06-22,Grand Rapids Pride,E26,Number Adults Engaged
2050,Community Event,2025-06-22,Grand Rapids Pride,E26,Number Adults Engaged
2051,Community Event,2025-06-22,Grand Rapids Pride,E26,Number Adults Engaged
2052,Community Event,2025-06-22,Grand Rapids Pride,E26,Number Adults Engaged
2053,Community Event,2025-06-22,Grand Rapids Pride,E26,Number Adults Engaged
2054,Community Event,2025-06-22,Grand Rapids Pride,E26,Number Adults Engaged
2055,Community Event,2025-06-22,Grand Rapids Pride,E26,Number Adults Engaged
2056,Community Event,2025-06-22,Grand Rapids Pride,E26,Number Adults Engaged
2057,Community Event,2025-06-22,Grand Rapids Pride,E26,Number Adults Engaged
2058,Community Event,2025-06-22,Grand Rapids Pride,E26,Number Adults Engaged
2059,Community Event,2025-06-22,Grand Rapids Pride,E26,Number Adults Engaged
2060,Community Event,2025-06-22,Grand Rapids Pride,E26,Number Adults Engaged
2061,Community Event,2025-06-22,Grand Rapids Pride,E26,Number Adults Engaged
2062,Community Event,2025-06-22,Grand Rapids Pride,E26,Number Adults Engaged
2063,Community Event,2025-06-22,Grand Rapids Pride,E26,Number Adults Engaged
2064,Community Event,2025-06-22,Grand Rapids Pride,E26,Number Adults Engaged
2065,Community Event,2025-06-22,Grand Rapids Pride,E26,Number Adults Engaged
2066,Community Event,2025-06-22,Grand Rapids Pride,E26,Number Adults Engaged
2067,Community Event,2025-06-22,Grand Rapids Pride,E26,Number Adults Engaged
2068,Community Event,2025-06-22,Grand Rapids Pride,E26,Number Adults Engaged
2069,Community Event,2025-06-22,Grand Rapids Pride,E26,Number Adults Engaged
2070,Community Event,2025-06-22,Grand Rapids Pride,E26,Number Adults Engaged
2071,Community Event,2025-06-22,Grand Rapids Pride,E26,Number Adults Engaged
2072,Community Event,2025-06-22,Grand Rapids Pride,E26,Number Adults Engaged
2073,Community Event,2025-06-22,Grand Rapids Pride,E26,Number Adults Engaged
2074,Community Event,2025-06-22,Grand Rapids Pride,E26,Number Adults Engaged
2075,Community Event,2025-06-22,Grand Rapids Pride,E26,Number Adults Engaged
2076,Community Event,2025-06-22,Grand Rapids Pride,E26,Number Adults Engaged
2077,Community Event,2025-06-22,Grand Rapids Pride,E26,Number Adults Engaged
2078,Community Event,2025-06-22,Grand Rapids Pride,E26,Number Adults Engaged
2079,Community Event,2025-06-22,Grand Rapids Pride,E26,Number Adults Engaged
2080,Community Event,2025-06-22,Grand Rapids Pride,E26,Number Adults Engaged
2081,Community Event,2025-06-22,Grand Rapids Pride,E26,Number Adults Engaged
2082,Community Event,2025-06-22,Grand Rapids Pride,E26,Number Adults Engaged
2083,Community Event,2025-06-22,Grand Rapids Pride,E26,Number Adults Engaged
2084,Community Event,2025-06-22,Grand Rapids Pride,E26,Number Adults Engaged
2085,Community Event,2025-06-22,Grand Rapids Pride,E26,Number Adults Engaged
2086,Community Event,2025-06-22,Grand Rapids Pride,E26,Number Adults Engaged
2087,Community Event,2025-06-22,Grand Rapids Pride,E26,Number Adults Engaged
2088,Community Event,2025-06-22,Grand Rapids Pride,E26,Number Adults Engaged
2089,Community Event,2025-06-22,Grand Rapids Pride,E26,Number Adults Engaged
2090,Community Event,2025-06-22,Grand Rapids Pride,E26,Number Adults Engaged
2091,Community Event,2025-06-22,Grand Rapids Pride,E26,Number Adults Engaged
2092,Community Event,2025-06-22,Grand Rapids Pride,E26,Number Adults Engaged
2093,Community Event,2025-06-22,Grand Rapids Pride,E26,Number Adults Engaged
2094,Community Event,2025-06-22,Grand Rapids Pride,E26,Number Adults Engaged
2095,Community Event,2025-06-22,Grand Rapids Pride,E26,Number Adults Engaged
2096,Community Event,2025-06-22,Grand Rapids Pride,E26,Number Adults Engaged
2097,Community Event,2025-06-22,Grand Rapids Pride,E26,Number Adults Engaged
2098,Community Event,2025-06-22,Grand Rapids Pride,E26,Number Adults Engaged
2099,Community Event,2025-06-22,Grand Rapids Pride,E26,Number Adults Engaged
2100,Community Event,2025-06-22,Grand Rapids Pride,E26,Number Adults Engaged
2101,Community Event,2025-06-22,Grand Rapids Pride,E26,Number Adults Engaged
2102,Community Event,2025-06-22,Grand Rapids Pride,E26,Number Adults Engaged
2103,Community Event,2025-06-22,Grand Rapids Pride,E26,Number Adults Engaged
2104,Community Event,2025-06-22,Grand Rapids Pride,E26,Number Adults Engaged
2105,Community Event,2025-06-22,Grand Rapids Pride,E26,Nursing
2106,Community Event,2025-06-22,Grand Rapids Pride,E26,Nursing
2107,Community Event,2025-06-22,Grand Rapids Pride,E26,Nursing
2108,Community Event,2025-06-22,Grand Rapids Pride,E26,Changing
2109,Community Event,2025-06-22,Grand Rapids Pride,E26,Changing
2110,Community Event,2025-06-22,Grand Rapids Pride,E26,Changing
2111,Community Event,2025-06-22,Grand Rapids Pride,E26,Changing
2112,Community Event,2025-06-22,Grand Rapids Pride,E26,Changing
2113,Community Event,2025-06-22,Grand Rapids Pride,E26,Changing
2114,Community Event,2025-06-22,Grand Rapids Pride,E26,Changing
2115,Community Event,2025-06-22,Grand Rapids Pride,E26,Changing
2116,Community Event,2025-06-22,Grand Rapids Pride,E26,Changing
2117,Community Event,2025-06-22,Grand Rapids Pride,E26,Changing
2118,Community Event,2025-06-22,Grand Rapids Pride,E26,Changing
2119,Community Event,2025-06-22,Grand Rapids Pride,E26,Changing
2120,Community Event,2025-06-22,Grand Rapids Pride,E26,NN Adult Engaged
2121,Community Event,2025-06-22,Grand Rapids Pride,E26,NN Adult Engaged
2122,Community Event,2025-06-22,Grand Rapids Pride,E26,NN Adult Engaged
2123,Community Event,2025-06-22,Grand Rapids Pride,E26,NN Adult Engaged
2124,Community Event,2025-06-22,Grand Rapids Pride,E26,NN Adult Engaged
2125,Community Event,2025-06-22,Grand Rapids Pride,E26,NN Adult Engaged
2126,Community Event,2025-06-22,Grand Rapids Pride,E26,NN Adult Engaged
2127,Community Event,2025-06-22,Grand Rapids Pride,E26,NN Adult Engaged
2128,Community Event,2025-06-22,Grand Rapids Pride,E26,NN Adult Engaged
2129,Community Event,2025-06-22,Grand Rapids Pride,E26,NN Adult Engaged
2130,Community Event,2025-06-22,Grand Rapids Pride,E26,NN Adult Engaged
2131,Community Event,2025-06-22,Grand Rapids Pride,E26,NN Adult Engaged
2132,Community Event,2025-06-22,Grand Rapids Pride,E26,NN Adult Engaged
2133,Community Event,2025-06-22,Grand Rapids Pride,E26,NN Adult Engaged
2134,Community Event,2025-06-22,Grand Rapids Pride,E26,NN Adult Engaged
2135,Community Event,2025-06-22,Grand Rapids Pride,E26,NN Adult Engaged
2136,Community Event,2025-06-22,Grand Rapids Pride,E26,NN Adult Engaged
2137,Community Event,2025-06-22,Grand Rapids Pride,E26,NN Adult Engaged
2138,Community Event,2025-06-22,Grand Rapids Pride,E26,NN Adult Engaged
2139,Community Event,2025-06-22,Grand Rapids Pride,E26,NN Adult Engaged
2140,Community Event,2025-06-22,Grand Rapids Pride,E26,NN Adult Engaged
2141,Community Event,2025-06-22,Grand Rapids Pride,E26,NN Adult Engaged
2142,Community Event,2025-06-22,Grand Rapids Pride,E26,NN Adult Engaged
2143,Community Event,2025-06-22,Grand Rapids Pride,E26,NN Adult Engaged
2144,Community Event,2025-06-22,Grand Rapids Pride,E26,NN Adult Engaged
2145,Community Event,2025-06-22,Grand Rapids Pride,E26,NN Adult Engaged
2146,Community Event,2025-06-22,Grand Rapids Pride,E26,NN Adult Engaged
2147,Community Event,2025-06-22,Grand Rapids Pride,E26,NN Adult Engaged
2148,Community Event,2025-06-22,Grand Rapids Pride,E26,NN Adult Engaged
2149,Community Event,2025-06-22,Grand Rapids Pride,E26,NN Adult Engaged
2150,Community Event,2025-06-22,Grand Rapids Pride,E26,NN Adult Engaged
2151,Community Event,2025-06-22,Grand Rapids Pride,E26,NN Adult Engaged
2152,Community Event,2025-06-22,Grand Rapids Pride,E26,NN Adult Engaged
2153,Community Event,2025-06-22,Grand Rapids Pride,E26,NN Adult Engaged
2154,Community Event,2025-06-22,Grand Rapids Pride,E26,NN Adult Engaged
2155,Community Event,2025-06-22,Grand Rapids Pride,E26,NN Adult Engaged
2156,Community Event,2025-06-22,Grand Rapids Pride,E26,NN Adult Engaged
2157,Community Event,2025-06-22,Grand Rapids Pride,E26,NN Adult Engaged
2158,Community Event,2025-06-22,Grand Rapids Pride,E26,NN Adult Engaged
2159,Community Event,2025-06-22,Grand Rapids Pride,E26,NN Adult Engaged
2160,Community Event,2025-06-22,Grand Rapids Pride,E26,NN Adult Engaged
2161,Community Event,2025-06-22,Grand Rapids Pride,E26,NN Adult Engaged
2162,Community Event,2025-06-22,Grand Rapids Pride,E26,NN Adult Engaged
2163,Community Event,2025-06-22,Grand Rapids Pride,E26,NN Adult Engaged
2164,Community Event,2025-06-22,Grand Rapids Pride,E26,NN Adult Engaged
2165,Community Event,2025-06-22,Grand Rapids Pride,E26,NN Adult Engaged
2166,Community Event,2025-06-22,Grand Rapids Pride,E26,NN Adult Engaged
2167,Community Event,2025-06-22,Grand Rapids Pride,E26,NN Adult Engaged
2168,Community Event,2025-06-22,Grand Rapids Pride,E26,NN Adult Engaged
2169,Community Event,2025-06-22,Grand Rapids Pride,E26,NN Adult Engaged
2170,Community Event,2025-06-22,Grand Rapids Pride,E26,NN Adult Engaged
2171,Community Event,2025-06-22,Grand Rapids Pride,E26,NN Adult Engaged
2172,Community Event,2025-06-22,Grand Rapids Pride,E26,NN Adult Engaged
2173,Community Event,2025-06-22,Grand Rapids Pride,E26,NN Adult Engaged
2174,Community Event,2025-06-22,Grand Rapids Pride,E26,NN Adult Engaged
2175,Community Event,2025-06-22,Grand Rapids Pride,E26,NN Adult Engaged
2176,Community Event,2025-06-22,Grand Rapids Pride,E26,NN Adult Engaged
2177,Community Event,2025-06-22,Grand Rapids Pride,E26,NN Adult Engaged
2178,Community Event,2025-06-22,Grand Rapids Pride,E26,NN Adult Engaged
2179,Community Event,2025-06-22,Grand Rapids Pride,E26,NN Adult Engaged
2180,Community Event,2025-06-22,Grand Rapids Pride,E26,NN Adult Engaged
2181,Community Event,2025-06-22,Grand Rapids Pride,E26,NN Adult Engaged
2182,Community Event,2025-06-22,Grand Rapids Pride,E26,NN Adult Engaged
2183,Community Event,2025-06-22,Grand Rapids Pride,E26,NN Adult Engaged
2184,Community Event,2025-06-22,Grand Rapids Pride,E26,NN Adult Engaged
2185,Community Event,2025-06-22,Grand Rapids Pride,E26,NN Adult Engaged
2186,Community Event,2025-06-22,Grand Rapids Pride,E26,NN Adult Engaged
2187,Community Event,2025-06-22,Grand Rapids Pride,E26,NN Adult Engaged
2188,Community Event,2025-06-22,Grand Rapids Pride,E26,NN Adult Engaged
2189,Community Event,2025-06-22,Grand Rapids Pride,E26,NN Adult Engaged
2190,Community Event,2025-06-22,Grand Rapids Pride,E26,NN Adult Engaged
2191,Community Event,2025-06-22,Grand Rapids Pride,E26,NN Adult Engaged
2192,Community Event,2025-06-22,Grand Rapids Pride,E26,NN Adult Engaged
2193,Community Event,2025-06-22,Grand Rapids Pride,E26,NN Adult Engaged
2194,Community Event,2025-06-22,Grand Rapids Pride,E26,NN Adult Engaged
2195,Community Event,2025-06-22,Grand Rapids Pride,E26,NN Adult Engaged
2196,Community Event,2025-06-22,Grand Rapids Pride,E26,NN Adult Engaged
2197,Community Event,2025-06-22,Grand Rapids Pride,E26,NN Adult Engaged
2198,Community Event,2025-06-22,Grand Rapids Pride,E26,NN Adult Engaged
2199,Community Event,2025-06-22,Grand Rapids Pride,E26,NN Adult Engaged
2200,Community Event,2025-06-22,Grand Rapids Pride,E26,NN Adult Engaged
2201,Community Event,2025-06-22,Grand Rapids Pride,E26,NN Adult Engaged
2202,Community Event,2025-06-22,Grand Rapids Pride,E26,NN Adult Engaged
2203,Community Event,2025-06-22,Grand Rapids Pride,E26,NN Adult Engaged
2204,Community Event,2025-06-22,Grand Rapids Pride,E26,NN Adult Engaged
2205,Community Event,2025-06-22,Grand Rapids Pride,E26,NN Adult Engaged
2206,Community Event,2025-06-22,Grand Rapids Pride,E26,NN Adult Engaged
2207,Community Event,2025-06-22,Grand Rapids Pride,E26,NN Adult Engaged
2208,Community Event,2025-06-22,Grand Rapids Pride,E26,NN Adult Engaged
2209,Community Event,2025-06-22,Grand Rapids Pride,E26,NN Adult Engaged
2210,Community Event,2025-06-22,Grand Rapids Pride,E26,NN Adult Engaged
2211,Community Event,2025-06-22,Grand Rapids Pride,E26,NN Adult Engaged
2212,Community Event,2025-06-22,Grand Rapids Pride,E26,NN Adult Engaged
2213,Community Event,2025-06-22,Grand Rapids Pride,E26,NN Adult Engaged
2214,Community Event,2025-06-22,Grand Rapids Pride,E26,NN Adult Engaged
2215,Community Event,2025-06-22,Grand Rapids Pride,E26,NN Adult Engaged
2216,Community Event,2025-06-22,Grand Rapids Pride,E26,NN Adult Engaged
2217,Community Event,2025-06-22,Grand Rapids Pride,E26,NN Adult Engaged
2218,Community Event,2025-06-22,Grand Rapids Pride,E26,NN Adult Engaged
2219,Community Event,2025-06-22,Grand Rapids Pride,E26,NN Adult Engaged
2220,Community Event,2025-06-22,Grand Rapids Pride,E26,NN Adult Engaged
2221,Community Event,2025-06-22,Grand Rapids Pride,E26,NN Adult Engaged
2222,Community Event,2025-06-22,Grand Rapids Pride,E26,NN Adult Engaged
2223,Community Event,2025-06-22,Grand Rapids Pride,E26,NN Adult Engaged
2224,Community Event,2025-06-22,Grand Rapids Pride,E26,NN Adult Engaged
2225,Community Event,2025-06-22,Grand Rapids Pride,E26,NN Adult Engaged
2226,Community Event,2025-06-22,Grand Rapids Pride,E26,NN Adult Engaged
2227,Community Event,2025-06-22,Grand Rapids Pride,E26,NN Adult Engaged
2228,Community Event,2025-06-22,Grand Rapids Pride,E26,NN Adult Engaged
2229,Community Event,2025-06-22,Grand Rapids Pride,E26,NN Adult Engaged
2230,Community Event,2025-06-22,Grand Rapids Pride,E26,NN Adult Engaged
2231,Community Event,2025-06-22,Grand Rapids Pride,E26,NN Adult Engaged
2232,Community Event,2025-06-22,Grand Rapids Pride,E26,NN Adult Engaged
2233,Community Event,2025-06-22,Grand Rapids Pride,E26,NN Adult Engaged
2234,Community Event,2025-06-22,Grand Rapids Pride,E26,NN Adult Engaged
2235,Community Event,2025-06-22,Grand Rapids Pride,E26,NN Adult Engaged
2236,Community Event,2025-06-22,Grand Rapids Pride,E26,NN Adult Engaged
2237,Community Event,2025-06-22,Grand Rapids Pride,E26,NN Adult Engaged
2238,Community Event,2025-06-22,Grand Rapids Pride,E26,NN Adult Engaged
2239,Community Event,2025-06-22,Grand Rapids Pride,E26,NN Adult Engaged
2240,Community Event,2025-06-22,Grand Rapids Pride,E26,NN Adult Engaged
2241,Community Event,2025-06-22,Grand Rapids Pride,E26,NN Adult Engaged
2242,Community Event,2025-06-22,Grand Rapids Pride,E26,NN Adult Engaged
2243,Community Event,2025-06-22,Grand Rapids Pride,E26,NN Adult Engaged
2244,Community Event,2025-06-22,Grand Rapids Pride,E26,NN Adult Engaged
2245,Community Event,2025-06-22,Grand Rapids Pride,E26,NN Kids Engaged
2246,Community Event,2025-06-22,Grand Rapids Pride,E26,NN Kids Engaged
2247,Community Event,2025-06-22,Grand Rapids Pride,E26,NN Kids Engaged
2248,Community Event,2025-06-22,Grand Rapids Pride,E26,NN Kids Engaged
2249,Community Event,2025-06-22,Grand Rapids Pride,E26,NN Kids Engaged
2250,Community Event,2025-06-22,Grand Rapids Pride,E26,NN Kids Engaged
2251,Community Event,2025-06-22,Grand Rapids Pride,E26,NN Kids Engaged
2252,Community Event,2025-06-22,Grand Rapids Pride,E26,NN Kids Engaged
2253,Community Event,2025-06-22,Grand Rapids Pride,E26,NN Kids Engaged
2254,Community Event,2025-06-22,Grand Rapids Pride,E26,NN Kids Engaged
2255,Community Event,2025-06-22,Grand Rapids Pride,E26,NN Kids Engaged
2256,Community Event,2025-06-22,Grand Rapids Pride,E26,NN Kids Engaged
2257,Community Event,2025-06-22,Grand Rapids Pride,E26,NN Kids Engaged
2258,Community Event,2025-06-22,Grand Rapids Pride,E26,NN Kids Engaged
2259,Community Event,2025-06-22,Grand Rapids Pride,E26,NN Kids Engaged
2260,Community Event,2025-06-22,Grand Rapids Pride,E26,NN Kids Engaged
2261,Community Event,2025-06-22,Grand Rapids Pride,E26,NN Kids Engaged
2262,Community Event,2025-06-22,Grand Rapids Pride,E26,NN Kids Engaged
2263,Community Event,2025-06-22,Grand Rapids Pride,E26,NN Kids Engaged
2264,Community Event,2025-06-22,Grand Rapids Pride,E26,NN Kids Engaged
2265,Community Event,2025-06-22,Grand Rapids Pride,E26,NN Kids Engaged
2266,Community Event,2025-06-22,Grand Rapids Pride,E26,NN Kids Engaged
2267,Community Event,2025-06-22,Grand Rapids Pride,E26,NN Kids Engaged
2268,Community Event,2025-06-22,Grand Rapids Pride,E26,NN Kids Engaged
2269,Community Event,2025-06-22,Grand Rapids Pride,E26,NN Kids Engaged
2270,Community Event,2025-06-22,Grand Rapids Pride,E26,NN Kids Engaged
2271,Community Event,2025-06-22,Grand Rapids Pride,E26,NN Kids Engaged
2272,Community Event,2025-06-22,Grand Rapids Pride,E26,NN Kids Engaged
2273,Community Event,2025-06-22,Grand Rapids Pride,E26,NN Kids Engaged
2274,Community Event,2025-06-22,Grand Rapids Pride,E26,NN Kids Engaged
2275,Community Event,2025-06-22,Grand Rapids Pride,E26,NN Kids Engaged
2276,Community Event,2025-06-22,Grand Rapids Pride,E26,NN Kids Engaged
2277,Community Event,2025-06-22,Grand Rapids Pride,E26,NN Kids Engaged
2278,Community Event,2025-06-22,Grand Rapids Pride,E26,NN Kids Engaged
2279,Community Event,2025-06-22,Grand Rapids Pride,E26,NN Kids Engaged
2280,Community Event,2025-06-22,Grand Rapids Pride,E26,NN Kids Engaged
2281,Community Event,2025-06-22,Grand Rapids Pride,E26,NN Kids Engaged
2282,Community Event,2025-06-22,Grand Rapids Pride,E26,NN Kids Engaged
2283,Community Event,2025-06-22,Grand Rapids Pride,E26,NN Kids Engaged
2284,Community Event,2025-06-22,Grand Rapids Pride,E26,NN Kids Engaged
2285,Community Event,2025-06-22,Grand Rapids Pride,E26,NN Kids Engaged
2286,Community Event,2025-06-22,Grand Rapids Pride,E26,NN Kids Engaged
2287,Community Event,2025-06-22,Grand Rapids Pride,E26,NN Kids Engaged
2288,Community Event,2025-06-22,Grand Rapids Pride,E26,NN Kids Engaged
2289,Community Event,2025-06-22,Grand Rapids Pride,E26,NN Kids Engaged
2290,Community Event,2025-06-22,Grand Rapids Pride,E26,NN Kids Engaged
2291,Community Event,2025-06-22,Grand Rapids Pride,E26,NN Kids Engaged
2292,Community Event,2025-06-22,Grand Rapids Pride,E26,NN Kids Engaged
2293,Community Event,2025-06-22,Grand Rapids Pride,E26,NN Kids Engaged
2294,Community Event,2025-06-22,Grand Rapids Pride,E26,NN Kids Engaged
2295,Community Event,2025-06-22,Grand Rapids Pride,E26,NN Kids Engaged
2296,Community Event,2025-06-22,Grand Rapids Pride,E26,NN Kids Engaged
2297,Community Event,2025-06-22,Grand Rapids Pride,E26,NN Kids Engaged
2298,Community Event,2025-06-22,Grand Rapids Pride,E26,NN Kids Engaged
2299,Community Event,2025-06-22,Grand Rapids Pride,E26,NN Kids Engaged
2300,Community Event,2025-06-22,Grand Rapids Pride,E26,NN Kids Engaged
2301,Community Event,2025-06-22,Grand Rapids Pride,E26,NN Kids Engaged
2302,Community Event,2025-06-22,Grand Rapids Pride,E26,NN Kids Engaged
2303,Community Event,2025-06-22,Grand Rapids Pride,E26,NN Kids Engaged
2304,Community Event,2025-06-22,Grand Rapids Pride,E26,NN Kids Engaged
2305,Community Event,2025-06-22,Grand Rapids Pride,E26,NN Kids Engaged
2306,Community Event,2025-06-22,Grand Rapids Pride,E26,NN Kids Engaged
2307,Community Event,2025-06-22,Grand Rapids Pride,E26,NN Kids Engaged
2308,Community Event,2025-06-22,Grand Rapids Pride,E26,NN Kids Engaged
2309,Community Event,2025-06-22,Grand Rapids Pride,E26,NN Kids Engaged
2310,Community Event,2025-06-22,Grand Rapids Pride,E26,NN Kids Engaged
2311,Community Event,2025-06-22,Grand Rapids Pride,E26,NN Kids Engaged
2312,Community Event,2025-06-22,Grand Rapids Pride,E26,NN Kids Engaged
2313,Community Event,2025-06-22,Grand Rapids Pride,E26,NN Kids Engaged
2314,Community Event,2025-06-22,Grand Rapids Pride,E26,NN Kids Engaged
2315,Community Event,2025-06-22,Grand Rapids Pride,E26,NN Kids Engaged
2316,Community Event,2025-06-22,Grand Rapids Pride,E26,NN Kids Engaged
2317,Community Event,2025-06-22,Grand Rapids Pride,E26,NN Kids Engaged
2318,Community Event,2025-06-22,Grand Rapids Pride,E26,NN Kids Engaged
2319,Community Event,2025-06-22,Grand Rapids Pride,E26,NN Kids Engaged
2320,Community Event,2025-06-22,Grand Rapids Pride,E26,NN Kids Engaged
2321,Community Event,2025-06-22,Grand Rapids Pride,E26,NN Kids Engaged
2322,Community Event,2025-06-22,Grand Rapids Pride,E26,NN Kids Engaged
2323,Partner Tabling,2025-06-23,Pregnancy Resource Center,E27,Number Kids Engaged
2324,Partner Tabling,2025-06-23,Pregnancy Resource Center,E27,Number Kids Engaged
2325,Partner Tabling,2025-06-23,Pregnancy Resource Center,E27,Number Adults Engaged
2326,Partner Tabling,2025-06-23,Pregnancy Resource Center,E27,Number Adults Engaged
2327,Community Event,2025-06-24,Storytime in the Park at Lincoln Park,E28,Number Kids Engaged
2328,Community Event,2025-06-24,Storytime in the Park at Lincoln Park,E28,Number Kids Engaged
2329,Community Event,2025-06-24,Storytime in the Park at Lincoln Park,E28,Number Kids Engaged
2330,Community Event,2025-06-24,Storytime in the Park at Lincoln Park,E28,Number Kids Engaged
2331,Community Event,2025-06-24,Storytime in the Park at Lincoln Park,E28,Number Kids Engaged
2332,Community Event,2025-06-24,Storytime in the Park at Lincoln Park,E28,Number Kids Engaged
2333,Community Event,2025-06-24,Storytime in the Park at Lincoln Park,E28,Number Kids Engaged
2334,Community Event,2025-06-24,Storytime in the Park at Lincoln Park,E28,Number Kids Engaged
2335,Community Event,2025-06-24,Storytime in the Park at Lincoln Park,E28,Number Kids Engaged
2336,Community Event,2025-06-24,Storytime in the Park at Lincoln Park,E28,Number Kids Engaged
2337,Community Event,2025-06-24,Storytime in the Park at Lincoln Park,E28,Number Kids Engaged
2338,Community Event,2025-06-24,Storytime in the Park at Lincoln Park,E28,Number Kids Engaged
2339,Community Event,2025-06-24,Storytime in the Park at Lincoln Park,E28,Number Kids Engaged
2340,Community Event,2025-06-24,Storytime in the Park at Lincoln Park,E28,Number Kids Engaged
2341,Community Event,2025-06-24,Storytime in the Park at Lincoln Park,E28,Number Kids Engaged
2342,Community Event,2025-06-24,Storytime in the Park at Lincoln Park,E28,Number Kids Engaged
2343,Community Event,2025-06-24,Storytime in the Park at Lincoln Park,E28,Number Kids Engaged
2344,Community Event,2025-06-24,Storytime in the Park at Lincoln Park,E28,Number Adults Engaged
2345,Community Event,2025-06-24,Storytime in the Park at Lincoln Park,E28,Number Adults Engaged
2346,Community Event,2025-06-24,Storytime in the Park at Lincoln Park,E28,Number Adults Engaged
2347,Community Event,2025-06-24,Storytime in the Park at Lincoln Park,E28,Number Adults Engaged
2348,Community Event,2025-06-24,Storytime in the Park at Lincoln Park,E28,Number Adults Engaged
2349,Community Event,2025-06-24,Storytime in the Park at Lincoln Park,E28,Number Adults Engaged
2350,Community Event,2025-06-24,Storytime in the Park at Lincoln Park,E28,Number Adults Engaged
2351,Community Event,2025-06-24,Storytime in the Park at Lincoln Park,E28,Number Adults Engaged
2352,Community Event,2025-06-24,Storytime in the Park at Lincoln Park,E28,Number Adults Engaged
2353,Community Event,2025-06-24,Storytime in the Park at Lincoln Park,E28,Number Adults Engaged
2354,Community Event,2025-06-24,Storytime in the Park at Lincoln Park,E28,Number Adults Engaged
2355,Partner Tabling,2025-06-24,HELP Pregnancy Aid,E29,Number Kids Engaged
2356,Partner Tabling,2025-06-24,HELP Pregnancy Aid,E29,Number Kids Engaged
2357,Partner Tabling,2025-06-24,HELP Pregnancy Aid,E29,Number Kids Engaged
2358,Partner Tabling,2025-06-24,HELP Pregnancy Aid,E29,Number Adults Engaged
2359,Partner Tabling,2025-06-24,HELP Pregnancy Aid,E29,Number Adults Engaged
2360,Partner Tabling,2025-06-24,HELP Pregnancy Aid,E29,Number Adults Engaged
2361,Partner Tabling,2025-06-24,HELP Pregnancy Aid,E29,Number Adults Engaged
2362,Partner Tabling,2025-06-24,HELP Pregnancy Aid,E29,Number Adults Engaged
2363,Partner Tabling,2025-06-24,HELP Pregnancy Aid,E29,Number Adults Engaged
2364,Partner Tabling,2025-06-24,HELP Pregnancy Aid,E29,Number Adults Engaged
2365,Community Event,2025-06-27,Kent City Freedom Festival,E30,Number Kids Engaged
2366,Community Event,2025-06-27,Kent City Freedom Festival,E30,Number Kids Engaged
2367,Community Event,2025-06-27,Kent City Freedom Festival,E30,Number Kids Engaged
2368,Community Event,2025-06-27,Kent City Freedom Festival,E30,Number Kids Engaged
2369,Community Event,2025-06-27,Kent City Freedom Festival,E30,Number Kids Engaged
2370,Community Event,2025-06-27,Kent City Freedom Festival,E30,Number Kids Engaged
2371,Community Event,2025-06-27,Kent City Freedom Festival,E30,Number Kids Engaged
2372,Community Event,2025-06-27,Kent City Freedom Festival,E30,Number Kids Engaged
2373,Community Event,2025-06-27,Kent City Freedom Festival,E30,Number Kids Engaged
2374,Community Event,2025-06-27,Kent City Freedom Festival,E30,Number Kids Engaged
2375,Community Event,2025-06-27,Kent City Freedom Festival,E30,Number Kids Engaged
2376,Community Event,2025-06-27,Kent City Freedom Festival,E30,Number Kids Engaged
2377,Community Event,2025-06-27,Kent City Freedom Festival,E30,Number Kids Engaged
2378,Community Event,2025-06-27,Kent City Freedom Festival,E30,Number Kids Engaged
2379,Community Event,2025-06-27,Kent City Freedom Festival,E30,Number Kids Engaged
2380,Community Event,2025-06-27,Kent City Freedom Festival,E30,Number Kids Engaged
2381,Community Event,2025-06-27,Kent City Freedom Festival,E30,Number Kids Engaged
2382,Community Event,2025-06-27,Kent City Freedom Festival,E30,Number Kids Engaged
2383,Community Event,2025-06-27,Kent City Freedom Festival,E30,Number Kids Engaged
2384,Community Event,2025-06-27,Kent City Freedom Festival,E30,Number Kids Engaged
2385,Community Event,2025-06-27,Kent City Freedom Festival,E30,Number Kids Engaged
2386,Community Event,2025-06-27,Kent City Freedom Festival,E30,Number Kids Engaged
2387,Community Event,2025-06-27,Kent City Freedom Festival,E30,Number Kids Engaged
2388,Community Event,2025-06-27,Kent City Freedom Festival,E30,Number Kids Engaged
2389,Community Event,2025-06-27,Kent City Freedom Festival,E30,Number Kids Engaged
2390,Community Event,2025-06-27,Kent City Freedom Festival,E30,Number Kids Engaged
2391,Community Event,2025-06-27,Kent City Freedom Festival,E30,Number Kids Engaged
2392,Community Event,2025-06-27,Kent City Freedom Festival,E30,Number Kids Engaged
2393,Community Event,2025-06-27,Kent City Freedom Festival,E30,Number Kids Engaged
2394,Community Event,2025-06-27,Kent City Freedom Festival,E30,Number Kids Engaged
2395,Community Event,2025-06-27,Kent City Freedom Festival,E30,Number Kids Engaged
2396,Community Event,2025-06-27,Kent City Freedom Festival,E30,Number Kids Engaged
2397,Community Event,2025-06-27,Kent City Freedom Festival,E30,Number Kids Engaged
2398,Community Event,2025-06-27,Kent City Freedom Festival,E30,Number Kids Engaged
2399,Community Event,2025-06-27,Kent City Freedom Festival,E30,Number Kids Engaged
2400,Community Event,2025-06-27,Kent City Freedom Festival,E30,Number Kids Engaged
2401,Community Event,2025-06-27,Kent City Freedom Festival,E30,Number Kids Engaged
2402,Community Event,2025-06-27,Kent City Freedom Festival,E30,Number Kids Engaged
2403,Community Event,2025-06-27,Kent City Freedom Festival,E30,Number Kids Engaged
2404,Community Event,2025-06-27,Kent City Freedom Festival,E30,Number Kids Engaged
2405,Community Event,2025-06-27,Kent City Freedom Festival,E30,Number Kids Engaged
2406,Community Event,2025-06-27,Kent City Freedom Festival,E30,Number Kids Engaged
2407,Community Event,2025-06-27,Kent City Freedom Festival,E30,Number Kids Engaged
2408,Community Event,2025-06-27,Kent City Freedom Festival,E30,Number Kids Engaged
2409,Community Event,2025-06-27,Kent City Freedom Festival,E30,Number Kids Engaged
2410,Community Event,2025-06-27,Kent City Freedom Festival,E30,Number Kids Engaged
2411,Community Event,2025-06-27,Kent City Freedom Festival,E30,Number Kids Engaged
2412,Community Event,2025-06-27,Kent City Freedom Festival,E30,Number Kids Engaged
2413,Community Event,2025-06-27,Kent City Freedom Festival,E30,Number Kids Engaged
2414,Community Event,2025-06-27,Kent City Freedom Festival,E30,Number Kids Engaged
2415,Community Event,2025-06-27,Kent City Freedom Festival,E30,Number Kids Engaged
2416,Community Event,2025-06-27,Kent City Freedom Festival,E30,Number Kids Engaged
2417,Community Event,2025-06-27,Kent City Freedom Festival,E30,Number Kids Engaged
2418,Community Event,2025-06-27,Kent City Freedom Festival,E30,Number Kids Engaged
2419,Community Event,2025-06-27,Kent City Freedom Festival,E30,Number Kids Engaged
2420,Community Event,2025-06-27,Kent City Freedom Festival,E30,Number Kids Engaged
2421,Community Event,2025-06-27,Kent City Freedom Festival,E30,Number Kids Engaged
2422,Community Event,2025-06-27,Kent City Freedom Festival,E30,Number Kids Engaged
2423,Community Event,2025-06-27,Kent City Freedom Festival,E30,Number Kids Engaged
2424,Community Event,2025-06-27,Kent City Freedom Festival,E30,Number Kids Engaged
2425,Community Event,2025-06-27,Kent City Freedom Festival,E30,Number Kids Engaged
2426,Community Event,2025-06-27,Kent City Freedom Festival,E30,Number Kids Engaged
2427,Community Event,2025-06-27,Kent City Freedom Festival,E30,Number Kids Engaged
2428,Community Event,2025-06-27,Kent City Freedom Festival,E30,Number Kids Engaged
2429,Community Event,2025-06-27,Kent City Freedom Festival,E30,Number Kids Engaged
2430,Community Event,2025-06-27,Kent City Freedom Festival,E30,Number Kids Engaged
2431,Community Event,2025-06-27,Kent City Freedom Festival,E30,Number Kids Engaged
2432,Community Event,2025-06-27,Kent City Freedom Festival,E30,Number Kids Engaged
2433,Community Event,2025-06-27,Kent City Freedom Festival,E30,Number Kids Engaged
2434,Community Event,2025-06-27,Kent City Freedom Festival,E30,Number Kids Engaged
2435,Community Event,2025-06-27,Kent City Freedom Festival,E30,Number Kids Engaged
2436,Community Event,2025-06-27,Kent City Freedom Festival,E30,Number Kids Engaged
2437,Community Event,2025-06-27,Kent City Freedom Festival,E30,Number Kids Engaged
2438,Community Event,2025-06-27,Kent City Freedom Festival,E30,Number Kids Engaged
2439,Community Event,2025-06-27,Kent City Freedom Festival,E30,Number Kids Engaged
2440,Community Event,2025-06-27,Kent City Freedom Festival,E30,Number Kids Engaged
2441,Community Event,2025-06-27,Kent City Freedom Festival,E30,Number Kids Engaged
2442,Community Event,2025-06-27,Kent City Freedom Festival,E30,Number Kids Engaged
2443,Community Event,2025-06-27,Kent City Freedom Festival,E30,Number Kids Engaged
2444,Community Event,2025-06-27,Kent City Freedom Festival,E30,Number Kids Engaged
2445,Community Event,2025-06-27,Kent City Freedom Festival,E30,Number Kids Engaged
2446,Community Event,2025-06-27,Kent City Freedom Festival,E30,Number Kids Engaged
2447,Community Event,2025-06-27,Kent City Freedom Festival,E30,Number Kids Engaged
2448,Community Event,2025-06-27,Kent City Freedom Festival,E30,Number Kids Engaged
2449,Community Event,2025-06-27,Kent City Freedom Festival,E30,Number Kids Engaged
2450,Community Event,2025-06-27,Kent City Freedom Festival,E30,Number Kids Engaged
2451,Community Event,2025-06-27,Kent City Freedom Festival,E30,Number Kids Engaged
2452,Community Event,2025-06-27,Kent City Freedom Festival,E30,Number Kids Engaged
2453,Community Event,2025-06-27,Kent City Freedom Festival,E30,Number Kids Engaged
2454,Community Event,2025-06-27,Kent City Freedom Festival,E30,Number Kids Engaged
2455,Community Event,2025-06-27,Kent City Freedom Festival,E30,Number Kids Engaged
2456,Community Event,2025-06-27,Kent City Freedom Festival,E30,Number Kids Engaged
2457,Community Event,2025-06-27,Kent City Freedom Festival,E30,Number Kids Engaged
2458,Community Event,2025-06-27,Kent City Freedom Festival,E30,Number Kids Engaged
2459,Community Event,2025-06-27,Kent City Freedom Festival,E30,Number Kids Engaged
2460,Community Event,2025-06-27,Kent City Freedom Festival,E30,Number Kids Engaged
2461,Community Event,2025-06-27,Kent City Freedom Festival,E30,Number Kids Engaged
2462,Community Event,2025-06-27,Kent City Freedom Festival,E30,Number Kids Engaged
2463,Community Event,2025-06-27,Kent City Freedom Festival,E30,Number Kids Engaged
2464,Community Event,2025-06-27,Kent City Freedom Festival,E30,Number Kids Engaged
2465,Community Event,2025-06-27,Kent City Freedom Festival,E30,Number Kids Engaged
2466,Community Event,2025-06-27,Kent City Freedom Festival,E30,Number Kids Engaged
2467,Community Event,2025-06-27,Kent City Freedom Festival,E30,Number Kids Engaged
2468,Community Event,2025-06-27,Kent City Freedom Festival,E30,Number Kids Engaged
2469,Community Event,2025-06-27,Kent City Freedom Festival,E30,Number Kids Engaged
2470,Community Event,2025-06-27,Kent City Freedom Festival,E30,Number Kids Engaged
2471,Community Event,2025-06-27,Kent City Freedom Festival,E30,Number Kids Engaged
2472,Community Event,2025-06-27,Kent City Freedom Festival,E30,Number Kids Engaged
2473,Community Event,2025-06-27,Kent City Freedom Festival,E30,Number Kids Engaged
2474,Community Event,2025-06-27,Kent City Freedom Festival,E30,Number Kids Engaged
2475,Community Event,2025-06-27,Kent City Freedom Festival,E30,Number Kids Engaged
2476,Community Event,2025-06-27,Kent City Freedom Festival,E30,Number Kids Engaged
2477,Community Event,2025-06-27,Kent City Freedom Festival,E30,Number Kids Engaged
2478,Community Event,2025-06-27,Kent City Freedom Festival,E30,Number Kids Engaged
2479,Community Event,2025-06-27,Kent City Freedom Festival,E30,Number Kids Engaged
2480,Community Event,2025-06-27,Kent City Freedom Festival,E30,Number Kids Engaged
2481,Community Event,2025-06-27,Kent City Freedom Festival,E30,Number Kids Engaged
2482,Community Event,2025-06-27,Kent City Freedom Festival,E30,Number Kids Engaged
2483,Community Event,2025-06-27,Kent City Freedom Festival,E30,Number Kids Engaged
2484,Community Event,2025-06-27,Kent City Freedom Festival,E30,Number Kids Engaged
2485,Community Event,2025-06-27,Kent City Freedom Festival,E30,Number Kids Engaged
2486,Community Event,2025-06-27,Kent City Freedom Festival,E30,Number Kids Engaged
2487,Community Event,2025-06-27,Kent City Freedom Festival,E30,Number Kids Engaged
2488,Community Event,2025-06-27,Kent City Freedom Festival,E30,Number Kids Engaged
2489,Community Event,2025-06-27,Kent City Freedom Festival,E30,Number Kids Engaged
2490,Community Event,2025-06-27,Kent City Freedom Festival,E30,Number Kids Engaged
2491,Community Event,2025-06-27,Kent City Freedom Festival,E30,Number Kids Engaged
2492,Community Event,2025-06-27,Kent City Freedom Festival,E30,Number Kids Engaged
2493,Community Event,2025-06-27,Kent City Freedom Festival,E30,Number Kids Engaged
2494,Community Event,2025-06-27,Kent City Freedom Festival,E30,Number Kids Engaged
2495,Community Event,2025-06-27,Kent City Freedom Festival,E30,Number Kids Engaged
2496,Community Event,2025-06-27,Kent City Freedom Festival,E30,Number Kids Engaged
2497,Community Event,2025-06-27,Kent City Freedom Festival,E30,Number Kids Engaged
2498,Community Event,2025-06-27,Kent City Freedom Festival,E30,Number Kids Engaged
2499,Community Event,2025-06-27,Kent City Freedom Festival,E30,Number Kids Engaged
2500,Community Event,2025-06-27,Kent City Freedom Festival,E30,Number Kids Engaged
2501,Community Event,2025-06-27,Kent City Freedom Festival,E30,Number Kids Engaged
2502,Community Event,2025-06-27,Kent City Freedom Festival,E30,Number Kids Engaged
2503,Community Event,2025-06-27,Kent City Freedom Festival,E30,Number Kids Engaged
2504,Community Event,2025-06-27,Kent City Freedom Festival,E30,Number Kids Engaged
2505,Community Event,2025-06-27,Kent City Freedom Festival,E30,Number Kids Engaged
2506,Community Event,2025-06-27,Kent City Freedom Festival,E30,Number Kids Engaged
2507,Community Event,2025-06-27,Kent City Freedom Festival,E30,Number Adults Engaged
2508,Community Event,2025-06-27,Kent City Freedom Festival,E30,Number Adults Engaged
2509,Community Event,2025-06-27,Kent City Freedom Festival,E30,Number Adults Engaged
2510,Community Event,2025-06-27,Kent City Freedom Festival,E30,Number Adults Engaged
2511,Community Event,2025-06-27,Kent City Freedom Festival,E30,Number Adults Engaged
2512,Community Event,2025-06-27,Kent City Freedom Festival,E30,Number Adults Engaged
2513,Community Event,2025-06-27,Kent City Freedom Festival,E30,Number Adults Engaged
2514,Community Event,2025-06-27,Kent City Freedom Festival,E30,Number Adults Engaged
2515,Community Event,2025-06-27,Kent City Freedom Festival,E30,Number Adults Engaged
2516,Community Event,2025-06-27,Kent City Freedom Festival,E30,Number Adults Engaged
2517,Community Event,2025-06-27,Kent City Freedom Festival,E30,Number Adults Engaged
2518,Community Event,2025-06-27,Kent City Freedom Festival,E30,Number Adults Engaged
2519,Community Event,2025-06-27,Kent City Freedom Festival,E30,Number Adults Engaged
2520,Community Event,2025-06-27,Kent City Freedom Festival,E30,Number Adults Engaged
2521,Community Event,2025-06-27,Kent City Freedom Festival,E30,Number Adults Engaged
2522,Community Event,2025-06-27,Kent City Freedom Festival,E30,Number Adults Engaged
2523,Community Event,2025-06-27,Kent City Freedom Festival,E30,Number Adults Engaged
2524,Community Event,2025-06-27,Kent City Freedom Festival,E30,Number Adults Engaged
2525,Community Event,2025-06-27,Kent City Freedom Festival,E30,Number Adults Engaged
2526,Community Event,2025-06-27,Kent City Freedom Festival,E30,Number Adults Engaged
2527,Community Event,2025-06-27,Kent City Freedom Festival,E30,Number Adults Engaged
2528,Community Event,2025-06-27,Kent City Freedom Festival,E30,Number Adults Engaged
2529,Community Event,2025-06-27,Kent City Freedom Festival,E30,Number Adults Engaged
2530,Community Event,2025-06-27,Kent City Freedom Festival,E30,Number Adults Engaged
2531,Community Event,2025-06-27,Kent City Freedom Festival,E30,Number Adults Engaged
2532,Community Event,2025-06-27,Kent City Freedom Festival,E30,Number Adults Engaged
2533,Community Event,2025-06-27,Kent City Freedom Festival,E30,Number Adults Engaged
2534,Community Event,2025-06-27,Kent City Freedom Festival,E30,Number Adults Engaged
2535,Community Event,2025-06-27,Kent City Freedom Festival,E30,Number Adults Engaged
2536,Community Event,2025-06-27,Kent City Freedom Festival,E30,Number Adults Engaged
2537,Community Event,2025-06-27,Kent City Freedom Festival,E30,Number Adults Engaged
2538,Community Event,2025-06-27,Kent City Freedom Festival,E30,Number Adults Engaged
2539,Community Event,2025-06-27,Kent City Freedom Festival,E30,Number Adults Engaged
2540,Community Event,2025-06-27,Kent City Freedom Festival,E30,Number Adults Engaged
2541,Community Event,2025-06-27,Kent City Freedom Festival,E30,Number Adults Engaged
2542,Community Event,2025-06-27,Kent City Freedom Festival,E30,Number Adults Engaged
2543,Community Event,2025-06-27,Kent City Freedom Festival,E30,Number Adults Engaged
2544,Community Event,2025-06-27,Kent City Freedom Festival,E30,Number Adults Engaged
2545,Community Event,2025-06-27,Kent City Freedom Festival,E30,Number Adults Engaged
2546,Community Event,2025-06-27,Kent City Freedom Festival,E30,Number Adults Engaged
2547,Community Event,2025-06-27,Kent City Freedom Festival,E30,Number Adults Engaged
2548,Community Event,2025-06-27,Kent City Freedom Festival,E30,Number Adults Engaged
2549,Community Event,2025-06-27,Kent City Freedom Festival,E30,Number Adults Engaged
2550,Community Event,2025-06-27,Kent City Freedom Festival,E30,Number Adults Engaged
2551,Community Event,2025-06-27,Kent City Freedom Festival,E30,Number Adults Engaged
2552,Community Event,2025-06-27,Kent City Freedom Festival,E30,Number Adults Engaged
2553,Community Event,2025-06-27,Kent City Freedom Festival,E30,Number Adults Engaged
2554,Community Event,2025-06-27,Kent City Freedom Festival,E30,Number Adults Engaged
2555,Community Event,2025-06-27,Kent City Freedom Festival,E30,Number Adults Engaged
2556,Community Event,2025-06-27,Kent City Freedom Festival,E30,Number Adults Engaged
2557,Community Event,2025-06-27,Kent City Freedom Festival,E30,Number Adults Engaged
2558,Community Event,2025-06-27,Kent City Freedom Festival,E30,Number Adults Engaged
2559,Community Event,2025-06-27,Kent City Freedom Festival,E30,Number Adults Engaged
2560,Community Event,2025-06-27,Kent City Freedom Festival,E30,Number Adults Engaged
2561,Community Event,2025-06-27,Kent City Freedom Festival,E30,Number Adults Engaged
2562,Community Event,2025-06-27,Kent City Freedom Festival,E30,Number Adults Engaged
2563,Community Event,2025-06-27,Kent City Freedom Festival,E30,Number Adults Engaged
2564,Community Event,2025-06-27,Kent City Freedom Festival,E30,Number Adults Engaged
2565,Community Event,2025-06-27,Kent City Freedom Festival,E30,Number Adults Engaged
2566,Community Event,2025-06-27,Kent City Freedom Festival,E30,Number Adults Engaged
2567,Community Event,2025-06-27,Kent City Freedom Festival,E30,Number Adults Engaged
2568,Community Event,2025-06-27,Kent City Freedom Festival,E30,Number Adults Engaged
2569,Community Event,2025-06-27,Kent City Freedom Festival,E30,Number Adults Engaged
2570,Community Event,2025-06-27,Kent City Freedom Festival,E30,Number Adults Engaged
2571,Community Event,2025-06-27,Kent City Freedom Festival,E30,Number Adults Engaged
2572,Community Event,2025-06-27,Kent City Freedom Festival,E30,Number Adults Engaged
2573,Community Event,2025-06-27,Kent City Freedom Festival,E30,Number Adults Engaged
2574,Community Event,2025-06-27,Kent City Freedom Festival,E30,Number Adults Engaged
2575,Community Event,2025-06-27,Kent City Freedom Festival,E30,Number Adults Engaged
2576,Community Event,2025-06-27,Kent City Freedom Festival,E30,Number Adults Engaged
2577,Community Event,2025-06-27,Kent City Freedom Festival,E30,Number Adults Engaged
2578,Community Event,2025-06-27,Kent City Freedom Festival,E30,Number Adults Engaged
2579,Community Event,2025-06-27,Kent City Freedom Festival,E30,Number Adults Engaged
2580,Community Event,2025-06-27,Kent City Freedom Festival,E30,Number Adults Engaged
2581,Community Event,2025-06-27,Kent City Freedom Festival,E30,Number Adults Engaged
2582,Community Event,2025-06-27,Kent City Freedom Festival,E30,Number Adults Engaged
2583,Community Event,2025-06-27,Kent City Freedom Festival,E30,Number Adults Engaged
2584,Community Event,2025-06-27,Kent City Freedom Festival,E30,Number Adults Engaged
2585,Community Event,2025-06-27,Kent City Freedom Festival,E30,Number Adults Engaged
2586,Community Event,2025-06-27,Kent City Freedom Festival,E30,Number Adults Engaged
2587,Community Event,2025-06-27,Kent City Freedom Festival,E30,Number Adults Engaged
2588,Community Event,2025-06-27,Kent City Freedom Festival,E30,Number Adults Engaged
2589,Community Event,2025-06-27,Kent City Freedom Festival,E30,Number Adults Engaged
2590,Community Event,2025-06-27,Kent City Freedom Festival,E30,Number Adults Engaged
2591,Community Event,2025-06-27,Kent City Freedom Festival,E30,Number Adults Engaged
2592,Community Event,2025-06-27,Kent City Freedom Festival,E30,Number Adults Engaged
2593,Community Event,2025-06-27,Kent City Freedom Festival,E30,Number Adults Engaged
2594,Community Event,2025-06-27,Kent City Freedom Festival,E30,Number Adults Engaged
2595,Community Event,2025-06-27,Kent City Freedom Festival,E30,Number Adults Engaged
2596,Community Event,2025-06-27,Kent City Freedom Festival,E30,Number Adults Engaged
2597,Community Event,2025-06-27,Kent City Freedom Festival,E30,Number Adults Engaged
2598,Community Event,2025-06-27,Kent City Freedom Festival,E30,Number Adults Engaged
2599,Community Event,2025-06-27,Kent City Freedom Festival,E30,Number Adults Engaged
2600,Community Event,2025-06-27,Kent City Freedom Festival,E30,Number Adults Engaged
2601,Community Event,2025-06-27,Kent City Freedom Festival,E30,Number Adults Engaged
2602,Community Event,2025-06-27,Kent City Freedom Festival,E30,Number Adults Engaged
2603,Community Event,2025-06-27,Kent City Freedom Festival,E30,Number Adults Engaged
2604,Community Event,2025-06-27,Kent City Freedom Festival,E30,Number Adults Engaged
2605,Community Event,2025-06-27,Kent City Freedom Festival,E30,Number Adults Engaged
2606,Community Event,2025-06-27,Kent City Freedom Festival,E30,Number Adults Engaged
2607,Community Event,2025-06-27,Kent City Freedom Festival,E30,Number Adults Engaged
2608,Community Event,2025-06-27,Kent City Freedom Festival,E30,Number Adults Engaged
2609,Community Event,2025-06-27,Kent City Freedom Festival,E30,Number Adults Engaged
2610,Community Event,2025-06-27,Kent City Freedom Festival,E30,Number Adults Engaged
2611,Community Event,2025-06-27,Kent City Freedom Festival,E30,Number Adults Engaged
2612,Community Event,2025-06-27,Kent City Freedom Festival,E30,Number Adults Engaged
2613,Community Event,2025-06-27,Kent City Freedom Festival,E30,Number Adults Engaged
2614,Community Event,2025-06-27,Kent City Freedom Festival,E30,Number Adults Engaged
2615,Community Event,2025-06-27,Kent City Freedom Festival,E30,Number Adults Engaged
2616,Community Event,2025-06-27,Kent City Freedom Festival,E30,Number Adults Engaged
2617,Community Event,2025-06-27,Kent City Freedom Festival,E30,Number Adults Engaged
2618,Community Event,2025-06-27,Kent City Freedom Festival,E30,Number Adults Engaged
2619,Community Event,2025-06-27,Art in the Park,E31,Number Kids Engaged
2620,Community Event,2025-06-27,Art in the Park,E31,Number Kids Engaged
2621,Community Event,2025-06-27,Art in the Park,E31,Number Kids Engaged
2622,Community Event,2025-06-27,Art in the Park,E31,Number Kids Engaged
2623,Community Event,2025-06-27,Art in the Park,E31,Number Kids Engaged
2624,Community Event,2025-06-27,Art in the Park,E31,Number Kids Engaged
2625,Community Event,2025-06-27,Art in the Park,E31,Number Kids Engaged
2626,Community Event,2025-06-27,Art in the Park,E31,Number Kids Engaged
2627,Community Event,2025-06-27,Art in the Park,E31,Number Kids Engaged
2628,Community Event,2025-06-27,Art in the Park,E31,Number Kids Engaged
2629,Community Event,2025-06-27,Art in the Park,E31,Number Kids Engaged
2630,Community Event,2025-06-27,Art in the Park,E31,Number Kids Engaged
2631,Community Event,2025-06-27,Art in the Park,E31,Number Kids Engaged
2632,Community Event,2025-06-27,Art in the Park,E31,Number Kids Engaged
2633,Community Event,2025-06-27,Art in the Park,E31,Number Kids Engaged
2634,Community Event,2025-06-27,Art in the Park,E31,Number Kids Engaged
2635,Community Event,2025-06-27,Art in the Park,E31,Number Kids Engaged
2636,Community Event,2025-06-27,Art in the Park,E31,Number Kids Engaged
2637,Community Event,2025-06-27,Art in the Park,E31,Number Kids Engaged
2638,Community Event,2025-06-27,Art in the Park,E31,Number Kids Engaged
2639,Community Event,2025-06-27,Art in the Park,E31,Number Kids Engaged
2640,Community Event,2025-06-27,Art in the Park,E31,Number Kids Engaged
2641,Community Event,2025-06-27,Art in the Park,E31,Number Kids Engaged
2642,Community Event,2025-06-27,Art in the Park,E31,Number Kids Engaged
2643,Community Event,2025-06-27,Art in the Park,E31,Number Kids Engaged
2644,Community Event,2025-06-27,Art in the Park,E31,Number Kids Engaged
2645,Community Event,2025-06-27,Art in the Park,E31,Number Kids Engaged
2646,Community Event,2025-06-27,Art in the Park,E31,Number Kids Engaged
2647,Community Event,2025-06-27,Art in the Park,E31,Number Kids Engaged
2648,Community Event,2025-06-27,Art in the Park,E31,Number Kids Engaged
2649,Community Event,2025-06-27,Art in the Park,E31,Number Kids Engaged
2650,Community Event,2025-06-27,Art in the Park,E31,Number Kids Engaged
2651,Community Event,2025-06-27,Art in the Park,E31,Number Kids Engaged
2652,Community Event,2025-06-27,Art in the Park,E31,Number Kids Engaged
2653,Community Event,2025-06-27,Art in the Park,E31,Number Kids Engaged
2654,Community Event,2025-06-27,Art in the Park,E31,Number Kids Engaged
2655,Community Event,2025-06-27,Art in the Park,E31,Number Kids Engaged
2656,Community Event,2025-06-27,Art in the Park,E31,Number Kids Engaged
2657,Community Event,2025-06-27,Art in the Park,E31,Number Kids Engaged
2658,Community Event,2025-06-27,Art in the Park,E31,Number Kids Engaged
2659,Community Event,2025-06-27,Art in the Park,E31,Number Kids Engaged
2660,Community Event,2025-06-27,Art in the Park,E31,Number Kids Engaged
2661,Community Event,2025-06-27,Art in the Park,E31,Number Kids Engaged
2662,Community Event,2025-06-27,Art in the Park,E31,Number Kids Engaged
2663,Community Event,2025-06-27,Art in the Park,E31,Number Kids Engaged
2664,Community Event,2025-06-27,Art in the Park,E31,Number Kids Engaged
2665,Community Event,2025-06-27,Art in the Park,E31,Number Kids Engaged
2666,Community Event,2025-06-27,Art in the Park,E31,Number Kids Engaged
2667,Community Event,2025-06-27,Art in the Park,E31,Number Kids Engaged
2668,Community Event,2025-06-27,Art in the Park,E31,Number Kids Engaged
2669,Community Event,2025-06-27,Art in the Park,E31,Number Kids Engaged
2670,Community Event,2025-06-27,Art in the Park,E31,Number Kids Engaged
2671,Community Event,2025-06-27,Art in the Park,E31,Number Kids Engaged
2672,Community Event,2025-06-27,Art in the Park,E31,Number Kids Engaged
2673,Community Event,2025-06-27,Art in the Park,E31,Number Adults Engaged
2674,Community Event,2025-06-27,Art in the Park,E31,Number Adults Engaged
2675,Community Event,2025-06-27,Art in the Park,E31,Number Adults Engaged
2676,Community Event,2025-06-27,Art in the Park,E31,Number Adults Engaged
2677,Community Event,2025-06-27,Art in the Park,E31,Number Adults Engaged
2678,Community Event,2025-06-27,Art in the Park,E31,Number Adults Engaged
2679,Community Event,2025-06-27,Art in the Park,E31,Number Adults Engaged
2680,Community Event,2025-06-27,Art in the Park,E31,Number Adults Engaged
2681,Community Event,2025-06-27,Art in the Park,E31,Number Adults Engaged
2682,Community Event,2025-06-27,Art in the Park,E31,Number Adults Engaged
2683,Community Event,2025-06-27,Art in the Park,E31,Number Adults Engaged
2684,Community Event,2025-06-27,Art in the Park,E31,Number Adults Engaged
2685,Community Event,2025-06-27,Art in the Park,E31,Number Adults Engaged
2686,Community Event,2025-06-27,Art in the Park,E31,Number Adults Engaged
2687,Community Event,2025-06-27,Art in the Park,E31,Number Adults Engaged
2688,Community Event,2025-06-27,Art in the Park,E31,Number Adults Engaged
2689,Community Event,2025-06-27,Art in the Park,E31,Number Adults Engaged
2690,Community Event,2025-06-27,Art in the Park,E31,Number Adults Engaged
2691,Community Event,2025-06-27,Art in the Park,E31,Number Adults Engaged
2692,Community Event,2025-06-27,Art in the Park,E31,Number Adults Engaged
2693,Community Event,2025-06-27,Art in the Park,E31,Number Adults Engaged
2694,Community Event,2025-06-27,Art in the Park,E31,Number Adults Engaged
2695,Community Event,2025-06-27,Art in the Park,E31,Number Adults Engaged
2696,Community Event,2025-06-27,Art in the Park,E31,Number Adults Engaged
2697,Community Event,2025-06-27,Art in the Park,E31,Number Adults Engaged
2698,Community Event,2025-06-27,Art in the Park,E31,Number Adults Engaged
2699,Community Event,2025-06-27,Art in the Park,E31,Number Adults Engaged
2700,Community Event,2025-06-27,Art in the Park,E31,Number Adults Engaged
2701,Community Event,2025-06-27,Art in the Park,E31,Number Adults Engaged
2702,Community Event,2025-06-27,Art in the Park,E31,Number Adults Engaged
2703,Community Event,2025-06-27,Art in the Park,E31,Number Adults Engaged
2704,Community Event,2025-06-27,Art in the Park,E31,Number Adults Engaged
2705,Community Event,2025-06-27,Art in the Park,E31,Number Adults Engaged
2706,Community Event,2025-06-27,Art in the Park,E31,Number Adults Engaged
2707,Community Event,2025-06-27,Art in the Park,E31,Number Adults Engaged
2708,Community Event,2025-06-27,Art in the Park,E31,Number Adults Engaged
2709,Community Event,2025-06-27,Art in the Park,E31,Number Adults Engaged
2710,Community Event,2025-06-27,Art in the Park,E31,Number Adults Engaged
2711,Community Event,2025-06-27,Art in the Park,E31,Number Adults Engaged
2712,Community Event,2025-06-27,Art in the Park,E31,Number Adults Engaged
2713,Community Event,2025-06-27,Art in the Park,E31,Number Adults Engaged
2714,Community Event,2025-06-27,Art in the Park,E31,Number Adults Engaged
2715,Community Event,2025-07-01,Storytime in the Park at Lincoln Park,E32,Number Kids Engaged
2716,Community Event,2025-07-01,Storytime in the Park at Lincoln Park,E32,Number Kids Engaged
2717,Community Event,2025-07-01,Storytime in the Park at Lincoln Park,E32,Number Kids Engaged
2718,Community Event,2025-07-01,Storytime in the Park at Lincoln Park,E32,Number Kids Engaged
2719,Community Event,2025-07-01,Storytime in the Park at Lincoln Park,E32,Number Kids Engaged
2720,Community Event,2025-07-01,Storytime in the Park at Lincoln Park,E32,Number Kids Engaged
2721,Community Event,2025-07-01,Storytime in the Park at Lincoln Park,E32,Number Kids Engaged
2722,Community Event,2025-07-01,Storytime in the Park at Lincoln Park,E32,Number Kids Engaged
2723,Community Event,2025-07-01,Storytime in the Park at Lincoln Park,E32,Number Kids Engaged
2724,Community Event,2025-07-01,Storytime in the Park at Lincoln Park,E32,Number Kids Engaged
2725,Community Event,2025-07-01,Storytime in the Park at Lincoln Park,E32,Number Kids Engaged
2726,Community Event,2025-07-01,Storytime in the Park at Lincoln Park,E32,Number Kids Engaged
2727,Community Event,2025-07-01,Storytime in the Park at Lincoln Park,E32,Number Kids Engaged
2728,Community Event,2025-07-01,Storytime in the Park at Lincoln Park,E32,Number Kids Engaged
2729,Community Event,2025-07-01,Storytime in the Park at Lincoln Park,E32,Number Kids Engaged
2730,Community Event,2025-07-01,Storytime in the Park at Lincoln Park,E32,Number Kids Engaged
2731,Community Event,2025-07-01,Storytime in the Park at Lincoln Park,E32,Number Kids Engaged
2732,Community Event,2025-07-01,Storytime in the Park at Lincoln Park,E32,Number Kids Engaged
2733,Community Event,2025-07-01,Storytime in the Park at Lincoln Park,E32,Number Kids Engaged
2734,Community Event,2025-07-01,Storytime in the Park at Lincoln Park,E32,Number Kids Engaged
2735,Community Event,2025-07-01,Storytime in the Park at Lincoln Park,E32,Number Kids Engaged
2736,Community Event,2025-07-01,Storytime in the Park at Lincoln Park,E32,Number Kids Engaged
2737,Community Event,2025-07-01,Storytime in the Park at Lincoln Park,E32,Number Adults Engaged
2738,Community Event,2025-07-01,Storytime in the Park at Lincoln Park,E32,Number Adults Engaged
2739,Community Event,2025-07-01,Storytime in the Park at Lincoln Park,E32,Number Adults Engaged
2740,Community Event,2025-07-01,Storytime in the Park at Lincoln Park,E32,Number Adults Engaged
2741,Community Event,2025-07-01,Storytime in the Park at Lincoln Park,E32,Number Adults Engaged
2742,Community Event,2025-07-01,Storytime in the Park at Lincoln Park,E32,Number Adults Engaged
2743,Community Event,2025-07-01,Storytime in the Park at Lincoln Park,E32,Number Adults Engaged
2744,Community Event,2025-07-01,Storytime in the Park at Lincoln Park,E32,Number Adults Engaged
2745,Community Event,2025-07-01,Storytime in the Park at Lincoln Park,E32,Number Adults Engaged
2746,Community Event,2025-07-01,Storytime in the Park at Lincoln Park,E32,Number Adults Engaged
2747,Community Event,2025-07-01,Storytime in the Park at Lincoln Park,E32,Number Adults Engaged
2748,Community Event,2025-07-01,Storytime in the Park at Lincoln Park,E32,Number Adults Engaged
2749,Community Event,2025-07-01,Storytime in the Park at Lincoln Park,E32,Number Adults Engaged
2750,Community Event,2025-07-01,Storytime in the Park at Lincoln Park,E32,Number Adults Engaged
2751,Community Event,2025-07-01,Storytime in the Park at Lincoln Park,E32,Number Adults Engaged
2752,Community Event,2025-07-01,Storytime in the Park at Lincoln Park,E32,Number Adults Engaged
2753,Community Event,2025-07-01,Storytime in the Park at Lincoln Park,E32,Number Adults Engaged
2754,Community Event,2025-07-01,Storytime in the Park at Lincoln Park,E32,Number Adults Engaged
2755,Community Event,2025-07-01,Storytime in the Park at Lincoln Park,E32,Number Adults Engaged
2756,Community Event,2025-07-01,Storytime in the Park at Lincoln Park,E32,Number Adults Engaged
2757,Community Event,2025-07-01,Storytime in the Park at Lincoln Park,E32,Number Adults Engaged
2758,Community Event,2025-07-01,Storytime in the Park at Lincoln Park,E32,Number Adults Engaged
2759,Community Event,2025-07-01,Storytime in the Park at Lincoln Park,E32,Number Adults Engaged
2760,Community Event,2025-07-01,Storytime in the Park at Lincoln Park,E32,Number Adults Engaged
2761,Partner Tabling,2025-07-02,North Kent Connect,E33,Number Kids Engaged
2762,Partner Tabling,2025-07-02,North Kent Connect,E33,Number Kids Engaged
2763,Partner Tabling,2025-07-02,North Kent Connect,E33,Number Kids Engaged
2764,Partner Tabling,2025-07-02,North Kent Connect,E33,Number Kids Engaged
2765,Partner Tabling,2025-07-02,North Kent Connect,E33,Number Kids Engaged
2766,Partner Tabling,2025-07-02,North Kent Connect,E33,Number Kids Engaged
2767,Partner Tabling,2025-07-02,North Kent Connect,E33,Number Kids Engaged
2768,Partner Tabling,2025-07-02,North Kent Connect,E33,Number Kids Engaged
2769,Partner Tabling,2025-07-02,North Kent Connect,E33,Number Kids Engaged
2770,Partner Tabling,2025-07-02,North Kent Connect,E33,Number Kids Engaged
2771,Partner Tabling,2025-07-02,North Kent Connect,E33,Number Kids Engaged
2772,Partner Tabling,2025-07-02,North Kent Connect,E33,Number Adults Engaged
2773,Partner Tabling,2025-07-02,North Kent Connect,E33,Number Adults Engaged
2774,Partner Tabling,2025-07-02,North Kent Connect,E33,Number Adults Engaged
2775,Partner Tabling,2025-07-02,North Kent Connect,E33,Number Adults Engaged
2776,Partner Tabling,2025-07-02,North Kent Connect,E33,Number Adults Engaged
2777,Partner Tabling,2025-07-02,North Kent Connect,E33,Number Adults Engaged
2778,Partner Tabling,2025-07-02,North Kent Connect,E33,Number Adults Engaged
2779,Partner Tabling,2025-07-02,North Kent Connect,E33,Number Adults Engaged
2780,Partner Tabling,2025-07-02,North Kent Connect,E33,Number Adults Engaged
2781,Partner Tabling,2025-07-02,North Kent Connect,E33,Number Adults Engaged
2782,Partner Tabling,2025-07-02,North Kent Connect,E33,Number Adults Engaged
2783,Partner Tabling,2025-07-02,North Kent Connect,E33,Number Adults Engaged
2784,Partner Tabling,2025-07-02,North Kent Connect,E33,Number Adults Engaged
2785,Partner Tabling,2025-07-02,North Kent Connect,E33,Number Adults Engaged
2786,Partner Tabling,2025-07-02,North Kent Connect,E33,Number Adults Engaged
2787,Partner Tabling,2025-07-02,North Kent Connect,E33,Number Adults Engaged
2788,Partner Tabling,2025-07-02,North Kent Connect,E33,Number Adults Engaged
2789,Partner Tabling,2025-07-02,North Kent Connect,E33,Number Adults Engaged
2790,Partner Tabling,2025-07-02,North Kent Connect,E33,Number Adults Engaged
2791,Partner Tabling,2025-07-02,North Kent Connect,E33,Number Adults Engaged
2792,Partner Tabling,2025-07-02,North Kent Connect,E33,Number Adults Engaged
2793,Partner Tabling,2025-07-02,North Kent Connect,E33,Number Adults Engaged
2794,Partner Tabling,2025-07-02,North Kent Connect,E33,Number Adults Engaged
2795,Partner Tabling,2025-07-02,In the Image,E34,Number Kids Engaged
2796,Partner Tabling,2025-07-02,In the Image,E34,Number Kids Engaged
2797,Partner Tabling,2025-07-02,In the Image,E34,Number Kids Engaged
2798,Partner Tabling,2025-07-02,In the Image,E34,Number Kids Engaged
2799,Partner Tabling,2025-07-02,In the Image,E34,Number Kids Engaged
2800,Partner Tabling,2025-07-02,In the Image,E34,Number Kids Engaged
2801,Partner Tabling,2025-07-02,In the Image,E34,Number Kids Engaged
2802,Partner Tabling,2025-07-02,In the Image,E34,Number Kids Engaged
2803,Partner Tabling,2025-07-02,In the Image,E34,Number Kids Engaged
2804,Partner Tabling,2025-07-02,In the Image,E34,Number Kids Engaged
2805,Partner Tabling,2025-07-02,In the Image,E34,Number Kids Engaged
2806,Partner Tabling,2025-07-02,In the Image,E34,Number Kids Engaged
2807,Partner Tabling,2025-07-02,In the Image,E34,Number Kids Engaged
2808,Partner Tabling,2025-07-02,In the Image,E34,Number Kids Engaged
2809,Partner Tabling,2025-07-02,In the Image,E34,Number Kids Engaged
2810,Partner Tabling,2025-07-02,In the Image,E34,Number Kids Engaged
2811,Partner Tabling,2025-07-02,In the Image,E34,Number Adults Engaged
2812,Partner Tabling,2025-07-02,In the Image,E34,Number Adults Engaged
2813,Partner Tabling,2025-07-02,In the Image,E34,Number Adults Engaged
2814,Partner Tabling,2025-07-02,In the Image,E34,Number Adults Engaged
2815,Partner Tabling,2025-07-02,In the Image,E34,Number Adults Engaged
2816,Partner Tabling,2025-07-02,In the Image,E34,Number Adults Engaged
2817,Community Event,2025-07-08,Storytime in the Park at Lincoln Park,E35,Number Kids Engaged
2818,Community Event,2025-07-08,Storytime in the Park at Lincoln Park,E35,Number Kids Engaged
2819,Community Event,2025-07-08,Storytime in the Park at Lincoln Park,E35,Number Kids Engaged
2820,Community Event,2025-07-08,Storytime in the Park at Lincoln Park,E35,Number Kids Engaged
2821,Community Event,2025-07-08,Storytime in the Park at Lincoln Park,E35,Number Kids Engaged
2822,Community Event,2025-07-08,Storytime in the Park at Lincoln Park,E35,Number Kids Engaged
2823,Community Event,2025-07-08,Storytime in the Park at Lincoln Park,E35,Number Kids Engaged
2824,Community Event,2025-07-08,Storytime in the Park at Lincoln Park,E35,Number Kids Engaged
2825,Community Event,2025-07-08,Storytime in the Park at Lincoln Park,E35,Number Kids Engaged
2826,Community Event,2025-07-08,Storytime in the Park at Lincoln Park,E35,Number Kids Engaged
2827,Community Event,2025-07-08,Storytime in the Park at Lincoln Park,E35,Number Kids Engaged
2828,Community Event,2025-07-08,Storytime in the Park at Lincoln Park,E35,Number Kids Engaged
2829,Community Event,2025-07-08,Storytime in the Park at Lincoln Park,E35,Number Kids Engaged
2830,Community Event,2025-07-08,Storytime in the Park at Lincoln Park,E35,Number Kids Engaged
2831,Community Event,2025-07-08,Storytime in the Park at Lincoln Park,E35,Number Kids Engaged
2832,Community Event,2025-07-08,Storytime in the Park at Lincoln Park,E35,Number Kids Engaged
2833,Community Event,2025-07-08,Storytime in the Park at Lincoln Park,E35,Number Kids Engaged
2834,Community Event,2025-07-08,Storytime in the Park at Lincoln Park,E35,Number Kids Engaged
2835,Community Event,2025-07-08,Storytime in the Park at Lincoln Park,E35,Number Kids Engaged
2836,Community Event,2025-07-08,Storytime in the Park at Lincoln Park,E35,Number Kids Engaged
2837,Community Event,2025-07-08,Storytime in the Park at Lincoln Park,E35,Number Kids Engaged
2838,Community Event,2025-07-08,Storytime in the Park at Lincoln Park,E35,Number Kids Engaged
2839,Community Event,2025-07-08,Storytime in the Park at Lincoln Park,E35,Number Adults Engaged
2840,Community Event,2025-07-08,Storytime in the Park at Lincoln Park,E35,Number Adults Engaged
2841,Community Event,2025-07-08,Storytime in the Park at Lincoln Park,E35,Number Adults Engaged
2842,Community Event,2025-07-08,Storytime in the Park at Lincoln Park,E35,Number Adults Engaged
2843,Community Event,2025-07-08,Storytime in the Park at Lincoln Park,E35,Number Adults Engaged
2844,Community Event,2025-07-08,Storytime in the Park at Lincoln Park,E35,Number Adults Engaged
2845,Community Event,2025-07-08,Storytime in the Park at Lincoln Park,E35,Number Adults Engaged
2846,Community Event,2025-07-08,Storytime in the Park at Lincoln Park,E35,Number Adults Engaged
2847,Community Event,2025-07-08,Storytime in the Park at Lincoln Park,E35,Number Adults Engaged
2848,Community Event,2025-07-08,Storytime in the Park at Lincoln Park,E35,Number Adults Engaged
2849,Community Event,2025-07-08,Storytime in the Park at Lincoln Park,E35,Number Adults Engaged
2850,Community Event,2025-07-08,Storytime in the Park at Lincoln Park,E35,Number Adults Engaged
2851,Community Event,2025-07-08,Storytime in the Park at Lincoln Park,E35,Number Adults Engaged
2852,Community Event,2025-07-08,Storytime in the Park at Lincoln Park,E35,Number Adults Engaged
2853,Community Event,2025-07-08,Storytime in the Park at Lincoln Park,E35,Number Adults Engaged
2854,Community Event,2025-07-08,Storytime in the Park at Lincoln Park,E35,Number Adults Engaged
2855,Community Event,2025-07-08,Storytime in the Park at Lincoln Park,E35,Number Adults Engaged
2856,Community Event,2025-07-08,Storytime in the Park at Lincoln Park,E35,Number Adults Engaged
2857,Community Event,2025-07-08,Storytime in the Park at Lincoln Park,E35,Number Adults Engaged
2858,Partner Tabling,2025-07-10,Streams of Hope,E36,Number Kids Engaged
2859,Partner Tabling,2025-07-10,Streams of Hope,E36,Number Kids Engaged
2860,Partner Tabling,2025-07-10,Streams of Hope,E36,Number Kids Engaged
2861,Partner Tabling,2025-07-10,Streams of Hope,E36,Number Kids Engaged
2862,Partner Tabling,2025-07-10,Streams of Hope,E36,Number Kids Engaged
2863,Partner Tabling,2025-07-10,Streams of Hope,E36,Number Kids Engaged
2864,Partner Tabling,2025-07-10,Streams of Hope,E36,Number Kids Engaged
2865,Partner Tabling,2025-07-10,Streams of Hope,E36,Number Kids Engaged
2866,Partner Tabling,2025-07-10,Streams of Hope,E36,Number Kids Engaged
2867,Partner Tabling,2025-07-10,Streams of Hope,E36,Number Kids Engaged
2868,Partner Tabling,2025-07-10,Streams of Hope,E36,Number Kids Engaged
2869,Partner Tabling,2025-07-10,Streams of Hope,E36,Number Adults Engaged
2870,Partner Tabling,2025-07-10,Streams of Hope,E36,Number Adults Engaged
2871,Partner Tabling,2025-07-10,Streams of Hope,E36,Number Adults Engaged
2872,Partner Tabling,2025-07-10,Streams of Hope,E36,Number Adults Engaged
2873,Partner Tabling,2025-07-10,Streams of Hope,E36,Number Adults Engaged
2874,Partner Tabling,2025-07-10,Streams of Hope,E36,Number Adults Engaged
2875,Partner Tabling,2025-07-10,Streams of Hope,E36,Number Adults Engaged
2876,Partner Tabling,2025-07-10,Streams of Hope,E36,Number Adults Engaged
2877,Partner Tabling,2025-07-10,Streams of Hope,E36,Number Adults Engaged
2878,Partner Tabling,2025-07-10,Streams of Hope,E36,Number Adults Engaged
2879,Partner Tabling,2025-07-10,Streams of Hope,E36,Number Adults Engaged
2880,Partner Tabling,2025-07-10,Streams of Hope,E36,Number Adults Engaged
2881,Partner Tabling,2025-07-10,Streams of Hope,E36,Number Adults Engaged
2882,Partner Tabling,2025-07-10,Streams of Hope,E36,Number Adults Engaged
2883,Partner Tabling,2025-07-10,Streams of Hope,E36,Number Adults Engaged
2884,Partner Tabling,2025-07-10,Streams of Hope,E36,Number Adults Engaged
2885,Partner Tabling,2025-07-10,Streams of Hope,E36,Number Adults Engaged
2886,Partner Tabling,2025-07-10,Streams of Hope,E36,Number Adults Engaged
2887,Partner Tabling,2025-07-10,Streams of Hope,E36,Number Adults Engaged
2888,Partner Tabling,2025-07-14,Grand Rapids Public Library Main Branch,E37,Number Kids Engaged
2889,Partner Tabling,2025-07-14,Grand Rapids Public Library Main Branch,E37,Number Kids Engaged
2890,Partner Tabling,2025-07-14,Grand Rapids Public Library Main Branch,E37,Number Kids Engaged
2891,Partner Tabling,2025-07-14,Grand Rapids Public Library Main Branch,E37,Number Kids Engaged
2892,Partner Tabling,2025-07-14,Grand Rapids Public Library Main Branch,E37,Number Kids Engaged
2893,Partner Tabling,2025-07-14,Grand Rapids Public Library Main Branch,E37,Number Kids Engaged
2894,Partner Tabling,2025-07-14,Grand Rapids Public Library Main Branch,E37,Number Kids Engaged
2895,Partner Tabling,2025-07-14,Grand Rapids Public Library Main Branch,E37,Number Kids Engaged
2896,Partner Tabling,2025-07-14,Grand Rapids Public Library Main Branch,E37,Number Kids Engaged
2897,Partner Tabling,2025-07-14,Grand Rapids Public Library Main Branch,E37,Number Kids Engaged
2898,Partner Tabling,2025-07-14,Grand Rapids Public Library Main Branch,E37,Number Kids Engaged
2899,Partner Tabling,2025-07-14,Grand Rapids Public Library Main Branch,E37,Number Kids Engaged
2900,Partner Tabling,2025-07-14,Grand Rapids Public Library Main Branch,E37,Number Adults Engaged
2901,Partner Tabling,2025-07-14,Grand Rapids Public Library Main Branch,E37,Number Adults Engaged
2902,Partner Tabling,2025-07-14,Grand Rapids Public Library Main Branch,E37,Number Adults Engaged
2903,Partner Tabling,2025-07-14,Grand Rapids Public Library Main Branch,E37,Number Adults Engaged
2904,Partner Tabling,2025-07-14,Grand Rapids Public Library Main Branch,E37,Number Adults Engaged
2905,Partner Tabling,2025-07-14,Grand Rapids Public Library Main Branch,E37,Number Adults Engaged
2906,Partner Tabling,2025-07-14,Grand Rapids Public Library Main Branch,E37,Number Adults Engaged
2907,Partner Tabling,2025-07-14,Grand Rapids Public Library Main Branch,E37,Number Adults Engaged
2908,Partner Tabling,2025-07-14,Grand Rapids Public Library Main Branch,E37,Number Adults Engaged
2909,Partner Tabling,2025-07-14,Grand Rapids Public Library Main Branch,E37,Number Adults Engaged
2910,Partner Tabling,2025-07-14,Grand Rapids Public Library Main Branch,E37,Number Adults Engaged
2911,Partner Tabling,2025-07-14,Grand Rapids Public Library Main Branch,E37,Number Adults Engaged
2912,Partner Tabling,2025-07-14,Grand Rapids Public Library Main Branch,E37,Number Adults Engaged
2913,Partner Tabling,2025-07-14,Grand Rapids Public Library Main Branch,E37,Number Adults Engaged
2914,Partner Tabling,2025-07-14,Grand Rapids Public Library Main Branch,E37,Number Adults Engaged
2915,Partner Tabling,2025-07-14,Grand Rapids Public Library Main Branch,E37,Number Adults Engaged
2916,Community Event,2025-07-15,Storytime in the Park at Lincoln Park,E38,Number Kids Engaged
2917,Community Event,2025-07-15,Storytime in the Park at Lincoln Park,E38,Number Kids Engaged
2918,Community Event,2025-07-15,Storytime in the Park at Lincoln Park,E38,Number Kids Engaged
2919,Community Event,2025-07-15,Storytime in the Park at Lincoln Park,E38,Number Kids Engaged
2920,Community Event,2025-07-15,Storytime in the Park at Lincoln Park,E38,Number Kids Engaged
2921,Community Event,2025-07-15,Storytime in the Park at Lincoln Park,E38,Number Kids Engaged
2922,Community Event,2025-07-15,Storytime in the Park at Lincoln Park,E38,Number Kids Engaged
2923,Community Event,2025-07-15,Storytime in the Park at Lincoln Park,E38,Number Kids Engaged
2924,Community Event,2025-07-15,Storytime in the Park at Lincoln Park,E38,Number Kids Engaged
2925,Community Event,2025-07-15,Storytime in the Park at Lincoln Park,E38,Number Kids Engaged
2926,Community Event,2025-07-15,Storytime in the Park at Lincoln Park,E38,Number Kids Engaged
2927,Community Event,2025-07-15,Storytime in the Park at Lincoln Park,E38,Number Kids Engaged
2928,Community Event,2025-07-15,Storytime in the Park at Lincoln Park,E38,Number Kids Engaged
2929,Community Event,2025-07-15,Storytime in the Park at Lincoln Park,E38,Number Kids Engaged
2930,Community Event,2025-07-15,Storytime in the Park at Lincoln Park,E38,Number Kids Engaged
2931,Community Event,2025-07-15,Storytime in the Park at Lincoln Park,E38,Number Kids Engaged
2932,Community Event,2025-07-15,Storytime in the Park at Lincoln Park,E38,Number Kids Engaged
2933,Community Event,2025-07-15,Storytime in the Park at Lincoln Park,E38,Number Kids Engaged
2934,Community Event,2025-07-15,Storytime in the Park at Lincoln Park,E38,Number Kids Engaged
2935,Community Event,2025-07-15,Storytime in the Park at Lincoln Park,E38,Number Kids Engaged
2936,Community Event,2025-07-15,Storytime in the Park at Lincoln Park,E38,Number Kids Engaged
2937,Community Event,2025-07-15,Storytime in the Park at Lincoln Park,E38,Number Kids Engaged
2938,Community Event,2025-07-15,Storytime in the Park at Lincoln Park,E38,Number Kids Engaged
2939,Community Event,2025-07-15,Storytime in the Park at Lincoln Park,E38,Number Kids Engaged
2940,Community Event,2025-07-15,Storytime in the Park at Lincoln Park,E38,Number Kids Engaged
2941,Community Event,2025-07-15,Storytime in the Park at Lincoln Park,E38,Number Kids Engaged
2942,Community Event,2025-07-15,Storytime in the Park at Lincoln Park,E38,Number Kids Engaged
2943,Community Event,2025-07-15,Storytime in the Park at Lincoln Park,E38,Number Kids Engaged
2944,Community Event,2025-07-15,Storytime in the Park at Lincoln Park,E38,Number Kids Engaged
2945,Community Event,2025-07-15,Storytime in the Park at Lincoln Park,E38,Number Kids Engaged
2946,Community Event,2025-07-15,Storytime in the Park at Lincoln Park,E38,Number Kids Engaged
2947,Community Event,2025-07-15,Storytime in the Park at Lincoln Park,E38,Number Kids Engaged
2948,Community Event,2025-07-15,Storytime in the Park at Lincoln Park,E38,Number Kids Engaged
2949,Community Event,2025-07-15,Storytime in the Park at Lincoln Park,E38,Number Kids Engaged
2950,Community Event,2025-07-15,Storytime in the Park at Lincoln Park,E38,Number Kids Engaged
2951,Community Event,2025-07-15,Storytime in the Park at Lincoln Park,E38,Number Kids Engaged
2952,Community Event,2025-07-15,Storytime in the Park at Lincoln Park,E38,Number Kids Engaged
2953,Community Event,2025-07-15,Storytime in the Park at Lincoln Park,E38,Number Kids Engaged
2954,Community Event,2025-07-15,Storytime in the Park at Lincoln Park,E38,Number Adults Engaged
2955,Community Event,2025-07-15,Storytime in the Park at Lincoln Park,E38,Number Adults Engaged
2956,Community Event,2025-07-15,Storytime in the Park at Lincoln Park,E38,Number Adults Engaged
2957,Community Event,2025-07-15,Storytime in the Park at Lincoln Park,E38,Number Adults Engaged
2958,Community Event,2025-07-15,Storytime in the Park at Lincoln Park,E38,Number Adults Engaged
2959,Community Event,2025-07-15,Storytime in the Park at Lincoln Park,E38,Number Adults Engaged
2960,Community Event,2025-07-15,Storytime in the Park at Lincoln Park,E38,Number Adults Engaged
2961,Community Event,2025-07-15,Storytime in the Park at Lincoln Park,E38,Number Adults Engaged
2962,Community Event,2025-07-15,Storytime in the Park at Lincoln Park,E38,Number Adults Engaged
2963,Community Event,2025-07-15,Storytime in the Park at Lincoln Park,E38,Number Adults Engaged
2964,Community Event,2025-07-15,Storytime in the Park at Lincoln Park,E38,Number Adults Engaged
2965,Community Event,2025-07-15,Storytime in the Park at Lincoln Park,E38,Number Adults Engaged
2966,Community Event,2025-07-15,Storytime in the Park at Lincoln Park,E38,Number Adults Engaged
2967,Community Event,2025-07-15,Storytime in the Park at Lincoln Park,E38,Number Adults Engaged
2968,Community Event,2025-07-15,Storytime in the Park at Lincoln Park,E38,Number Adults Engaged
2969,Community Event,2025-07-15,Storytime in the Park at Lincoln Park,E38,Number Adults Engaged
2970,Community Event,2025-07-16,Community Night,E39,Number Kids Engaged
2971,Community Event,2025-07-16,Community Night,E39,Number Kids Engaged
2972,Community Event,2025-07-16,Community Night,E39,Number Kids Engaged
2973,Community Event,2025-07-16,Community Night,E39,Number Kids Engaged
2974,Community Event,2025-07-16,Community Night,E39,Number Kids Engaged
2975,Community Event,2025-07-16,Community Night,E39,Number Kids Engaged
2976,Community Event,2025-07-16,Community Night,E39,Number Kids Engaged
2977,Community Event,2025-07-16,Community Night,E39,Number Kids Engaged
2978,Community Event,2025-07-16,Community Night,E39,Number Kids Engaged
2979,Community Event,2025-07-16,Community Night,E39,Number Kids Engaged
2980,Community Event,2025-07-16,Community Night,E39,Number Kids Engaged
2981,Community Event,2025-07-16,Community Night,E39,Number Kids Engaged
2982,Community Event,2025-07-16,Community Night,E39,Number Kids Engaged
2983,Community Event,2025-07-16,Community Night,E39,Number Kids Engaged
2984,Community Event,2025-07-16,Community Night,E39,Number Kids Engaged
2985,Community Event,2025-07-16,Community Night,E39,Number Kids Engaged
2986,Community Event,2025-07-16,Community Night,E39,Number Kids Engaged
2987,Community Event,2025-07-16,Community Night,E39,Number Kids Engaged
2988,Community Event,2025-07-16,Community Night,E39,Number Kids Engaged
2989,Community Event,2025-07-16,Community Night,E39,Number Kids Engaged
2990,Community Event,2025-07-16,Community Night,E39,Number Kids Engaged
2991,Community Event,2025-07-16,Community Night,E39,Number Kids Engaged
2992,Community Event,2025-07-16,Community Night,E39,Number Kids Engaged
2993,Community Event,2025-07-16,Community Night,E39,Number Kids Engaged
2994,Community Event,2025-07-16,Community Night,E39,Number Kids Engaged
2995,Community Event,2025-07-16,Community Night,E39,Number Kids Engaged
2996,Community Event,2025-07-16,Community Night,E39,Number Kids Engaged
2997,Community Event,2025-07-16,Community Night,E39,Number Kids Engaged
2998,Community Event,2025-07-16,Community Night,E39,Number Kids Engaged
2999,Community Event,2025-07-16,Community Night,E39,Number Kids Engaged
3000,Community Event,2025-07-16,Community Night,E39,Number Kids Engaged
3001,Community Event,2025-07-16,Community Night,E39,Number Adults Engaged
3002,Community Event,2025-07-16,Community Night,E39,Number Adults Engaged
3003,Community Event,2025-07-16,Community Night,E39,Number Adults Engaged
3004,Community Event,2025-07-16,Community Night,E39,Number Adults Engaged
3005,Community Event,2025-07-16,Community Night,E39,Number Adults Engaged
3006,Community Event,2025-07-16,Community Night,E39,Number Adults Engaged
3007,Community Event,2025-07-16,Community Night,E39,Number Adults Engaged
3008,Community Event,2025-07-16,Community Night,E39,Number Adults Engaged
3009,Community Event,2025-07-16,Community Night,E39,Number Adults Engaged
3010,Community Event,2025-07-16,Community Night,E39,Number Adults Engaged
3011,Community Event,2025-07-16,Community Night,E39,Number Adults Engaged
3012,Community Event,2025-07-16,Community Night,E39,Number Adults Engaged
3013,Community Event,2025-07-16,Community Night,E39,Number Adults Engaged
3014,Community Event,2025-07-16,Community Night,E39,Number Adults Engaged
3015,Community Event,2025-07-16,Community Night,E39,Number Adults Engaged
3016,Community Event,2025-07-16,Community Night,E39,Number Adults Engaged
3017,Community Event,2025-07-16,Community Night,E39,Number Adults Engaged
3018,Community Event,2025-07-16,Community Night,E39,Number Adults Engaged
3019,Community Event,2025-07-16,Community Night,E39,Number Adults Engaged
3020,Community Event,2025-07-16,Community Night,E39,Number Adults Engaged
3021,Community Event,2025-07-16,Community Night,E39,Number Adults Engaged
3022,Community Event,2025-07-16,Community Night,E39,Number Adults Engaged
3023,Community Event,2025-07-16,Community Night,E39,Number Adults Engaged
3024,Community Event,2025-07-16,Community Night,E39,Number Adults Engaged
3025,Community Event,2025-07-16,Community Night,E39,Number Adults Engaged
3026,Community Event,2025-07-16,Community Night,E39,Number Adults Engaged
3027,Community Event,2025-07-16,Community Night,E39,Number Adults Engaged
3028,Community Event,2025-07-16,Millennium Park Beach Day,E40,Number Kids Engaged
3029,Community Event,2025-07-16,Millennium Park Beach Day,E40,Number Kids Engaged
3030,Community Event,2025-07-16,Millennium Park Beach Day,E40,Number Kids Engaged
3031,Community Event,2025-07-16,Millennium Park Beach Day,E40,Number Kids Engaged
3032,Community Event,2025-07-16,Millennium Park Beach Day,E40,Number Kids Engaged
3033,Community Event,2025-07-16,Millennium Park Beach Day,E40,Number Kids Engaged
3034,Community Event,2025-07-16,Millennium Park Beach Day,E40,Number Kids Engaged
3035,Community Event,2025-07-16,Millennium Park Beach Day,E40,Number Kids Engaged
3036,Community Event,2025-07-16,Millennium Park Beach Day,E40,Number Kids Engaged
3037,Community Event,2025-07-16,Millennium Park Beach Day,E40,Number Kids Engaged
3038,Community Event,2025-07-16,Millennium Park Beach Day,E40,Number Kids Engaged
3039,Community Event,2025-07-16,Millennium Park Beach Day,E40,Number Kids Engaged
3040,Community Event,2025-07-16,Millennium Park Beach Day,E40,Number Kids Engaged
3041,Community Event,2025-07-16,Millennium Park Beach Day,E40,Number Kids Engaged
3042,Community Event,2025-07-16,Millennium Park Beach Day,E40,Number Kids Engaged
3043,Community Event,2025-07-16,Millennium Park Beach Day,E40,Number Kids Engaged
3044,Community Event,2025-07-16,Millennium Park Beach Day,E40,Number Kids Engaged
3045,Community Event,2025-07-16,Millennium Park Beach Day,E40,Number Kids Engaged
3046,Community Event,2025-07-16,Millennium Park Beach Day,E40,Number Kids Engaged
3047,Community Event,2025-07-16,Millennium Park Beach Day,E40,Number Kids Engaged
3048,Community Event,2025-07-16,Millennium Park Beach Day,E40,Number Kids Engaged
3049,Community Event,2025-07-16,Millennium Park Beach Day,E40,Number Kids Engaged
3050,Community Event,2025-07-16,Millennium Park Beach Day,E40,Number Kids Engaged
3051,Community Event,2025-07-16,Millennium Park Beach Day,E40,Number Kids Engaged
3052,Community Event,2025-07-16,Millennium Park Beach Day,E40,Number Kids Engaged
3053,Community Event,2025-07-16,Millennium Park Beach Day,E40,Number Kids Engaged
3054,Community Event,2025-07-16,Millennium Park Beach Day,E40,Number Kids Engaged
3055,Community Event,2025-07-16,Millennium Park Beach Day,E40,Number Kids Engaged
3056,Community Event,2025-07-16,Millennium Park Beach Day,E40,Number Kids Engaged
3057,Community Event,2025-07-16,Millennium Park Beach Day,E40,Number Kids Engaged
3058,Community Event,2025-07-16,Millennium Park Beach Day,E40,Number Kids Engaged
3059,Community Event,2025-07-16,Millennium Park Beach Day,E40,Number Kids Engaged
3060,Community Event,2025-07-16,Millennium Park Beach Day,E40,Number Kids Engaged
3061,Community Event,2025-07-16,Millennium Park Beach Day,E40,Number Kids Engaged
3062,Community Event,2025-07-16,Millennium Park Beach Day,E40,Number Kids Engaged
3063,Community Event,2025-07-16,Millennium Park Beach Day,E40,Number Kids Engaged
3064,Community Event,2025-07-16,Millennium Park Beach Day,E40,Number Kids Engaged
3065,Community Event,2025-07-16,Millennium Park Beach Day,E40,Number Kids Engaged
3066,Community Event,2025-07-16,Millennium Park Beach Day,E40,Number Kids Engaged
3067,Community Event,2025-07-16,Millennium Park Beach Day,E40,Number Kids Engaged
3068,Community Event,2025-07-16,Millennium Park Beach Day,E40,Number Kids Engaged
3069,Community Event,2025-07-16,Millennium Park Beach Day,E40,Number Kids Engaged
3070,Community Event,2025-07-16,Millennium Park Beach Day,E40,Number Kids Engaged
3071,Community Event,2025-07-16,Millennium Park Beach Day,E40,Number Kids Engaged
3072,Community Event,2025-07-16,Millennium Park Beach Day,E40,Number Kids Engaged
3073,Community Event,2025-07-16,Millennium Park Beach Day,E40,Number Kids Engaged
3074,Community Event,2025-07-16,Millennium Park Beach Day,E40,Number Kids Engaged
3075,Community Event,2025-07-16,Millennium Park Beach Day,E40,Number Kids Engaged
3076,Community Event,2025-07-16,Millennium Park Beach Day,E40,Number Kids Engaged
3077,Community Event,2025-07-16,Millennium Park Beach Day,E40,Number Kids Engaged
3078,Community Event,2025-07-16,Millennium Park Beach Day,E40,Number Kids Engaged
3079,Community Event,2025-07-16,Millennium Park Beach Day,E40,Number Kids Engaged
3080,Community Event,2025-07-16,Millennium Park Beach Day,E40,Number Kids Engaged
3081,Community Event,2025-07-16,Millennium Park Beach Day,E40,Number Kids Engaged
3082,Community Event,2025-07-16,Millennium Park Beach Day,E40,Number Kids Engaged
3083,Community Event,2025-07-16,Millennium Park Beach Day,E40,Number Kids Engaged
3084,Community Event,2025-07-16,Millennium Park Beach Day,E40,Number Kids Engaged
3085,Community Event,2025-07-16,Millennium Park Beach Day,E40,Number Kids Engaged
3086,Community Event,2025-07-16,Millennium Park Beach Day,E40,Number Kids Engaged
3087,Community Event,2025-07-16,Millennium Park Beach Day,E40,Number Kids Engaged
3088,Community Event,2025-07-16,Millennium Park Beach Day,E40,Number Kids Engaged
3089,Community Event,2025-07-16,Millennium Park Beach Day,E40,Number Kids Engaged
3090,Community Event,2025-07-16,Millennium Park Beach Day,E40,Number Kids Engaged
3091,Community Event,2025-07-16,Millennium Park Beach Day,E40,Number Kids Engaged
3092,Community Event,2025-07-16,Millennium Park Beach Day,E40,Number Kids Engaged
3093,Community Event,2025-07-16,Millennium Park Beach Day,E40,Number Kids Engaged
3094,Community Event,2025-07-16,Millennium Park Beach Day,E40,Number Kids Engaged
3095,Community Event,2025-07-16,Millennium Park Beach Day,E40,Number Kids Engaged
3096,Community Event,2025-07-16,Millennium Park Beach Day,E40,Number Kids Engaged
3097,Community Event,2025-07-16,Millennium Park Beach Day,E40,Number Kids Engaged
3098,Community Event,2025-07-16,Millennium Park Beach Day,E40,Number Kids Engaged
3099,Community Event,2025-07-16,Millennium Park Beach Day,E40,Number Kids Engaged
3100,Community Event,2025-07-16,Millennium Park Beach Day,E40,Number Kids Engaged
3101,Community Event,2025-07-16,Millennium Park Beach Day,E40,Number Kids Engaged
3102,Community Event,2025-07-16,Millennium Park Beach Day,E40,Number Kids Engaged
3103,Community Event,2025-07-16,Millennium Park Beach Day,E40,Number Kids Engaged
3104,Community Event,2025-07-16,Millennium Park Beach Day,E40,Number Kids Engaged
3105,Community Event,2025-07-16,Millennium Park Beach Day,E40,Number Kids Engaged
3106,Community Event,2025-07-16,Millennium Park Beach Day,E40,Number Kids Engaged
3107,Community Event,2025-07-16,Millennium Park Beach Day,E40,Number Kids Engaged
3108,Community Event,2025-07-16,Millennium Park Beach Day,E40,Number Kids Engaged
3109,Community Event,2025-07-16,Millennium Park Beach Day,E40,Number Kids Engaged
3110,Community Event,2025-07-16,Millennium Park Beach Day,E40,Number Kids Engaged
3111,Community Event,2025-07-16,Millennium Park Beach Day,E40,Number Kids Engaged
3112,Community Event,2025-07-16,Millennium Park Beach Day,E40,Number Kids Engaged
3113,Community Event,2025-07-16,Millennium Park Beach Day,E40,Number Kids Engaged
3114,Community Event,2025-07-16,Millennium Park Beach Day,E40,Number Kids Engaged
3115,Community Event,2025-07-16,Millennium Park Beach Day,E40,Number Kids Engaged
3116,Community Event,2025-07-16,Millennium Park Beach Day,E40,Number Kids Engaged
3117,Community Event,2025-07-16,Millennium Park Beach Day,E40,Number Kids Engaged
3118,Community Event,2025-07-16,Millennium Park Beach Day,E40,Number Kids Engaged
3119,Community Event,2025-07-16,Millennium Park Beach Day,E40,Number Kids Engaged
3120,Community Event,2025-07-16,Millennium Park Beach Day,E40,Number Kids Engaged
3121,Community Event,2025-07-16,Millennium Park Beach Day,E40,Number Kids Engaged
3122,Community Event,2025-07-16,Millennium Park Beach Day,E40,Number Kids Engaged
3123,Community Event,2025-07-16,Millennium Park Beach Day,E40,Number Kids Engaged
3124,Community Event,2025-07-16,Millennium Park Beach Day,E40,Number Adults Engaged
3125,Community Event,2025-07-16,Millennium Park Beach Day,E40,Number Adults Engaged
3126,Community Event,2025-07-16,Millennium Park Beach Day,E40,Number Adults Engaged
3127,Community Event,2025-07-16,Millennium Park Beach Day,E40,Number Adults Engaged
3128,Community Event,2025-07-16,Millennium Park Beach Day,E40,Number Adults Engaged
3129,Community Event,2025-07-16,Millennium Park Beach Day,E40,Number Adults Engaged
3130,Community Event,2025-07-16,Millennium Park Beach Day,E40,Number Adults Engaged
3131,Community Event,2025-07-16,Millennium Park Beach Day,E40,Number Adults Engaged
3132,Community Event,2025-07-16,Millennium Park Beach Day,E40,Number Adults Engaged
3133,Community Event,2025-07-16,Millennium Park Beach Day,E40,Number Adults Engaged
3134,Community Event,2025-07-16,Millennium Park Beach Day,E40,Number Adults Engaged
3135,Community Event,2025-07-16,Millennium Park Beach Day,E40,Number Adults Engaged
3136,Community Event,2025-07-16,Millennium Park Beach Day,E40,Number Adults Engaged
3137,Community Event,2025-07-16,Millennium Park Beach Day,E40,Number Adults Engaged
3138,Community Event,2025-07-16,Millennium Park Beach Day,E40,Number Adults Engaged
3139,Community Event,2025-07-16,Millennium Park Beach Day,E40,Number Adults Engaged
3140,Community Event,2025-07-16,Millennium Park Beach Day,E40,Number Adults Engaged
3141,Community Event,2025-07-16,Millennium Park Beach Day,E40,Number Adults Engaged
3142,Community Event,2025-07-16,Millennium Park Beach Day,E40,Number Adults Engaged
3143,Community Event,2025-07-16,Millennium Park Beach Day,E40,Number Adults Engaged
3144,Community Event,2025-07-16,Millennium Park Beach Day,E40,Number Adults Engaged
3145,Community Event,2025-07-16,Millennium Park Beach Day,E40,Number Adults Engaged
3146,Community Event,2025-07-16,Millennium Park Beach Day,E40,Number Adults Engaged
3147,Community Event,2025-07-16,Millennium Park Beach Day,E40,Number Adults Engaged
3148,Community Event,2025-07-16,Millennium Park Beach Day,E40,Number Adults Engaged
3149,Community Event,2025-07-16,Millennium Park Beach Day,E40,Number Adults Engaged
3150,Community Event,2025-07-16,Millennium Park Beach Day,E40,Number Adults Engaged
3151,Community Event,2025-07-16,Millennium Park Beach Day,E40,Number Adults Engaged
3152,Community Event,2025-07-16,Millennium Park Beach Day,E40,Number Adults Engaged
3153,Community Event,2025-07-16,Millennium Park Beach Day,E40,Number Adults Engaged
3154,Community Event,2025-07-16,Millennium Park Beach Day,E40,Number Adults Engaged
3155,Community Event,2025-07-16,Millennium Park Beach Day,E40,Number Adults Engaged
3156,Community Event,2025-07-16,Millennium Park Beach Day,E40,Number Adults Engaged
3157,Community Event,2025-07-16,Millennium Park Beach Day,E40,Number Adults Engaged
3158,Community Event,2025-07-16,Millennium Park Beach Day,E40,Number Adults Engaged
3159,Community Event,2025-07-16,Millennium Park Beach Day,E40,Number Adults Engaged
3160,Community Event,2025-07-16,Millennium Park Beach Day,E40,Number Adults Engaged
3161,Community Event,2025-07-16,Millennium Park Beach Day,E40,Number Adults Engaged
3162,Community Event,2025-07-16,Millennium Park Beach Day,E40,Number Adults Engaged
3163,Community Event,2025-07-16,Millennium Park Beach Day,E40,Number Adults Engaged
3164,Community Event,2025-07-16,Millennium Park Beach Day,E40,Number Adults Engaged
3165,Community Event,2025-07-16,Millennium Park Beach Day,E40,Number Adults Engaged
3166,Community Event,2025-07-16,Millennium Park Beach Day,E40,Number Adults Engaged
3167,Community Event,2025-07-16,Millennium Park Beach Day,E40,Number Adults Engaged
3168,Community Event,2025-07-16,Millennium Park Beach Day,E40,Number Adults Engaged
3169,Community Event,2025-07-16,Millennium Park Beach Day,E40,Number Adults Engaged
3170,Community Event,2025-07-16,Millennium Park Beach Day,E40,Number Adults Engaged
3171,Community Event,2025-07-16,Millennium Park Beach Day,E40,Number Adults Engaged
3172,Community Event,2025-07-16,Millennium Park Beach Day,E40,Number Adults Engaged
3173,Community Event,2025-07-16,Millennium Park Beach Day,E40,Number Adults Engaged
3174,Community Event,2025-07-16,Millennium Park Beach Day,E40,Number Adults Engaged
3175,Community Event,2025-07-16,Millennium Park Beach Day,E40,Number Adults Engaged
3176,Partner Tabling,2025-07-17,St. Gianna's No Cost Baby Boutique,E41,Number Kids Engaged
3177,Partner Tabling,2025-07-17,St. Gianna's No Cost Baby Boutique,E41,Number Kids Engaged
3178,Partner Tabling,2025-07-17,St. Gianna's No Cost Baby Boutique,E41,Number Kids Engaged
3179,Partner Tabling,2025-07-17,St. Gianna's No Cost Baby Boutique,E41,Number Kids Engaged
3180,Partner Tabling,2025-07-17,St. Gianna's No Cost Baby Boutique,E41,Number Kids Engaged
3181,Partner Tabling,2025-07-17,St. Gianna's No Cost Baby Boutique,E41,Number Kids Engaged
3182,Partner Tabling,2025-07-17,St. Gianna's No Cost Baby Boutique,E41,Number Kids Engaged
3183,Partner Tabling,2025-07-17,St. Gianna's No Cost Baby Boutique,E41,Number Kids Engaged
3184,Partner Tabling,2025-07-17,St. Gianna's No Cost Baby Boutique,E41,Number Kids Engaged
3185,Partner Tabling,2025-07-17,St. Gianna's No Cost Baby Boutique,E41,Number Adults Engaged
3186,Partner Tabling,2025-07-17,St. Gianna's No Cost Baby Boutique,E41,Number Adults Engaged
3187,Partner Tabling,2025-07-17,St. Gianna's No Cost Baby Boutique,E41,Number Adults Engaged
3188,Partner Tabling,2025-07-17,St. Gianna's No Cost Baby Boutique,E41,Number Adults Engaged
3189,Partner Tabling,2025-07-17,St. Gianna's No Cost Baby Boutique,E41,Number Adults Engaged
3190,Partner Tabling,2025-07-17,St. Gianna's No Cost Baby Boutique,E41,Number Adults Engaged
3191,Partner Tabling,2025-07-17,St. Gianna's No Cost Baby Boutique,E41,Number Adults Engaged
3192,Partner Tabling,2025-07-17,St. Gianna's No Cost Baby Boutique,E41,Number Adults Engaged
3193,Partner Tabling,2025-07-17,St. Gianna's No Cost Baby Boutique,E41,Number Adults Engaged
3194,Partner Tabling,2025-07-17,St. Gianna's No Cost Baby Boutique,E41,Number Adults Engaged
3195,Partner Tabling,2025-07-17,St. Gianna's No Cost Baby Boutique,E41,Number Adults Engaged
3196,Community Event,2025-07-17,Millennium Park Thursday Storytime,E42,Number Kids Engaged
3197,Community Event,2025-07-17,Millennium Park Thursday Storytime,E42,Number Kids Engaged
3198,Community Event,2025-07-17,Millennium Park Thursday Storytime,E42,Number Kids Engaged
3199,Community Event,2025-07-17,Millennium Park Thursday Storytime,E42,Number Kids Engaged
3200,Community Event,2025-07-17,Millennium Park Thursday Storytime,E42,Number Kids Engaged
3201,Community Event,2025-07-17,Millennium Park Thursday Storytime,E42,Number Kids Engaged
3202,Community Event,2025-07-17,Millennium Park Thursday Storytime,E42,Number Kids Engaged
3203,Community Event,2025-07-17,Millennium Park Thursday Storytime,E42,Number Kids Engaged
3204,Community Event,2025-07-17,Millennium Park Thursday Storytime,E42,Number Kids Engaged
3205,Community Event,2025-07-17,Millennium Park Thursday Storytime,E42,Number Kids Engaged
3206,Community Event,2025-07-17,Millennium Park Thursday Storytime,E42,Number Kids Engaged
3207,Community Event,2025-07-17,Millennium Park Thursday Storytime,E42,Number Kids Engaged
3208,Community Event,2025-07-17,Millennium Park Thursday Storytime,E42,Number Kids Engaged
3209,Community Event,2025-07-17,Millennium Park Thursday Storytime,E42,Number Kids Engaged
3210,Community Event,2025-07-17,Millennium Park Thursday Storytime,E42,Number Kids Engaged
3211,Community Event,2025-07-17,Millennium Park Thursday Storytime,E42,Number Kids Engaged
3212,Community Event,2025-07-17,Millennium Park Thursday Storytime,E42,Number Kids Engaged
3213,Community Event,2025-07-17,Millennium Park Thursday Storytime,E42,Number Kids Engaged
3214,Community Event,2025-07-17,Millennium Park Thursday Storytime,E42,Number Kids Engaged
3215,Community Event,2025-07-17,Millennium Park Thursday Storytime,E42,Number Kids Engaged
3216,Community Event,2025-07-17,Millennium Park Thursday Storytime,E42,Number Adults Engaged
3217,Community Event,2025-07-17,Millennium Park Thursday Storytime,E42,Number Adults Engaged
3218,Community Event,2025-07-17,Millennium Park Thursday Storytime,E42,Number Adults Engaged
3219,Community Event,2025-07-17,Millennium Park Thursday Storytime,E42,Number Adults Engaged
3220,Community Event,2025-07-17,Millennium Park Thursday Storytime,E42,Number Adults Engaged
3221,Community Event,2025-07-17,Millennium Park Thursday Storytime,E42,Number Adults Engaged
3222,Community Event,2025-07-17,Millennium Park Thursday Storytime,E42,Number Adults Engaged
3223,Community Event,2025-07-17,Millennium Park Thursday Storytime,E42,Number Adults Engaged
3224,Community Event,2025-07-17,Millennium Park Thursday Storytime,E42,Number Adults Engaged
3225,Community Event,2025-07-17,Millennium Park Thursday Storytime,E42,Number Adults Engaged
3226,Partner Tabling,2025-07-18,Sheldon WIC Clinic,E43,Number Kids Engaged
3227,Partner Tabling,2025-07-18,Sheldon WIC Clinic,E43,Number Kids Engaged
3228,Partner Tabling,2025-07-18,Sheldon WIC Clinic,E43,Number Kids Engaged
3229,Partner Tabling,2025-07-18,Sheldon WIC Clinic,E43,Number Kids Engaged
3230,Partner Tabling,2025-07-18,Sheldon WIC Clinic,E43,Number Kids Engaged
3231,Partner Tabling,2025-07-18,Sheldon WIC Clinic,E43,Number Kids Engaged
3232,Partner Tabling,2025-07-18,Sheldon WIC Clinic,E43,Number Kids Engaged
3233,Partner Tabling,2025-07-18,Sheldon WIC Clinic,E43,Number Kids Engaged
3234,Partner Tabling,2025-07-18,Sheldon WIC Clinic,E43,Number Kids Engaged
3235,Partner Tabling,2025-07-18,Sheldon WIC Clinic,E43,Number Kids Engaged
3236,Partner Tabling,2025-07-18,Sheldon WIC Clinic,E43,Number Kids Engaged
3237,Partner Tabling,2025-07-18,Sheldon WIC Clinic,E43,Number Kids Engaged
3238,Partner Tabling,2025-07-18,Sheldon WIC Clinic,E43,Number Kids Engaged
3239,Partner Tabling,2025-07-18,Sheldon WIC Clinic,E43,Number Kids Engaged
3240,Partner Tabling,2025-07-18,Sheldon WIC Clinic,E43,Number Kids Engaged
3241,Partner Tabling,2025-07-18,Sheldon WIC Clinic,E43,Number Kids Engaged
3242,Partner Tabling,2025-07-18,Sheldon WIC Clinic,E43,Number Kids Engaged
3243,Partner Tabling,2025-07-18,Sheldon WIC Clinic,E43,Number Kids Engaged
3244,Partner Tabling,2025-07-18,Sheldon WIC Clinic,E43,Number Kids Engaged
3245,Partner Tabling,2025-07-18,Sheldon WIC Clinic,E43,Number Kids Engaged
3246,Partner Tabling,2025-07-18,Sheldon WIC Clinic,E43,Number Kids Engaged
3247,Partner Tabling,2025-07-18,Sheldon WIC Clinic,E43,Number Kids Engaged
3248,Partner Tabling,2025-07-18,Sheldon WIC Clinic,E43,Number Kids Engaged
3249,Partner Tabling,2025-07-18,Sheldon WIC Clinic,E43,Number Kids Engaged
3250,Partner Tabling,2025-07-18,Sheldon WIC Clinic,E43,Number Kids Engaged
3251,Partner Tabling,2025-07-18,Sheldon WIC Clinic,E43,Number Kids Engaged
3252,Partner Tabling,2025-07-18,Sheldon WIC Clinic,E43,Number Adults Engaged
3253,Partner Tabling,2025-07-18,Sheldon WIC Clinic,E43,Number Adults Engaged
3254,Partner Tabling,2025-07-18,Sheldon WIC Clinic,E43,Number Adults Engaged
3255,Partner Tabling,2025-07-18,Sheldon WIC Clinic,E43,Number Adults Engaged
3256,Partner Tabling,2025-07-18,Sheldon WIC Clinic,E43,Number Adults Engaged
3257,Partner Tabling,2025-07-18,Sheldon WIC Clinic,E43,Number Adults Engaged
3258,Partner Tabling,2025-07-18,Sheldon WIC Clinic,E43,Number Adults Engaged
3259,Partner Tabling,2025-07-18,Sheldon WIC Clinic,E43,Number Adults Engaged
3260,Partner Tabling,2025-07-18,Sheldon WIC Clinic,E43,Number Adults Engaged
3261,Partner Tabling,2025-07-18,Sheldon WIC Clinic,E43,Number Adults Engaged
3262,Partner Tabling,2025-07-18,Sheldon WIC Clinic,E43,Number Adults Engaged
3263,Partner Tabling,2025-07-18,Sheldon WIC Clinic,E43,Number Adults Engaged
3264,Partner Tabling,2025-07-18,Sheldon WIC Clinic,E43,Number Adults Engaged
3265,Partner Tabling,2025-07-18,Sheldon WIC Clinic,E43,Number Adults Engaged
3266,Partner Tabling,2025-07-18,Sheldon WIC Clinic,E43,Number Adults Engaged
3267,Partner Tabling,2025-07-18,Sheldon WIC Clinic,E43,Number Adults Engaged
3268,Partner Tabling,2025-07-18,Sheldon WIC Clinic,E43,Number Adults Engaged
3269,Partner Tabling,2025-07-18,Sheldon WIC Clinic,E43,Number Adults Engaged
3270,Partner Tabling,2025-07-18,Sheldon WIC Clinic,E43,Number Adults Engaged
3271,Partner Tabling,2025-07-18,Sheldon WIC Clinic,E43,Number Adults Engaged
3272,Partner Tabling,2025-07-18,Sheldon WIC Clinic,E43,Number Adults Engaged
3273,Partner Tabling,2025-07-18,Sheldon WIC Clinic,E43,Number Adults Engaged
3274,Partner Tabling,2025-07-18,Sheldon WIC Clinic,E43,Number Adults Engaged
3275,Partner Tabling,2025-07-18,Sheldon WIC Clinic,E43,Number Adults Engaged
3276,Partner Tabling,2025-07-18,Sheldon WIC Clinic,E43,Number Adults Engaged
3277,Partner Tabling,2025-07-18,Sheldon WIC Clinic,E43,Number Adults Engaged
3278,Partner Tabling,2025-07-18,Sheldon WIC Clinic,E43,Number Adults Engaged
3279,Partner Tabling,2025-07-18,Sheldon WIC Clinic,E43,Number Adults Engaged
3280,Partner Tabling,2025-07-18,Sheldon WIC Clinic,E43,Number Adults Engaged
3281,Partner Tabling,2025-07-18,Sheldon WIC Clinic,E43,Number Adults Engaged
3282,Partner Tabling,2025-07-18,Sheldon WIC Clinic,E43,Number Adults Engaged
3283,Partner Tabling,2025-07-18,Sheldon WIC Clinic,E43,Number Adults Engaged
3284,Partner Tabling,2025-07-18,Sheldon WIC Clinic,E43,Number Adults Engaged
3285,Partner Tabling,2025-07-21,Pregnancy Resource Center,E44,Number Kids Engaged
3286,Partner Tabling,2025-07-21,Pregnancy Resource Center,E44,Number Kids Engaged
3287,Partner Tabling,2025-07-21,Pregnancy Resource Center,E44,Number Kids Engaged
3288,Partner Tabling,2025-07-21,Pregnancy Resource Center,E44,Number Adults Engaged
3289,Partner Tabling,2025-07-21,Pregnancy Resource Center,E44,Number Adults Engaged
3290,Partner Tabling,2025-07-21,Outdoor Storytime,E45,Number Kids Engaged
3291,Partner Tabling,2025-07-21,Outdoor Storytime,E45,Number Kids Engaged
3292,Partner Tabling,2025-07-21,Outdoor Storytime,E45,Number Kids Engaged
3293,Partner Tabling,2025-07-21,Outdoor Storytime,E45,Number Kids Engaged
3294,Partner Tabling,2025-07-21,Outdoor Storytime,E45,Number Kids Engaged
3295,Partner Tabling,2025-07-21,Outdoor Storytime,E45,Number Kids Engaged
3296,Partner Tabling,2025-07-21,Outdoor Storytime,E45,Number Kids Engaged
3297,Partner Tabling,2025-07-21,Outdoor Storytime,E45,Number Kids Engaged
3298,Partner Tabling,2025-07-21,Outdoor Storytime,E45,Number Kids Engaged
3299,Partner Tabling,2025-07-21,Outdoor Storytime,E45,Number Kids Engaged
3300,Partner Tabling,2025-07-21,Outdoor Storytime,E45,Number Kids Engaged
3301,Partner Tabling,2025-07-21,Outdoor Storytime,E45,Number Kids Engaged
3302,Partner Tabling,2025-07-21,Outdoor Storytime,E45,Number Kids Engaged
3303,Partner Tabling,2025-07-21,Outdoor Storytime,E45,Number Kids Engaged
3304,Partner Tabling,2025-07-21,Outdoor Storytime,E45,Number Kids Engaged
3305,Partner Tabling,2025-07-21,Outdoor Storytime,E45,Number Kids Engaged
3306,Partner Tabling,2025-07-21,Outdoor Storytime,E45,Number Kids Engaged
3307,Partner Tabling,2025-07-21,Outdoor Storytime,E45,Number Kids Engaged
3308,Partner Tabling,2025-07-21,Outdoor Storytime,E45,Number Kids Engaged
3309,Partner Tabling,2025-07-21,Outdoor Storytime,E45,Number Kids Engaged
3310,Partner Tabling,2025-07-21,Outdoor Storytime,E45,Number Adults Engaged
3311,Partner Tabling,2025-07-21,Outdoor Storytime,E45,Number Adults Engaged
3312,Partner Tabling,2025-07-21,Outdoor Storytime,E45,Number Adults Engaged
3313,Partner Tabling,2025-07-21,Outdoor Storytime,E45,Number Adults Engaged
3314,Partner Tabling,2025-07-21,Outdoor Storytime,E45,Number Adults Engaged
3315,Partner Tabling,2025-07-21,Outdoor Storytime,E45,Number Adults Engaged
3316,Partner Tabling,2025-07-21,Outdoor Storytime,E45,Number Adults Engaged
3317,Partner Tabling,2025-07-21,Outdoor Storytime,E45,Number Adults Engaged
3318,Partner Tabling,2025-07-21,Outdoor Storytime,E45,Number Adults Engaged
3319,Partner Tabling,2025-07-21,Outdoor Storytime,E45,Number Adults Engaged
3320,Partner Tabling,2025-07-21,Outdoor Storytime,E45,Number Adults Engaged
3321,Partner Tabling,2025-07-21,Outdoor Storytime,E45,Number Adults Engaged
3322,Partner Tabling,2025-07-21,Outdoor Storytime,E45,Number Adults Engaged
3323,Partner Tabling,2025-07-21,Outdoor Storytime,E45,Number Adults Engaged
3324,Partner Tabling,2025-07-21,HELP Pregnancy Aid,E46,Number Kids Engaged
3325,Partner Tabling,2025-07-21,HELP Pregnancy Aid,E46,Number Kids Engaged
3326,Partner Tabling,2025-07-21,HELP Pregnancy Aid,E46,Number Kids Engaged
3327,Partner Tabling,2025-07-21,HELP Pregnancy Aid,E46,Number Adults Engaged
3328,Partner Tabling,2025-07-21,HELP Pregnancy Aid,E46,Number Adults Engaged
3329,Partner Tabling,2025-07-21,HELP Pregnancy Aid,E46,Number Adults Engaged
3330,Partner Tabling,2025-07-21,HELP Pregnancy Aid,E46,Number Adults Engaged
3331,Partner Tabling,2025-07-21,HELP Pregnancy Aid,E46,Number Adults Engaged
3332,Community Event,2025-07-22,Storytime in the Park at Lincoln Park,E47,Number Kids Engaged
3333,Community Event,2025-07-22,Storytime in the Park at Lincoln Park,E47,Number Kids Engaged
3334,Community Event,2025-07-22,Storytime in the Park at Lincoln Park,E47,Number Kids Engaged
3335,Community Event,2025-07-22,Storytime in the Park at Lincoln Park,E47,Number Kids Engaged
3336,Community Event,2025-07-22,Storytime in the Park at Lincoln Park,E47,Number Kids Engaged
3337,Community Event,2025-07-22,Storytime in the Park at Lincoln Park,E47,Number Kids Engaged
3338,Community Event,2025-07-22,Storytime in the Park at Lincoln Park,E47,Number Kids Engaged
3339,Community Event,2025-07-22,Storytime in the Park at Lincoln Park,E47,Number Kids Engaged
3340,Community Event,2025-07-22,Storytime in the Park at Lincoln Park,E47,Number Kids Engaged
3341,Community Event,2025-07-22,Storytime in the Park at Lincoln Park,E47,Number Kids Engaged
3342,Community Event,2025-07-22,Storytime in the Park at Lincoln Park,E47,Number Kids Engaged
3343,Community Event,2025-07-22,Storytime in the Park at Lincoln Park,E47,Number Kids Engaged
3344,Community Event,2025-07-22,Storytime in the Park at Lincoln Park,E47,Number Kids Engaged
3345,Community Event,2025-07-22,Storytime in the Park at Lincoln Park,E47,Number Kids Engaged
3346,Community Event,2025-07-22,Storytime in the Park at Lincoln Park,E47,Number Kids Engaged
3347,Community Event,2025-07-22,Storytime in the Park at Lincoln Park,E47,Number Kids Engaged
3348,Community Event,2025-07-22,Storytime in the Park at Lincoln Park,E47,Number Kids Engaged
3349,Community Event,2025-07-22,Storytime in the Park at Lincoln Park,E47,Number Kids Engaged
3350,Community Event,2025-07-22,Storytime in the Park at Lincoln Park,E47,Number Kids Engaged
3351,Community Event,2025-07-22,Storytime in the Park at Lincoln Park,E47,Number Kids Engaged
3352,Community Event,2025-07-22,Storytime in the Park at Lincoln Park,E47,Number Kids Engaged
3353,Community Event,2025-07-22,Storytime in the Park at Lincoln Park,E47,Number Kids Engaged
3354,Community Event,2025-07-22,Storytime in the Park at Lincoln Park,E47,Number Kids Engaged
3355,Community Event,2025-07-22,Storytime in the Park at Lincoln Park,E47,Number Kids Engaged
3356,Community Event,2025-07-22,Storytime in the Park at Lincoln Park,E47,Number Kids Engaged
3357,Community Event,2025-07-22,Storytime in the Park at Lincoln Park,E47,Number Kids Engaged
3358,Community Event,2025-07-22,Storytime in the Park at Lincoln Park,E47,Number Kids Engaged
3359,Community Event,2025-07-22,Storytime in the Park at Lincoln Park,E47,Number Kids Engaged
3360,Community Event,2025-07-22,Storytime in the Park at Lincoln Park,E47,Number Kids Engaged
3361,Community Event,2025-07-22,Storytime in the Park at Lincoln Park,E47,Number Kids Engaged
3362,Community Event,2025-07-22,Storytime in the Park at Lincoln Park,E47,Number Kids Engaged
3363,Community Event,2025-07-22,Storytime in the Park at Lincoln Park,E47,Number Kids Engaged
3364,Community Event,2025-07-22,Storytime in the Park at Lincoln Park,E47,Number Kids Engaged
3365,Community Event,2025-07-22,Storytime in the Park at Lincoln Park,E47,Number Kids Engaged
3366,Community Event,2025-07-22,Storytime in the Park at Lincoln Park,E47,Number Kids Engaged
3367,Community Event,2025-07-22,Storytime in the Park at Lincoln Park,E47,Number Kids Engaged
3368,Community Event,2025-07-22,Storytime in the Park at Lincoln Park,E47,Number Kids Engaged
3369,Community Event,2025-07-22,Storytime in the Park at Lincoln Park,E47,Number Kids Engaged
3370,Community Event,2025-07-22,Storytime in the Park at Lincoln Park,E47,Number Kids Engaged
3371,Community Event,2025-07-22,Storytime in the Park at Lincoln Park,E47,Number Kids Engaged
3372,Community Event,2025-07-22,Storytime in the Park at Lincoln Park,E47,Number Kids Engaged
3373,Community Event,2025-07-22,Storytime in the Park at Lincoln Park,E47,Number Kids Engaged
3374,Community Event,2025-07-22,Storytime in the Park at Lincoln Park,E47,Number Kids Engaged
3375,Community Event,2025-07-22,Storytime in the Park at Lincoln Park,E47,Number Kids Engaged
3376,Community Event,2025-07-22,Storytime in the Park at Lincoln Park,E47,Number Kids Engaged
3377,Community Event,2025-07-22,Storytime in the Park at Lincoln Park,E47,Number Kids Engaged
3378,Community Event,2025-07-22,Storytime in the Park at Lincoln Park,E47,Number Kids Engaged
3379,Community Event,2025-07-22,Storytime in the Park at Lincoln Park,E47,Number Kids Engaged
3380,Community Event,2025-07-22,Storytime in the Park at Lincoln Park,E47,Number Kids Engaged
3381,Community Event,2025-07-22,Storytime in the Park at Lincoln Park,E47,Number Kids Engaged
3382,Community Event,2025-07-22,Storytime in the Park at Lincoln Park,E47,Number Kids Engaged
3383,Community Event,2025-07-22,Storytime in the Park at Lincoln Park,E47,Number Kids Engaged
3384,Community Event,2025-07-22,Storytime in the Park at Lincoln Park,E47,Number Kids Engaged
3385,Community Event,2025-07-22,Storytime in the Park at Lincoln Park,E47,Number Adults Engaged
3386,Community Event,2025-07-22,Storytime in the Park at Lincoln Park,E47,Number Adults Engaged
3387,Community Event,2025-07-22,Storytime in the Park at Lincoln Park,E47,Number Adults Engaged
3388,Community Event,2025-07-22,Storytime in the Park at Lincoln Park,E47,Number Adults Engaged
3389,Community Event,2025-07-22,Storytime in the Park at Lincoln Park,E47,Number Adults Engaged
3390,Community Event,2025-07-22,Storytime in the Park at Lincoln Park,E47,Number Adults Engaged
3391,Community Event,2025-07-22,Storytime in the Park at Lincoln Park,E47,Number Adults Engaged
3392,Community Event,2025-07-22,Storytime in the Park at Lincoln Park,E47,Number Adults Engaged
3393,Community Event,2025-07-22,Storytime in the Park at Lincoln Park,E47,Number Adults Engaged
3394,Community Event,2025-07-22,Storytime in the Park at Lincoln Park,E47,Number Adults Engaged
3395,Community Event,2025-07-22,Storytime in the Park at Lincoln Park,E47,Number Adults Engaged
3396,Community Event,2025-07-22,Storytime in the Park at Lincoln Park,E47,Number Adults Engaged
3397,Community Event,2025-07-22,Storytime in the Park at Lincoln Park,E47,Number Adults Engaged
3398,Community Event,2025-07-22,Storytime in the Park at Lincoln Park,E47,Number Adults Engaged
3399,Community Event,2025-07-22,Storytime in the Park at Lincoln Park,E47,Number Adults Engaged
3400,Community Event,2025-07-22,Storytime in the Park at Lincoln Park,E47,Number Adults Engaged
3401,Community Event,2025-07-22,Storytime in the Park at Lincoln Park,E47,Number Adults Engaged
3402,Community Event,2025-07-22,Storytime in the Park at Lincoln Park,E47,Number Adults Engaged
3403,Community Event,2025-07-22,Storytime in the Park at Lincoln Park,E47,Number Adults Engaged
3404,Community Event,2025-07-22,Storytime in the Park at Lincoln Park,E47,Number Adults Engaged
3405,Community Event,2025-07-22,Storytime in the Park at Lincoln Park,E47,Number Adults Engaged
3406,Community Event,2025-07-22,Storytime in the Park at Lincoln Park,E47,Number Adults Engaged
3407,Community Event,2025-07-22,Storytime in the Park at Lincoln Park,E47,Number Adults Engaged
3408,Community Event,2025-07-22,Storytime in the Park at Lincoln Park,E47,Number Adults Engaged
3409,Community Event,2025-07-22,Storytime in the Park at Lincoln Park,E47,Number Adults Engaged
3410,Community Event,2025-07-22,Storytime in the Park at Lincoln Park,E47,Number Adults Engaged
3411,Community Event,2025-07-22,Storytime in the Park at Lincoln Park,E47,Number Adults Engaged
3412,Community Event,2025-07-22,Storytime in the Park at Lincoln Park,E47,Number Adults Engaged
3413,Community Event,2025-07-22,Storytime in the Park at Lincoln Park,E47,Number Adults Engaged
3414,Community Event,2025-07-22,Storytime in the Park at Lincoln Park,E47,Number Adults Engaged
3415,Community Event,2025-07-22,Storytime in the Park at Lincoln Park,E47,Number Adults Engaged
3416,Community Event,2025-07-22,Storytime in the Park at Lincoln Park,E47,Number Adults Engaged
3417,Community Event,2025-07-22,Storytime in the Park at Lincoln Park,E47,Number Adults Engaged
3418,Community Event,2025-07-22,Storytime in the Park at Lincoln Park,E47,Number Adults Engaged
3419,Partner Tabling,2025-07-22,Cedar Springs Library,E48,Number Kids Engaged
3420,Partner Tabling,2025-07-22,Cedar Springs Library,E48,Number Kids Engaged
3421,Partner Tabling,2025-07-22,Cedar Springs Library,E48,Number Kids Engaged
3422,Partner Tabling,2025-07-22,Cedar Springs Library,E48,Number Kids Engaged
3423,Partner Tabling,2025-07-22,Cedar Springs Library,E48,Number Kids Engaged
3424,Partner Tabling,2025-07-22,Cedar Springs Library,E48,Number Kids Engaged
3425,Partner Tabling,2025-07-22,Cedar Springs Library,E48,Number Kids Engaged
3426,Partner Tabling,2025-07-22,Cedar Springs Library,E48,Number Kids Engaged
3427,Partner Tabling,2025-07-22,Cedar Springs Library,E48,Number Kids Engaged
3428,Partner Tabling,2025-07-22,Cedar Springs Library,E48,Number Kids Engaged
3429,Partner Tabling,2025-07-22,Cedar Springs Library,E48,Number Kids Engaged
3430,Partner Tabling,2025-07-22,Cedar Springs Library,E48,Number Kids Engaged
3431,Partner Tabling,2025-07-22,Cedar Springs Library,E48,Number Kids Engaged
3432,Partner Tabling,2025-07-22,Cedar Springs Library,E48,Number Kids Engaged
3433,Partner Tabling,2025-07-22,Cedar Springs Library,E48,Number Kids Engaged
3434,Partner Tabling,2025-07-22,Cedar Springs Library,E48,Number Kids Engaged
3435,Partner Tabling,2025-07-22,Cedar Springs Library,E48,Number Adults Engaged
3436,Partner Tabling,2025-07-22,Cedar Springs Library,E48,Number Adults Engaged
3437,Partner Tabling,2025-07-22,Cedar Springs Library,E48,Number Adults Engaged
3438,Partner Tabling,2025-07-22,Cedar Springs Library,E48,Number Adults Engaged
3439,Partner Tabling,2025-07-22,Cedar Springs Library,E48,Number Adults Engaged
3440,Partner Tabling,2025-07-22,Cedar Springs Library,E48,Number Adults Engaged
3441,Partner Tabling,2025-07-22,Cedar Springs Library,E48,Number Adults Engaged
3442,Partner Tabling,2025-07-22,Cedar Springs Library,E48,Number Adults Engaged
3443,Partner Tabling,2025-07-22,Cedar Springs Library,E48,Number Adults Engaged
3444,Community Event,2025-07-24,Garden Party,E49,Number Kids Engaged
3445,Community Event,2025-07-24,Garden Party,E49,Number Kids Engaged
3446,Community Event,2025-07-24,Garden Party,E49,Number Kids Engaged
3447,Community Event,2025-07-24,Garden Party,E49,Number Kids Engaged
3448,Community Event,2025-07-24,Garden Party,E49,Number Kids Engaged
3449,Community Event,2025-07-24,Garden Party,E49,Number Kids Engaged
3450,Community Event,2025-07-24,Garden Party,E49,Number Kids Engaged
3451,Community Event,2025-07-24,Garden Party,E49,Number Kids Engaged
3452,Community Event,2025-07-24,Garden Party,E49,Number Kids Engaged
3453,Community Event,2025-07-24,Garden Party,E49,Number Kids Engaged
3454,Community Event,2025-07-24,Garden Party,E49,Number Kids Engaged
3455,Community Event,2025-07-24,Garden Party,E49,Number Kids Engaged
3456,Community Event,2025-07-24,Garden Party,E49,Number Kids Engaged
3457,Community Event,2025-07-24,Garden Party,E49,Number Kids Engaged
3458,Community Event,2025-07-24,Garden Party,E49,Number Kids Engaged
3459,Community Event,2025-07-24,Garden Party,E49,Number Kids Engaged
3460,Community Event,2025-07-24,Garden Party,E49,Number Kids Engaged
3461,Community Event,2025-07-24,Garden Party,E49,Number Kids Engaged
3462,Community Event,2025-07-24,Garden Party,E49,Number Kids Engaged
3463,Community Event,2025-07-24,Garden Party,E49,Number Kids Engaged
3464,Community Event,2025-07-24,Garden Party,E49,Number Kids Engaged
3465,Community Event,2025-07-24,Garden Party,E49,Number Adults Engaged
3466,Community Event,2025-07-24,Garden Party,E49,Number Adults Engaged
3467,Community Event,2025-07-24,Garden Party,E49,Number Adults Engaged
3468,Community Event,2025-07-24,Garden Party,E49,Number Adults Engaged
3469,Community Event,2025-07-24,Garden Party,E49,Number Adults Engaged
3470,Community Event,2025-07-24,Garden Party,E49,Number Adults Engaged
3471,Community Event,2025-07-24,Garden Party,E49,Number Adults Engaged
3472,Community Event,2025-07-24,Garden Party,E49,Number Adults Engaged
3473,Community Event,2025-07-24,Garden Party,E49,Number Adults Engaged
3474,Community Event,2025-07-24,Garden Party,E49,Number Adults Engaged
3475,Community Event,2025-07-24,Garden Party,E49,Number Adults Engaged
3476,Community Event,2025-07-24,Garden Party,E49,Number Adults Engaged
3477,Community Event,2025-07-24,Garden Party,E49,Number Adults Engaged
3478,Community Event,2025-07-24,Garden Party,E49,Number Adults Engaged
3479,Community Event,2025-07-24,Garden Party,E49,Number Adults Engaged
3480,Community Event,2025-07-24,Garden Party,E49,Number Adults Engaged
3481,Community Event,2025-07-24,Garden Party,E49,Number Adults Engaged
3482,Community Event,2025-07-24,Garden Party,E49,Number Adults Engaged
3483,Community Event,2025-07-24,Garden Party,E49,Number Adults Engaged
3484,Community Event,2025-07-24,Millennium Park Thursday Storytime,E50,Number Kids Engaged
3485,Community Event,2025-07-24,Millennium Park Thursday Storytime,E50,Number Kids Engaged
3486,Community Event,2025-07-24,Millennium Park Thursday Storytime,E50,Number Kids Engaged
3487,Community Event,2025-07-24,Millennium Park Thursday Storytime,E50,Number Kids Engaged
3488,Community Event,2025-07-24,Millennium Park Thursday Storytime,E50,Number Kids Engaged
3489,Community Event,2025-07-24,Millennium Park Thursday Storytime,E50,Number Kids Engaged
3490,Community Event,2025-07-24,Millennium Park Thursday Storytime,E50,Number Kids Engaged
3491,Community Event,2025-07-24,Millennium Park Thursday Storytime,E50,Number Kids Engaged
3492,Community Event,2025-07-24,Millennium Park Thursday Storytime,E50,Number Kids Engaged
3493,Community Event,2025-07-24,Millennium Park Thursday Storytime,E50,Number Kids Engaged
3494,Community Event,2025-07-24,Millennium Park Thursday Storytime,E50,Number Kids Engaged
3495,Community Event,2025-07-24,Millennium Park Thursday Storytime,E50,Number Kids Engaged
3496,Community Event,2025-07-24,Millennium Park Thursday Storytime,E50,Number Kids Engaged
3497,Community Event,2025-07-24,Millennium Park Thursday Storytime,E50,Number Kids Engaged
3498,Community Event,2025-07-24,Millennium Park Thursday Storytime,E50,Number Kids Engaged
3499,Community Event,2025-07-24,Millennium Park Thursday Storytime,E50,Number Kids Engaged
3500,Community Event,2025-07-24,Millennium Park Thursday Storytime,E50,Number Kids Engaged
3501,Community Event,2025-07-24,Millennium Park Thursday Storytime,E50,Number Kids Engaged
3502,Community Event,2025-07-24,Millennium Park Thursday Storytime,E50,Number Kids Engaged
3503,Community Event,2025-07-24,Millennium Park Thursday Storytime,E50,Number Kids Engaged
3504,Community Event,2025-07-24,Millennium Park Thursday Storytime,E50,Number Kids Engaged
3505,Community Event,2025-07-24,Millennium Park Thursday Storytime,E50,Number Kids Engaged
3506,Community Event,2025-07-24,Millennium Park Thursday Storytime,E50,Number Kids Engaged
3507,Community Event,2025-07-24,Millennium Park Thursday Storytime,E50,Number Kids Engaged
3508,Community Event,2025-07-24,Millennium Park Thursday Storytime,E50,Number Kids Engaged
3509,Community Event,2025-07-24,Millennium Park Thursday Storytime,E50,Number Kids Engaged
3510,Community Event,2025-07-24,Millennium Park Thursday Storytime,E50,Number Kids Engaged
3511,Community Event,2025-07-24,Millennium Park Thursday Storytime,E50,Number Adults Engaged
3512,Community Event,2025-07-24,Millennium Park Thursday Storytime,E50,Number Adults Engaged
3513,Community Event,2025-07-24,Millennium Park Thursday Storytime,E50,Number Adults Engaged
3514,Community Event,2025-07-24,Millennium Park Thursday Storytime,E50,Number Adults Engaged
3515,Community Event,2025-07-24,Millennium Park Thursday Storytime,E50,Number Adults Engaged
3516,Community Event,2025-07-24,Millennium Park Thursday Storytime,E50,Number Adults Engaged
3517,Partner Tabling,2025-07-25,Kent District Library Caledonia Branch,E51,Number Kids Engaged
3518,Partner Tabling,2025-07-25,Kent District Library Caledonia Branch,E51,Number Kids Engaged
3519,Partner Tabling,2025-07-25,Kent District Library Caledonia Branch,E51,Number Kids Engaged
3520,Partner Tabling,2025-07-25,Kent District Library Caledonia Branch,E51,Number Kids Engaged
3521,Partner Tabling,2025-07-25,Kent District Library Caledonia Branch,E51,Number Kids Engaged
3522,Partner Tabling,2025-07-25,Kent District Library Caledonia Branch,E51,Number Kids Engaged
3523,Partner Tabling,2025-07-25,Kent District Library Caledonia Branch,E51,Number Kids Engaged
3524,Partner Tabling,2025-07-25,Kent District Library Caledonia Branch,E51,Number Kids Engaged
3525,Partner Tabling,2025-07-25,Kent District Library Caledonia Branch,E51,Number Kids Engaged
3526,Partner Tabling,2025-07-25,Kent District Library Caledonia Branch,E51,Number Kids Engaged
3527,Partner Tabling,2025-07-25,Kent District Library Caledonia Branch,E51,Number Kids Engaged
3528,Partner Tabling,2025-07-25,Kent District Library Caledonia Branch,E51,Number Kids Engaged
3529,Partner Tabling,2025-07-25,Kent District Library Caledonia Branch,E51,Number Kids Engaged
3530,Partner Tabling,2025-07-25,Kent District Library Caledonia Branch,E51,Number Kids Engaged
3531,Partner Tabling,2025-07-25,Kent District Library Caledonia Branch,E51,Number Kids Engaged
3532,Partner Tabling,2025-07-25,Kent District Library Caledonia Branch,E51,Number Kids Engaged
3533,Partner Tabling,2025-07-25,Kent District Library Caledonia Branch,E51,Number Kids Engaged
3534,Partner Tabling,2025-07-25,Kent District Library Caledonia Branch,E51,Number Kids Engaged
3535,Partner Tabling,2025-07-25,Kent District Library Caledonia Branch,E51,Number Kids Engaged
3536,Partner Tabling,2025-07-25,Kent District Library Caledonia Branch,E51,Number Kids Engaged
3537,Partner Tabling,2025-07-25,Kent District Library Caledonia Branch,E51,Number Kids Engaged
3538,Partner Tabling,2025-07-25,Kent District Library Caledonia Branch,E51,Number Kids Engaged
3539,Partner Tabling,2025-07-25,Kent District Library Caledonia Branch,E51,Number Kids Engaged
3540,Partner Tabling,2025-07-25,Kent District Library Caledonia Branch,E51,Number Kids Engaged
3541,Partner Tabling,2025-07-25,Kent District Library Caledonia Branch,E51,Number Kids Engaged
3542,Partner Tabling,2025-07-25,Kent District Library Caledonia Branch,E51,Number Kids Engaged
3543,Partner Tabling,2025-07-25,Kent District Library Caledonia Branch,E51,Number Kids Engaged
3544,Partner Tabling,2025-07-25,Kent District Library Caledonia Branch,E51,Number Kids Engaged
3545,Partner Tabling,2025-07-25,Kent District Library Caledonia Branch,E51,Number Kids Engaged
3546,Partner Tabling,2025-07-25,Kent District Library Caledonia Branch,E51,Number Adults Engaged
3547,Partner Tabling,2025-07-25,Kent District Library Caledonia Branch,E51,Number Adults Engaged
3548,Partner Tabling,2025-07-25,Kent District Library Caledonia Branch,E51,Number Adults Engaged
3549,Partner Tabling,2025-07-25,Kent District Library Caledonia Branch,E51,Number Adults Engaged
3550,Partner Tabling,2025-07-25,Kent District Library Caledonia Branch,E51,Number Adults Engaged
3551,Partner Tabling,2025-07-25,Kent District Library Caledonia Branch,E51,Number Adults Engaged
3552,Partner Tabling,2025-07-25,Kent District Library Caledonia Branch,E51,Number Adults Engaged
3553,Partner Tabling,2025-07-25,Kent District Library Caledonia Branch,E51,Number Adults Engaged
3554,Partner Tabling,2025-07-25,Kent District Library Caledonia Branch,E51,Number Adults Engaged
3555,Partner Tabling,2025-07-25,Kent District Library Caledonia Branch,E51,Number Adults Engaged
3556,Partner Tabling,2025-07-25,Kent District Library Caledonia Branch,E51,Number Adults Engaged
3557,Partner Tabling,2025-07-25,Kent District Library Caledonia Branch,E51,Number Adults Engaged
3558,Partner Tabling,2025-07-25,Kent District Library Caledonia Branch,E51,Number Adults Engaged
3559,Partner Tabling,2025-07-25,Kent District Library Caledonia Branch,E51,Number Adults Engaged
3560,Partner Tabling,2025-07-25,Kent District Library Caledonia Branch,E51,Number Adults Engaged
3561,Partner Tabling,2025-07-25,Kent District Library Caledonia Branch,E51,Number Adults Engaged
3562,Partner Tabling,2025-07-25,Kent District Library Caledonia Branch,E51,Number Adults Engaged
3563,Partner Tabling,2025-07-25,Kent District Library Caledonia Branch,E51,Number Adults Engaged
3564,Partner Tabling,2025-07-25,Kent District Library Caledonia Branch,E51,Number Adults Engaged
3565,Partner Tabling,2025-07-25,Kent District Library Caledonia Branch,E51,Number Adults Engaged
3566,Partner Tabling,2025-07-25,Kent District Library Caledonia Branch,E51,Number Adults Engaged
3567,Partner Tabling,2025-07-25,Kent District Library Caledonia Branch,E51,Number Adults Engaged
3568,Community Event,2025-07-25,Ready Set Learn School Supply Event,E52,Number Kids Engaged
3569,Community Event,2025-07-25,Ready Set Learn School Supply Event,E52,Number Kids Engaged
3570,Community Event,2025-07-25,Ready Set Learn School Supply Event,E52,Number Kids Engaged
3571,Community Event,2025-07-25,Ready Set Learn School Supply Event,E52,Number Kids Engaged
3572,Community Event,2025-07-25,Ready Set Learn School Supply Event,E52,Number Kids Engaged
3573,Community Event,2025-07-25,Ready Set Learn School Supply Event,E52,Number Kids Engaged
3574,Community Event,2025-07-25,Ready Set Learn School Supply Event,E52,Number Kids Engaged
3575,Community Event,2025-07-25,Ready Set Learn School Supply Event,E52,Number Kids Engaged
3576,Community Event,2025-07-25,Ready Set Learn School Supply Event,E52,Number Kids Engaged
3577,Community Event,2025-07-25,Ready Set Learn School Supply Event,E52,Number Kids Engaged
3578,Community Event,2025-07-25,Ready Set Learn School Supply Event,E52,Number Kids Engaged
3579,Community Event,2025-07-25,Ready Set Learn School Supply Event,E52,Number Kids Engaged
3580,Community Event,2025-07-25,Ready Set Learn School Supply Event,E52,Number Kids Engaged
3581,Community Event,2025-07-25,Ready Set Learn School Supply Event,E52,Number Kids Engaged
3582,Community Event,2025-07-25,Ready Set Learn School Supply Event,E52,Number Kids Engaged
3583,Community Event,2025-07-25,Ready Set Learn School Supply Event,E52,Number Kids Engaged
3584,Community Event,2025-07-25,Ready Set Learn School Supply Event,E52,Number Kids Engaged
3585,Community Event,2025-07-25,Ready Set Learn School Supply Event,E52,Number Kids Engaged
3586,Community Event,2025-07-25,Ready Set Learn School Supply Event,E52,Number Kids Engaged
3587,Community Event,2025-07-25,Ready Set Learn School Supply Event,E52,Number Kids Engaged
3588,Community Event,2025-07-25,Ready Set Learn School Supply Event,E52,Number Kids Engaged
3589,Community Event,2025-07-25,Ready Set Learn School Supply Event,E52,Number Kids Engaged
3590,Community Event,2025-07-25,Ready Set Learn School Supply Event,E52,Number Kids Engaged
3591,Community Event,2025-07-25,Ready Set Learn School Supply Event,E52,Number Kids Engaged
3592,Community Event,2025-07-25,Ready Set Learn School Supply Event,E52,Number Kids Engaged
3593,Community Event,2025-07-25,Ready Set Learn School Supply Event,E52,Number Kids Engaged
3594,Community Event,2025-07-25,Ready Set Learn School Supply Event,E52,Number Kids Engaged
3595,Community Event,2025-07-25,Ready Set Learn School Supply Event,E52,Number Kids Engaged
3596,Community Event,2025-07-25,Ready Set Learn School Supply Event,E52,Number Kids Engaged
3597,Community Event,2025-07-25,Ready Set Learn School Supply Event,E52,Number Kids Engaged
3598,Community Event,2025-07-25,Ready Set Learn School Supply Event,E52,Number Kids Engaged
3599,Community Event,2025-07-25,Ready Set Learn School Supply Event,E52,Number Kids Engaged
3600,Community Event,2025-07-25,Ready Set Learn School Supply Event,E52,Number Kids Engaged
3601,Community Event,2025-07-25,Ready Set Learn School Supply Event,E52,Number Kids Engaged
3602,Community Event,2025-07-25,Ready Set Learn School Supply Event,E52,Number Kids Engaged
3603,Community Event,2025-07-25,Ready Set Learn School Supply Event,E52,Number Kids Engaged
3604,Community Event,2025-07-25,Ready Set Learn School Supply Event,E52,Number Kids Engaged
3605,Community Event,2025-07-25,Ready Set Learn School Supply Event,E52,Number Kids Engaged
3606,Community Event,2025-07-25,Ready Set Learn School Supply Event,E52,Number Kids Engaged
3607,Community Event,2025-07-25,Ready Set Learn School Supply Event,E52,Number Kids Engaged
3608,Community Event,2025-07-25,Ready Set Learn School Supply Event,E52,Number Kids Engaged
3609,Community Event,2025-07-25,Ready Set Learn School Supply Event,E52,Number Kids Engaged
3610,Community Event,2025-07-25,Ready Set Learn School Supply Event,E52,Number Kids Engaged
3611,Community Event,2025-07-25,Ready Set Learn School Supply Event,E52,Number Kids Engaged
3612,Community Event,2025-07-25,Ready Set Learn School Supply Event,E52,Number Kids Engaged
3613,Community Event,2025-07-25,Ready Set Learn School Supply Event,E52,Number Kids Engaged
3614,Community Event,2025-07-25,Ready Set Learn School Supply Event,E52,Number Kids Engaged
3615,Community Event,2025-07-25,Ready Set Learn School Supply Event,E52,Number Kids Engaged
3616,Community Event,2025-07-25,Ready Set Learn School Supply Event,E52,Number Kids Engaged
3617,Community Event,2025-07-25,Ready Set Learn School Supply Event,E52,Number Kids Engaged
3618,Community Event,2025-07-25,Ready Set Learn School Supply Event,E52,Number Kids Engaged
3619,Community Event,2025-07-25,Ready Set Learn School Supply Event,E52,Number Kids Engaged
3620,Community Event,2025-07-25,Ready Set Learn School Supply Event,E52,Number Kids Engaged
3621,Community Event,2025-07-25,Ready Set Learn School Supply Event,E52,Number Kids Engaged
3622,Community Event,2025-07-25,Ready Set Learn School Supply Event,E52,Number Kids Engaged
3623,Community Event,2025-07-25,Ready Set Learn School Supply Event,E52,Number Kids Engaged
3624,Community Event,2025-07-25,Ready Set Learn School Supply Event,E52,Number Kids Engaged
3625,Community Event,2025-07-25,Ready Set Learn School Supply Event,E52,Number Kids Engaged
3626,Community Event,2025-07-25,Ready Set Learn School Supply Event,E52,Number Kids Engaged
3627,Community Event,2025-07-25,Ready Set Learn School Supply Event,E52,Number Kids Engaged
3628,Community Event,2025-07-25,Ready Set Learn School Supply Event,E52,Number Kids Engaged
3629,Community Event,2025-07-25,Ready Set Learn School Supply Event,E52,Number Kids Engaged
3630,Community Event,2025-07-25,Ready Set Learn School Supply Event,E52,Number Kids Engaged
3631,Community Event,2025-07-25,Ready Set Learn School Supply Event,E52,Number Kids Engaged
3632,Community Event,2025-07-25,Ready Set Learn School Supply Event,E52,Number Kids Engaged
3633,Community Event,2025-07-25,Ready Set Learn School Supply Event,E52,Number Kids Engaged
3634,Community Event,2025-07-25,Ready Set Learn School Supply Event,E52,Number Kids Engaged
3635,Community Event,2025-07-25,Ready Set Learn School Supply Event,E52,Number Kids Engaged
3636,Community Event,2025-07-25,Ready Set Learn School Supply Event,E52,Number Kids Engaged
3637,Community Event,2025-07-25,Ready Set Learn School Supply Event,E52,Number Kids Engaged
3638,Community Event,2025-07-25,Ready Set Learn School Supply Event,E52,Number Kids Engaged
3639,Community Event,2025-07-25,Ready Set Learn School Supply Event,E52,Number Kids Engaged
3640,Community Event,2025-07-25,Ready Set Learn School Supply Event,E52,Number Kids Engaged
3641,Community Event,2025-07-25,Ready Set Learn School Supply Event,E52,Number Kids Engaged
3642,Community Event,2025-07-25,Ready Set Learn School Supply Event,E52,Number Kids Engaged
3643,Community Event,2025-07-25,Ready Set Learn School Supply Event,E52,Number Kids Engaged
3644,Community Event,2025-07-25,Ready Set Learn School Supply Event,E52,Number Kids Engaged
3645,Community Event,2025-07-25,Ready Set Learn School Supply Event,E52,Number Kids Engaged
3646,Community Event,2025-07-25,Ready Set Learn School Supply Event,E52,Number Kids Engaged
3647,Community Event,2025-07-25,Ready Set Learn School Supply Event,E52,Number Kids Engaged
3648,Community Event,2025-07-25,Ready Set Learn School Supply Event,E52,Number Kids Engaged
3649,Community Event,2025-07-25,Ready Set Learn School Supply Event,E52,Number Kids Engaged
3650,Community Event,2025-07-25,Ready Set Learn School Supply Event,E52,Number Kids Engaged
3651,Community Event,2025-07-25,Ready Set Learn School Supply Event,E52,Number Kids Engaged
3652,Community Event,2025-07-25,Ready Set Learn School Supply Event,E52,Number Kids Engaged
3653,Community Event,2025-07-25,Ready Set Learn School Supply Event,E52,Number Kids Engaged
3654,Community Event,2025-07-25,Ready Set Learn School Supply Event,E52,Number Kids Engaged
3655,Community Event,2025-07-25,Ready Set Learn School Supply Event,E52,Number Kids Engaged
3656,Community Event,2025-07-25,Ready Set Learn School Supply Event,E52,Number Kids Engaged
3657,Community Event,2025-07-25,Ready Set Learn School Supply Event,E52,Number Kids Engaged
3658,Community Event,2025-07-25,Ready Set Learn School Supply Event,E52,Number Kids Engaged
3659,Community Event,2025-07-25,Ready Set Learn School Supply Event,E52,Number Kids Engaged
3660,Community Event,2025-07-25,Ready Set Learn School Supply Event,E52,Number Kids Engaged
3661,Community Event,2025-07-25,Ready Set Learn School Supply Event,E52,Number Kids Engaged
3662,Community Event,2025-07-25,Ready Set Learn School Supply Event,E52,Number Kids Engaged
3663,Community Event,2025-07-25,Ready Set Learn School Supply Event,E52,Number Kids Engaged
3664,Community Event,2025-07-25,Ready Set Learn School Supply Event,E52,Number Kids Engaged
3665,Community Event,2025-07-25,Ready Set Learn School Supply Event,E52,Number Kids Engaged
3666,Community Event,2025-07-25,Ready Set Learn School Supply Event,E52,Number Kids Engaged
3667,Community Event,2025-07-25,Ready Set Learn School Supply Event,E52,Number Kids Engaged
3668,Community Event,2025-07-25,Ready Set Learn School Supply Event,E52,Number Kids Engaged
3669,Community Event,2025-07-25,Ready Set Learn School Supply Event,E52,Number Kids Engaged
3670,Community Event,2025-07-25,Ready Set Learn School Supply Event,E52,Number Kids Engaged
3671,Community Event,2025-07-25,Ready Set Learn School Supply Event,E52,Number Kids Engaged
3672,Community Event,2025-07-25,Ready Set Learn School Supply Event,E52,Number Kids Engaged
3673,Community Event,2025-07-25,Ready Set Learn School Supply Event,E52,Number Kids Engaged
3674,Community Event,2025-07-25,Ready Set Learn School Supply Event,E52,Number Kids Engaged
3675,Community Event,2025-07-25,Ready Set Learn School Supply Event,E52,Number Kids Engaged
3676,Community Event,2025-07-25,Ready Set Learn School Supply Event,E52,Number Kids Engaged
3677,Community Event,2025-07-25,Ready Set Learn School Supply Event,E52,Number Kids Engaged
3678,Community Event,2025-07-25,Ready Set Learn School Supply Event,E52,Number Kids Engaged
3679,Community Event,2025-07-25,Ready Set Learn School Supply Event,E52,Number Kids Engaged
3680,Community Event,2025-07-25,Ready Set Learn School Supply Event,E52,Number Kids Engaged
3681,Community Event,2025-07-25,Ready Set Learn School Supply Event,E52,Number Kids Engaged
3682,Community Event,2025-07-25,Ready Set Learn School Supply Event,E52,Number Kids Engaged
3683,Community Event,2025-07-25,Ready Set Learn School Supply Event,E52,Number Kids Engaged
3684,Community Event,2025-07-25,Ready Set Learn School Supply Event,E52,Number Kids Engaged
3685,Community Event,2025-07-25,Ready Set Learn School Supply Event,E52,Number Kids Engaged
3686,Community Event,2025-07-25,Ready Set Learn School Supply Event,E52,Number Kids Engaged
3687,Community Event,2025-07-25,Ready Set Learn School Supply Event,E52,Number Kids Engaged
3688,Community Event,2025-07-25,Ready Set Learn School Supply Event,E52,Number Kids Engaged
3689,Community Event,2025-07-25,Ready Set Learn School Supply Event,E52,Number Kids Engaged
3690,Community Event,2025-07-25,Ready Set Learn School Supply Event,E52,Number Adults Engaged
3691,Community Event,2025-07-25,Ready Set Learn School Supply Event,E52,Number Adults Engaged
3692,Community Event,2025-07-25,Ready Set Learn School Supply Event,E52,Number Adults Engaged
3693,Community Event,2025-07-25,Ready Set Learn School Supply Event,E52,Number Adults Engaged
3694,Community Event,2025-07-25,Ready Set Learn School Supply Event,E52,Number Adults Engaged
3695,Community Event,2025-07-25,Ready Set Learn School Supply Event,E52,Number Adults Engaged
3696,Community Event,2025-07-25,Ready Set Learn School Supply Event,E52,Number Adults Engaged
3697,Community Event,2025-07-25,Ready Set Learn School Supply Event,E52,Number Adults Engaged
3698,Community Event,2025-07-25,Ready Set Learn School Supply Event,E52,Number Adults Engaged
3699,Community Event,2025-07-25,Ready Set Learn School Supply Event,E52,Number Adults Engaged
3700,Community Event,2025-07-25,Ready Set Learn School Supply Event,E52,Number Adults Engaged
3701,Community Event,2025-07-25,Ready Set Learn School Supply Event,E52,Number Adults Engaged
3702,Community Event,2025-07-25,Ready Set Learn School Supply Event,E52,Number Adults Engaged
3703,Community Event,2025-07-25,Ready Set Learn School Supply Event,E52,Number Adults Engaged
3704,Community Event,2025-07-25,Ready Set Learn School Supply Event,E52,Number Adults Engaged
3705,Community Event,2025-07-25,Ready Set Learn School Supply Event,E52,Number Adults Engaged
3706,Community Event,2025-07-25,Ready Set Learn School Supply Event,E52,Number Adults Engaged
3707,Community Event,2025-07-25,Ready Set Learn School Supply Event,E52,Number Adults Engaged
3708,Community Event,2025-07-25,Ready Set Learn School Supply Event,E52,Number Adults Engaged
3709,Community Event,2025-07-25,Ready Set Learn School Supply Event,E52,Number Adults Engaged
3710,Community Event,2025-07-25,Ready Set Learn School Supply Event,E52,Number Adults Engaged
3711,Community Event,2025-07-25,Ready Set Learn School Supply Event,E52,Number Adults Engaged
3712,Community Event,2025-07-25,Ready Set Learn School Supply Event,E52,Number Adults Engaged
3713,Community Event,2025-07-25,Ready Set Learn School Supply Event,E52,Number Adults Engaged
3714,Community Event,2025-07-25,Ready Set Learn School Supply Event,E52,Number Adults Engaged
3715,Community Event,2025-07-25,Ready Set Learn School Supply Event,E52,Number Adults Engaged
3716,Community Event,2025-07-25,Ready Set Learn School Supply Event,E52,Number Adults Engaged
3717,Community Event,2025-07-25,Ready Set Learn School Supply Event,E52,Number Adults Engaged
3718,Community Event,2025-07-25,Ready Set Learn School Supply Event,E52,Number Adults Engaged
3719,Community Event,2025-07-25,Ready Set Learn School Supply Event,E52,Number Adults Engaged
3720,Community Event,2025-07-25,Ready Set Learn School Supply Event,E52,Number Adults Engaged
3721,Community Event,2025-07-25,Ready Set Learn School Supply Event,E52,Number Adults Engaged
3722,Community Event,2025-07-25,Ready Set Learn School Supply Event,E52,Number Adults Engaged
3723,Community Event,2025-07-25,Ready Set Learn School Supply Event,E52,Number Adults Engaged
3724,Community Event,2025-07-25,Ready Set Learn School Supply Event,E52,Number Adults Engaged
3725,Community Event,2025-07-25,Ready Set Learn School Supply Event,E52,Number Adults Engaged
3726,Community Event,2025-07-25,Ready Set Learn School Supply Event,E52,Number Adults Engaged
3727,Community Event,2025-07-25,Ready Set Learn School Supply Event,E52,Number Adults Engaged
3728,Community Event,2025-07-25,Ready Set Learn School Supply Event,E52,Number Adults Engaged
3729,Community Event,2025-07-25,Ready Set Learn School Supply Event,E52,Number Adults Engaged
3730,Community Event,2025-07-25,Ready Set Learn School Supply Event,E52,Number Adults Engaged
3731,Community Event,2025-07-25,Ready Set Learn School Supply Event,E52,Number Adults Engaged
3732,Community Event,2025-07-25,Ready Set Learn School Supply Event,E52,Number Adults Engaged
3733,Community Event,2025-07-25,Ready Set Learn School Supply Event,E52,Number Adults Engaged
3734,Community Event,2025-07-25,Ready Set Learn School Supply Event,E52,Number Adults Engaged
3735,Community Event,2025-07-25,Ready Set Learn School Supply Event,E52,Number Adults Engaged
3736,Community Event,2025-07-25,Ready Set Learn School Supply Event,E52,Number Adults Engaged
3737,Community Event,2025-07-25,Ready Set Learn School Supply Event,E52,Number Adults Engaged
3738,Community Event,2025-07-25,Ready Set Learn School Supply Event,E52,Number Adults Engaged
3739,Community Event,2025-07-25,Ready Set Learn School Supply Event,E52,Number Adults Engaged
3740,Community Event,2025-07-25,Ready Set Learn School Supply Event,E52,Number Adults Engaged
3741,Community Event,2025-07-25,Ready Set Learn School Supply Event,E52,Number Adults Engaged
3742,Community Event,2025-07-25,Ready Set Learn School Supply Event,E52,Number Adults Engaged
3743,Community Event,2025-07-25,Ready Set Learn School Supply Event,E52,Number Adults Engaged
3744,Community Event,2025-07-25,Ready Set Learn School Supply Event,E52,Number Adults Engaged
3745,Community Event,2025-07-26,Comic Geek Out,E53,Number Kids Engaged
3746,Community Event,2025-07-26,Comic Geek Out,E53,Number Kids Engaged
3747,Community Event,2025-07-26,Comic Geek Out,E53,Number Kids Engaged
3748,Community Event,2025-07-26,Comic Geek Out,E53,Number Kids Engaged
3749,Community Event,2025-07-26,Comic Geek Out,E53,Number Kids Engaged
3750,Community Event,2025-07-26,Comic Geek Out,E53,Number Kids Engaged
3751,Community Event,2025-07-26,Comic Geek Out,E53,Number Kids Engaged
3752,Community Event,2025-07-26,Comic Geek Out,E53,Number Kids Engaged
3753,Community Event,2025-07-26,Comic Geek Out,E53,Number Kids Engaged
3754,Community Event,2025-07-26,Comic Geek Out,E53,Number Kids Engaged
3755,Community Event,2025-07-26,Comic Geek Out,E53,Number Kids Engaged
3756,Community Event,2025-07-26,Comic Geek Out,E53,Number Kids Engaged
3757,Community Event,2025-07-26,Comic Geek Out,E53,Number Kids Engaged
3758,Community Event,2025-07-26,Comic Geek Out,E53,Number Kids Engaged
3759,Community Event,2025-07-26,Comic Geek Out,E53,Number Kids Engaged
3760,Community Event,2025-07-26,Comic Geek Out,E53,Number Kids Engaged
3761,Community Event,2025-07-26,Comic Geek Out,E53,Number Kids Engaged
3762,Community Event,2025-07-26,Comic Geek Out,E53,Number Kids Engaged
3763,Community Event,2025-07-26,Comic Geek Out,E53,Number Kids Engaged
3764,Community Event,2025-07-26,Comic Geek Out,E53,Number Kids Engaged
3765,Community Event,2025-07-26,Comic Geek Out,E53,Number Kids Engaged
3766,Community Event,2025-07-26,Comic Geek Out,E53,Number Kids Engaged
3767,Community Event,2025-07-26,Comic Geek Out,E53,Number Kids Engaged
3768,Community Event,2025-07-26,Comic Geek Out,E53,Number Kids Engaged
3769,Community Event,2025-07-26,Comic Geek Out,E53,Number Kids Engaged
3770,Community Event,2025-07-26,Comic Geek Out,E53,Number Kids Engaged
3771,Community Event,2025-07-26,Comic Geek Out,E53,Number Kids Engaged
3772,Community Event,2025-07-26,Comic Geek Out,E53,Number Kids Engaged
3773,Community Event,2025-07-26,Comic Geek Out,E53,Number Kids Engaged
3774,Community Event,2025-07-26,Comic Geek Out,E53,Number Kids Engaged
3775,Community Event,2025-07-26,Comic Geek Out,E53,Number Kids Engaged
3776,Community Event,2025-07-26,Comic Geek Out,E53,Number Kids Engaged
3777,Community Event,2025-07-26,Comic Geek Out,E53,Number Kids Engaged
3778,Community Event,2025-07-26,Comic Geek Out,E53,Number Kids Engaged
3779,Community Event,2025-07-26,Comic Geek Out,E53,Number Kids Engaged
3780,Community Event,2025-07-26,Comic Geek Out,E53,Number Kids Engaged
3781,Community Event,2025-07-26,Comic Geek Out,E53,Number Kids Engaged
3782,Community Event,2025-07-26,Comic Geek Out,E53,Number Kids Engaged
3783,Community Event,2025-07-26,Comic Geek Out,E53,Number Kids Engaged
3784,Community Event,2025-07-26,Comic Geek Out,E53,Number Kids Engaged
3785,Community Event,2025-07-26,Comic Geek Out,E53,Number Kids Engaged
3786,Community Event,2025-07-26,Comic Geek Out,E53,Number Kids Engaged
3787,Community Event,2025-07-26,Comic Geek Out,E53,Number Kids Engaged
3788,Community Event,2025-07-26,Comic Geek Out,E53,Number Kids Engaged
3789,Community Event,2025-07-26,Comic Geek Out,E53,Number Kids Engaged
3790,Community Event,2025-07-26,Comic Geek Out,E53,Number Kids Engaged
3791,Community Event,2025-07-26,Comic Geek Out,E53,Number Kids Engaged
3792,Community Event,2025-07-26,Comic Geek Out,E53,Number Kids Engaged
3793,Community Event,2025-07-26,Comic Geek Out,E53,Number Kids Engaged
3794,Community Event,2025-07-26,Comic Geek Out,E53,Number Kids Engaged
3795,Community Event,2025-07-26,Comic Geek Out,E53,Number Kids Engaged
3796,Community Event,2025-07-26,Comic Geek Out,E53,Number Kids Engaged
3797,Community Event,2025-07-26,Comic Geek Out,E53,Number Kids Engaged
3798,Community Event,2025-07-26,Comic Geek Out,E53,Number Kids Engaged
3799,Community Event,2025-07-26,Comic Geek Out,E53,Number Kids Engaged
3800,Community Event,2025-07-26,Comic Geek Out,E53,Number Kids Engaged
3801,Community Event,2025-07-26,Comic Geek Out,E53,Number Kids Engaged
3802,Community Event,2025-07-26,Comic Geek Out,E53,Number Kids Engaged
3803,Community Event,2025-07-26,Comic Geek Out,E53,Number Kids Engaged
3804,Community Event,2025-07-26,Comic Geek Out,E53,Number Kids Engaged
3805,Community Event,2025-07-26,Comic Geek Out,E53,Number Kids Engaged
3806,Community Event,2025-07-26,Comic Geek Out,E53,Number Kids Engaged
3807,Community Event,2025-07-26,Comic Geek Out,E53,Number Kids Engaged
3808,Community Event,2025-07-26,Comic Geek Out,E53,Number Kids Engaged
3809,Community Event,2025-07-26,Comic Geek Out,E53,Number Kids Engaged
3810,Community Event,2025-07-26,Comic Geek Out,E53,Number Kids Engaged
3811,Community Event,2025-07-26,Comic Geek Out,E53,Number Kids Engaged
3812,Community Event,2025-07-26,Comic Geek Out,E53,Number Kids Engaged
3813,Community Event,2025-07-26,Comic Geek Out,E53,Number Kids Engaged
3814,Community Event,2025-07-26,Comic Geek Out,E53,Number Kids Engaged
3815,Community Event,2025-07-26,Comic Geek Out,E53,Number Kids Engaged
3816,Community Event,2025-07-26,Comic Geek Out,E53,Number Kids Engaged
3817,Community Event,2025-07-26,Comic Geek Out,E53,Number Kids Engaged
3818,Community Event,2025-07-26,Comic Geek Out,E53,Number Kids Engaged
3819,Community Event,2025-07-26,Comic Geek Out,E53,Number Kids Engaged
3820,Community Event,2025-07-26,Comic Geek Out,E53,Number Kids Engaged
3821,Community Event,2025-07-26,Comic Geek Out,E53,Number Kids Engaged
3822,Community Event,2025-07-26,Comic Geek Out,E53,Number Adults Engaged
3823,Community Event,2025-07-26,Comic Geek Out,E53,Number Adults Engaged
3824,Community Event,2025-07-26,Comic Geek Out,E53,Number Adults Engaged
3825,Community Event,2025-07-26,Comic Geek Out,E53,Number Adults Engaged
3826,Community Event,2025-07-26,Comic Geek Out,E53,Number Adults Engaged
3827,Community Event,2025-07-26,Comic Geek Out,E53,Number Adults Engaged
3828,Community Event,2025-07-26,Comic Geek Out,E53,Number Adults Engaged
3829,Community Event,2025-07-26,Comic Geek Out,E53,Number Adults Engaged
3830,Community Event,2025-07-26,Comic Geek Out,E53,Number Adults Engaged
3831,Community Event,2025-07-26,Comic Geek Out,E53,Number Adults Engaged
3832,Community Event,2025-07-26,Comic Geek Out,E53,Number Adults Engaged
3833,Community Event,2025-07-26,Comic Geek Out,E53,Number Adults Engaged
3834,Community Event,2025-07-26,Comic Geek Out,E53,Number Adults Engaged
3835,Community Event,2025-07-26,Comic Geek Out,E53,Number Adults Engaged
3836,Community Event,2025-07-26,Comic Geek Out,E53,Number Adults Engaged
3837,Community Event,2025-07-26,Comic Geek Out,E53,Number Adults Engaged
3838,Community Event,2025-07-26,Comic Geek Out,E53,Number Adults Engaged
3839,Community Event,2025-07-26,Comic Geek Out,E53,Number Adults Engaged
3840,Community Event,2025-07-26,Comic Geek Out,E53,Number Adults Engaged
3841,Community Event,2025-07-26,Comic Geek Out,E53,Number Adults Engaged
3842,Community Event,2025-07-26,Comic Geek Out,E53,Number Adults Engaged
3843,Community Event,2025-07-26,Comic Geek Out,E53,Number Adults Engaged
3844,Community Event,2025-07-26,Comic Geek Out,E53,Number Adults Engaged
3845,Community Event,2025-07-26,Comic Geek Out,E53,Number Adults Engaged
3846,Community Event,2025-07-26,Comic Geek Out,E53,Number Adults Engaged
3847,Community Event,2025-07-26,Comic Geek Out,E53,Number Adults Engaged
3848,Community Event,2025-07-26,Comic Geek Out,E53,Number Adults Engaged
3849,Community Event,2025-07-26,Comic Geek Out,E53,Number Adults Engaged
3850,Community Event,2025-07-26,Comic Geek Out,E53,Number Adults Engaged
3851,Community Event,2025-07-26,Comic Geek Out,E53,Number Adults Engaged
3852,Community Event,2025-07-26,Comic Geek Out,E53,Number Adults Engaged
3853,Community Event,2025-07-26,Comic Geek Out,E53,Number Adults Engaged
3854,Community Event,2025-07-26,Comic Geek Out,E53,Number Adults Engaged
3855,Community Event,2025-07-26,Comic Geek Out,E53,Number Adults Engaged
3856,Community Event,2025-07-26,Comic Geek Out,E53,Number Adults Engaged
3857,Community Event,2025-07-26,Comic Geek Out,E53,Number Adults Engaged
3858,Community Event,2025-07-26,Comic Geek Out,E53,Number Adults Engaged
3859,Community Event,2025-07-26,Comic Geek Out,E53,Number Adults Engaged
3860,Community Event,2025-07-26,Comic Geek Out,E53,Number Adults Engaged
3861,Community Event,2025-07-26,Comic Geek Out,E53,Number Adults Engaged
3862,Community Event,2025-07-26,Comic Geek Out,E53,Number Adults Engaged
3863,Community Event,2025-07-26,Comic Geek Out,E53,Number Adults Engaged
3864,Community Event,2025-07-26,Comic Geek Out,E53,Number Adults Engaged
3865,Community Event,2025-07-26,Comic Geek Out,E53,Number Adults Engaged
3866,Community Event,2025-07-26,Comic Geek Out,E53,Number Adults Engaged
3867,Community Event,2025-07-26,Comic Geek Out,E53,Number Adults Engaged
3868,Community Event,2025-07-26,Comic Geek Out,E53,Number Adults Engaged
3869,Community Event,2025-07-26,Comic Geek Out,E53,Number Adults Engaged
3870,Community Event,2025-07-26,Comic Geek Out,E53,Number Adults Engaged
3871,Community Event,2025-07-26,Comic Geek Out,E53,Number Adults Engaged
3872,Community Event,2025-07-26,Comic Geek Out,E53,Number Adults Engaged
3873,Community Event,2025-07-26,Comic Geek Out,E53,Number Adults Engaged
3874,Community Event,2025-07-26,Comic Geek Out,E53,Number Adults Engaged
3875,Community Event,2025-07-26,Comic Geek Out,E53,Number Adults Engaged
3876,Community Event,2025-07-26,Comic Geek Out,E53,Number Adults Engaged
3877,Community Event,2025-07-26,Comic Geek Out,E53,Number Adults Engaged
3878,Community Event,2025-07-26,Comic Geek Out,E53,Number Adults Engaged
3879,Community Event,2025-07-26,Comic Geek Out,E53,Number Adults Engaged
3880,Community Event,2025-07-26,Comic Geek Out,E53,Number Adults Engaged
3881,Community Event,2025-07-26,Comic Geek Out,E53,Number Adults Engaged
3882,Community Event,2025-07-26,Comic Geek Out,E53,Number Adults Engaged
3883,Community Event,2025-07-26,Comic Geek Out,E53,Number Adults Engaged
3884,Community Event,2025-07-27,Day of Play Celebration,E54,Number Kids Engaged
3885,Community Event,2025-07-27,Day of Play Celebration,E54,Number Kids Engaged
3886,Community Event,2025-07-27,Day of Play Celebration,E54,Number Kids Engaged
3887,Community Event,2025-07-27,Day of Play Celebration,E54,Number Kids Engaged
3888,Community Event,2025-07-27,Day of Play Celebration,E54,Number Kids Engaged
3889,Community Event,2025-07-27,Day of Play Celebration,E54,Number Kids Engaged
3890,Community Event,2025-07-27,Day of Play Celebration,E54,Number Kids Engaged
3891,Community Event,2025-07-27,Day of Play Celebration,E54,Number Kids Engaged
3892,Community Event,2025-07-27,Day of Play Celebration,E54,Number Kids Engaged
3893,Community Event,2025-07-27,Day of Play Celebration,E54,Number Kids Engaged
3894,Community Event,2025-07-27,Day of Play Celebration,E54,Number Kids Engaged
3895,Community Event,2025-07-27,Day of Play Celebration,E54,Number Kids Engaged
3896,Community Event,2025-07-27,Day of Play Celebration,E54,Number Kids Engaged
3897,Community Event,2025-07-27,Day of Play Celebration,E54,Number Kids Engaged
3898,Community Event,2025-07-27,Day of Play Celebration,E54,Number Kids Engaged
3899,Community Event,2025-07-27,Day of Play Celebration,E54,Number Kids Engaged
3900,Community Event,2025-07-27,Day of Play Celebration,E54,Number Kids Engaged
3901,Community Event,2025-07-27,Day of Play Celebration,E54,Number Kids Engaged
3902,Community Event,2025-07-27,Day of Play Celebration,E54,Number Kids Engaged
3903,Community Event,2025-07-27,Day of Play Celebration,E54,Number Kids Engaged
3904,Community Event,2025-07-27,Day of Play Celebration,E54,Number Kids Engaged
3905,Community Event,2025-07-27,Day of Play Celebration,E54,Number Kids Engaged
3906,Community Event,2025-07-27,Day of Play Celebration,E54,Number Kids Engaged
3907,Community Event,2025-07-27,Day of Play Celebration,E54,Number Kids Engaged
3908,Community Event,2025-07-27,Day of Play Celebration,E54,Number Kids Engaged
3909,Community Event,2025-07-27,Day of Play Celebration,E54,Number Kids Engaged
3910,Community Event,2025-07-27,Day of Play Celebration,E54,Number Kids Engaged
3911,Community Event,2025-07-27,Day of Play Celebration,E54,Number Kids Engaged
3912,Community Event,2025-07-27,Day of Play Celebration,E54,Number Kids Engaged
3913,Community Event,2025-07-27,Day of Play Celebration,E54,Number Kids Engaged
3914,Community Event,2025-07-27,Day of Play Celebration,E54,Number Kids Engaged
3915,Community Event,2025-07-27,Day of Play Celebration,E54,Number Kids Engaged
3916,Community Event,2025-07-27,Day of Play Celebration,E54,Number Kids Engaged
3917,Community Event,2025-07-27,Day of Play Celebration,E54,Number Kids Engaged
3918,Community Event,2025-07-27,Day of Play Celebration,E54,Number Kids Engaged
3919,Community Event,2025-07-27,Day of Play Celebration,E54,Number Kids Engaged
3920,Community Event,2025-07-27,Day of Play Celebration,E54,Number Kids Engaged
3921,Community Event,2025-07-27,Day of Play Celebration,E54,Number Kids Engaged
3922,Community Event,2025-07-27,Day of Play Celebration,E54,Number Kids Engaged
3923,Community Event,2025-07-27,Day of Play Celebration,E54,Number Kids Engaged
3924,Community Event,2025-07-27,Day of Play Celebration,E54,Number Kids Engaged
3925,Community Event,2025-07-27,Day of Play Celebration,E54,Number Kids Engaged
3926,Community Event,2025-07-27,Day of Play Celebration,E54,Number Kids Engaged
3927,Community Event,2025-07-27,Day of Play Celebration,E54,Number Kids Engaged
3928,Community Event,2025-07-27,Day of Play Celebration,E54,Number Kids Engaged
3929,Community Event,2025-07-27,Day of Play Celebration,E54,Number Kids Engaged
3930,Community Event,2025-07-27,Day of Play Celebration,E54,Number Kids Engaged
3931,Community Event,2025-07-27,Day of Play Celebration,E54,Number Kids Engaged
3932,Community Event,2025-07-27,Day of Play Celebration,E54,Number Kids Engaged
3933,Community Event,2025-07-27,Day of Play Celebration,E54,Number Kids Engaged
3934,Community Event,2025-07-27,Day of Play Celebration,E54,Number Kids Engaged
3935,Community Event,2025-07-27,Day of Play Celebration,E54,Number Kids Engaged
3936,Community Event,2025-07-27,Day of Play Celebration,E54,Number Kids Engaged
3937,Community Event,2025-07-27,Day of Play Celebration,E54,Number Kids Engaged
3938,Community Event,2025-07-27,Day of Play Celebration,E54,Number Kids Engaged
3939,Community Event,2025-07-27,Day of Play Celebration,E54,Number Kids Engaged
3940,Community Event,2025-07-27,Day of Play Celebration,E54,Number Kids Engaged
3941,Community Event,2025-07-27,Day of Play Celebration,E54,Number Kids Engaged
3942,Community Event,2025-07-27,Day of Play Celebration,E54,Number Kids Engaged
3943,Community Event,2025-07-27,Day of Play Celebration,E54,Number Kids Engaged
3944,Community Event,2025-07-27,Day of Play Celebration,E54,Number Kids Engaged
3945,Community Event,2025-07-27,Day of Play Celebration,E54,Number Kids Engaged
3946,Community Event,2025-07-27,Day of Play Celebration,E54,Number Kids Engaged
3947,Community Event,2025-07-27,Day of Play Celebration,E54,Number Kids Engaged
3948,Community Event,2025-07-27,Day of Play Celebration,E54,Number Kids Engaged
3949,Community Event,2025-07-27,Day of Play Celebration,E54,Number Kids Engaged
3950,Community Event,2025-07-27,Day of Play Celebration,E54,Number Kids Engaged
3951,Community Event,2025-07-27,Day of Play Celebration,E54,Number Kids Engaged
3952,Community Event,2025-07-27,Day of Play Celebration,E54,Number Kids Engaged
3953,Community Event,2025-07-27,Day of Play Celebration,E54,Number Kids Engaged
3954,Community Event,2025-07-27,Day of Play Celebration,E54,Number Kids Engaged
3955,Community Event,2025-07-27,Day of Play Celebration,E54,Number Kids Engaged
3956,Community Event,2025-07-27,Day of Play Celebration,E54,Number Kids Engaged
3957,Community Event,2025-07-27,Day of Play Celebration,E54,Number Kids Engaged
3958,Community Event,2025-07-27,Day of Play Celebration,E54,Number Kids Engaged
3959,Community Event,2025-07-27,Day of Play Celebration,E54,Number Kids Engaged
3960,Community Event,2025-07-27,Day of Play Celebration,E54,Number Kids Engaged
3961,Community Event,2025-07-27,Day of Play Celebration,E54,Number Kids Engaged
3962,Community Event,2025-07-27,Day of Play Celebration,E54,Number Kids Engaged
3963,Community Event,2025-07-27,Day of Play Celebration,E54,Number Kids Engaged
3964,Community Event,2025-07-27,Day of Play Celebration,E54,Number Kids Engaged
3965,Community Event,2025-07-27,Day of Play Celebration,E54,Number Kids Engaged
3966,Community Event,2025-07-27,Day of Play Celebration,E54,Number Kids Engaged
3967,Community Event,2025-07-27,Day of Play Celebration,E54,Number Kids Engaged
3968,Community Event,2025-07-27,Day of Play Celebration,E54,Number Kids Engaged
3969,Community Event,2025-07-27,Day of Play Celebration,E54,Number Kids Engaged
3970,Community Event,2025-07-27,Day of Play Celebration,E54,Number Kids Engaged
3971,Community Event,2025-07-27,Day of Play Celebration,E54,Number Kids Engaged
3972,Community Event,2025-07-27,Day of Play Celebration,E54,Number Kids Engaged
3973,Community Event,2025-07-27,Day of Play Celebration,E54,Number Kids Engaged
3974,Community Event,2025-07-27,Day of Play Celebration,E54,Number Kids Engaged
3975,Community Event,2025-07-27,Day of Play Celebration,E54,Number Kids Engaged
3976,Community Event,2025-07-27,Day of Play Celebration,E54,Number Kids Engaged
3977,Community Event,2025-07-27,Day of Play Celebration,E54,Number Kids Engaged
3978,Community Event,2025-07-27,Day of Play Celebration,E54,Number Kids Engaged
3979,Community Event,2025-07-27,Day of Play Celebration,E54,Number Kids Engaged
3980,Community Event,2025-07-27,Day of Play Celebration,E54,Number Kids Engaged
3981,Community Event,2025-07-27,Day of Play Celebration,E54,Number Kids Engaged
3982,Community Event,2025-07-27,Day of Play Celebration,E54,Number Kids Engaged
3983,Community Event,2025-07-27,Day of Play Celebration,E54,Number Kids Engaged
3984,Community Event,2025-07-27,Day of Play Celebration,E54,Number Kids Engaged
3985,Community Event,2025-07-27,Day of Play Celebration,E54,Number Kids Engaged
3986,Community Event,2025-07-27,Day of Play Celebration,E54,Number Kids Engaged
3987,Community Event,2025-07-27,Day of Play Celebration,E54,Number Kids Engaged
3988,Community Event,2025-07-27,Day of Play Celebration,E54,Number Kids Engaged
3989,Community Event,2025-07-27,Day of Play Celebration,E54,Number Kids Engaged
3990,Community Event,2025-07-27,Day of Play Celebration,E54,Number Kids Engaged
3991,Community Event,2025-07-27,Day of Play Celebration,E54,Number Kids Engaged
3992,Community Event,2025-07-27,Day of Play Celebration,E54,Number Kids Engaged
3993,Community Event,2025-07-27,Day of Play Celebration,E54,Number Kids Engaged
3994,Community Event,2025-07-27,Day of Play Celebration,E54,Number Kids Engaged
3995,Community Event,2025-07-27,Day of Play Celebration,E54,Number Kids Engaged
3996,Community Event,2025-07-27,Day of Play Celebration,E54,Number Kids Engaged
3997,Community Event,2025-07-27,Day of Play Celebration,E54,Number Kids Engaged
3998,Community Event,2025-07-27,Day of Play Celebration,E54,Number Kids Engaged
3999,Community Event,2025-07-27,Day of Play Celebration,E54,Number Kids Engaged
4000,Community Event,2025-07-27,Day of Play Celebration,E54,Number Kids Engaged
4001,Community Event,2025-07-27,Day of Play Celebration,E54,Number Kids Engaged
4002,Community Event,2025-07-27,Day of Play Celebration,E54,Number Kids Engaged
4003,Community Event,2025-07-27,Day of Play Celebration,E54,Number Kids Engaged
4004,Community Event,2025-07-27,Day of Play Celebration,E54,Number Kids Engaged
4005,Community Event,2025-07-27,Day of Play Celebration,E54,Number Kids Engaged
4006,Community Event,2025-07-27,Day of Play Celebration,E54,Number Kids Engaged
4007,Community Event,2025-07-27,Day of Play Celebration,E54,Number Kids Engaged
4008,Community Event,2025-07-27,Day of Play Celebration,E54,Number Kids Engaged
4009,Community Event,2025-07-27,Day of Play Celebration,E54,Number Kids Engaged
4010,Community Event,2025-07-27,Day of Play Celebration,E54,Number Kids Engaged
4011,Community Event,2025-07-27,Day of Play Celebration,E54,Number Kids Engaged
4012,Community Event,2025-07-27,Day of Play Celebration,E54,Number Kids Engaged
4013,Community Event,2025-07-27,Day of Play Celebration,E54,Number Kids Engaged
4014,Community Event,2025-07-27,Day of Play Celebration,E54,Number Kids Engaged
4015,Community Event,2025-07-27,Day of Play Celebration,E54,Number Kids Engaged
4016,Community Event,2025-07-27,Day of Play Celebration,E54,Number Kids Engaged
4017,Community Event,2025-07-27,Day of Play Celebration,E54,Number Kids Engaged
4018,Community Event,2025-07-27,Day of Play Celebration,E54,Number Kids Engaged
4019,Community Event,2025-07-27,Day of Play Celebration,E54,Number Kids Engaged
4020,Community Event,2025-07-27,Day of Play Celebration,E54,Number Kids Engaged
4021,Community Event,2025-07-27,Day of Play Celebration,E54,Number Kids Engaged
4022,Community Event,2025-07-27,Day of Play Celebration,E54,Number Kids Engaged
4023,Community Event,2025-07-27,Day of Play Celebration,E54,Number Kids Engaged
4024,Community Event,2025-07-27,Day of Play Celebration,E54,Number Kids Engaged
4025,Community Event,2025-07-27,Day of Play Celebration,E54,Number Kids Engaged
4026,Community Event,2025-07-27,Day of Play Celebration,E54,Number Kids Engaged
4027,Community Event,2025-07-27,Day of Play Celebration,E54,Number Adults Engaged
4028,Community Event,2025-07-27,Day of Play Celebration,E54,Number Adults Engaged
4029,Community Event,2025-07-27,Day of Play Celebration,E54,Number Adults Engaged
4030,Community Event,2025-07-27,Day of Play Celebration,E54,Number Adults Engaged
4031,Community Event,2025-07-27,Day of Play Celebration,E54,Number Adults Engaged
4032,Community Event,2025-07-27,Day of Play Celebration,E54,Number Adults Engaged
4033,Community Event,2025-07-27,Day of Play Celebration,E54,Number Adults Engaged
4034,Community Event,2025-07-27,Day of Play Celebration,E54,Number Adults Engaged
4035,Community Event,2025-07-27,Day of Play Celebration,E54,Number Adults Engaged
4036,Community Event,2025-07-27,Day of Play Celebration,E54,Number Adults Engaged
4037,Community Event,2025-07-27,Day of Play Celebration,E54,Number Adults Engaged
4038,Community Event,2025-07-27,Day of Play Celebration,E54,Number Adults Engaged
4039,Community Event,2025-07-27,Day of Play Celebration,E54,Number Adults Engaged
4040,Community Event,2025-07-27,Day of Play Celebration,E54,Number Adults Engaged
4041,Community Event,2025-07-27,Day of Play Celebration,E54,Number Adults Engaged
4042,Community Event,2025-07-27,Day of Play Celebration,E54,Number Adults Engaged
4043,Community Event,2025-07-27,Day of Play Celebration,E54,Number Adults Engaged
4044,Community Event,2025-07-27,Day of Play Celebration,E54,Number Adults Engaged
4045,Community Event,2025-07-27,Day of Play Celebration,E54,Number Adults Engaged
4046,Community Event,2025-07-27,Day of Play Celebration,E54,Number Adults Engaged
4047,Community Event,2025-07-27,Day of Play Celebration,E54,Number Adults Engaged
4048,Community Event,2025-07-27,Day of Play Celebration,E54,Number Adults Engaged
4049,Community Event,2025-07-27,Day of Play Celebration,E54,Number Adults Engaged
4050,Community Event,2025-07-27,Day of Play Celebration,E54,Number Adults Engaged
4051,Community Event,2025-07-27,Day of Play Celebration,E54,Number Adults Engaged
4052,Community Event,2025-07-27,Day of Play Celebration,E54,Number Adults Engaged
4053,Community Event,2025-07-27,Day of Play Celebration,E54,Number Adults Engaged
4054,Community Event,2025-07-27,Day of Play Celebration,E54,Number Adults Engaged
4055,Community Event,2025-07-27,Day of Play Celebration,E54,Number Adults Engaged
4056,Community Event,2025-07-27,Day of Play Celebration,E54,Number Adults Engaged
4057,Community Event,2025-07-27,Day of Play Celebration,E54,Number Adults Engaged
4058,Community Event,2025-07-27,Day of Play Celebration,E54,Number Adults Engaged
4059,Community Event,2025-07-27,Day of Play Celebration,E54,Number Adults Engaged
4060,Community Event,2025-07-27,Day of Play Celebration,E54,Number Adults Engaged
4061,Community Event,2025-07-27,Day of Play Celebration,E54,Number Adults Engaged
4062,Community Event,2025-07-27,Day of Play Celebration,E54,Number Adults Engaged
4063,Community Event,2025-07-27,Day of Play Celebration,E54,Number Adults Engaged
4064,Community Event,2025-07-27,Day of Play Celebration,E54,Number Adults Engaged
4065,Community Event,2025-07-27,Day of Play Celebration,E54,Number Adults Engaged
4066,Community Event,2025-07-27,Day of Play Celebration,E54,Number Adults Engaged
4067,Community Event,2025-07-27,Day of Play Celebration,E54,Number Adults Engaged
4068,Community Event,2025-07-27,Day of Play Celebration,E54,Number Adults Engaged
4069,Community Event,2025-07-27,Day of Play Celebration,E54,Number Adults Engaged
4070,Community Event,2025-07-27,Day of Play Celebration,E54,Number Adults Engaged
4071,Community Event,2025-07-27,Day of Play Celebration,E54,Number Adults Engaged
4072,Community Event,2025-07-27,Day of Play Celebration,E54,Number Adults Engaged
4073,Community Event,2025-07-27,Day of Play Celebration,E54,Number Adults Engaged
4074,Community Event,2025-07-27,Day of Play Celebration,E54,Number Adults Engaged
4075,Community Event,2025-07-27,Day of Play Celebration,E54,Number Adults Engaged
4076,Community Event,2025-07-27,Day of Play Celebration,E54,Number Adults Engaged
4077,Community Event,2025-07-27,Day of Play Celebration,E54,Number Adults Engaged
4078,Community Event,2025-07-27,Day of Play Celebration,E54,Number Adults Engaged
4079,Community Event,2025-07-27,Day of Play Celebration,E54,Number Adults Engaged
4080,Community Event,2025-07-27,Day of Play Celebration,E54,Number Adults Engaged
4081,Community Event,2025-07-27,Day of Play Celebration,E54,Number Adults Engaged
4082,Community Event,2025-07-27,Day of Play Celebration,E54,Number Adults Engaged
4083,Community Event,2025-07-27,Day of Play Celebration,E54,Number Adults Engaged
4084,Community Event,2025-07-27,Day of Play Celebration,E54,Number Adults Engaged
4085,Community Event,2025-07-27,Day of Play Celebration,E54,Number Adults Engaged
4086,Community Event,2025-07-27,Day of Play Celebration,E54,Number Adults Engaged
4087,Community Event,2025-07-27,Day of Play Celebration,E54,Number Adults Engaged
4088,Community Event,2025-07-27,Day of Play Celebration,E54,Number Adults Engaged
4089,Community Event,2025-07-27,Day of Play Celebration,E54,Number Adults Engaged
4090,Community Event,2025-07-27,Day of Play Celebration,E54,Number Adults Engaged
4091,Community Event,2025-07-27,Day of Play Celebration,E54,Number Adults Engaged
4092,Community Event,2025-07-27,Day of Play Celebration,E54,Number Adults Engaged
4093,Community Event,2025-07-27,Day of Play Celebration,E54,Number Adults Engaged
4094,Community Event,2025-07-27,Day of Play Celebration,E54,Number Adults Engaged
4095,Community Event,2025-07-27,Day of Play Celebration,E54,Number Adults Engaged
4096,Community Event,2025-07-27,Day of Play Celebration,E54,Number Adults Engaged
4097,Community Event,2025-07-27,Day of Play Celebration,E54,Number Adults Engaged
4098,Community Event,2025-07-27,Day of Play Celebration,E54,Number Adults Engaged
4099,Community Event,2025-07-27,Day of Play Celebration,E54,Number Adults Engaged
4100,Community Event,2025-07-27,Day of Play Celebration,E54,Number Adults Engaged
4101,Community Event,2025-07-27,Day of Play Celebration,E54,Number Adults Engaged
4102,Community Event,2025-07-27,Day of Play Celebration,E54,Number Adults Engaged
4103,Community Event,2025-07-27,Day of Play Celebration,E54,Number Adults Engaged
4104,Community Event,2025-07-27,Day of Play Celebration,E54,Number Adults Engaged
4105,Community Event,2025-07-27,Day of Play Celebration,E54,Number Adults Engaged
4106,Community Event,2025-07-27,Day of Play Celebration,E54,Number Adults Engaged
4107,Community Event,2025-07-27,Day of Play Celebration,E54,Number Adults Engaged
4108,Community Event,2025-07-27,Day of Play Celebration,E54,Number Adults Engaged
4109,Community Event,2025-07-27,Day of Play Celebration,E54,Number Adults Engaged
4110,Community Event,2025-07-27,Day of Play Celebration,E54,Number Adults Engaged
4111,Community Event,2025-07-27,Day of Play Celebration,E54,Number Adults Engaged
4112,Community Event,2025-07-27,Day of Play Celebration,E54,Number Adults Engaged
4113,Community Event,2025-07-27,Day of Play Celebration,E54,Number Adults Engaged
4114,Community Event,2025-07-27,Day of Play Celebration,E54,Number Adults Engaged
4115,Community Event,2025-07-27,Day of Play Celebration,E54,Number Adults Engaged
4116,Community Event,2025-07-27,Day of Play Celebration,E54,Number Adults Engaged
4117,Community Event,2025-07-27,Day of Play Celebration,E54,Number Adults Engaged
4118,Community Event,2025-07-27,Day of Play Celebration,E54,Number Adults Engaged
4119,Community Event,2025-07-27,Day of Play Celebration,E54,Number Adults Engaged
4120,Community Event,2025-07-27,Day of Play Celebration,E54,Number Adults Engaged
4121,Community Event,2025-07-27,Day of Play Celebration,E54,Number Adults Engaged
4122,Community Event,2025-07-27,Day of Play Celebration,E54,Number Adults Engaged
4123,Community Event,2025-07-27,Day of Play Celebration,E54,Number Adults Engaged
4124,Community Event,2025-07-27,Day of Play Celebration,E54,Number Adults Engaged
4125,Community Event,2025-07-27,Day of Play Celebration,E54,Number Adults Engaged
4126,Community Event,2025-07-27,Day of Play Celebration,E54,Number Adults Engaged
4127,Community Event,2025-07-27,Day of Play Celebration,E54,Number Adults Engaged
4128,Community Event,2025-07-27,Day of Play Celebration,E54,Number Adults Engaged
4129,Community Event,2025-07-27,Day of Play Celebration,E54,Number Adults Engaged
4130,Community Event,2025-07-27,Day of Play Celebration,E54,Number Adults Engaged
4131,Community Event,2025-07-27,Day of Play Celebration,E54,Number Adults Engaged
4132,Community Event,2025-07-27,Day of Play Celebration,E54,Number Adults Engaged
4133,Community Event,2025-07-27,Day of Play Celebration,E54,Number Adults Engaged
4134,Community Event,2025-07-27,Day of Play Celebration,E54,Number Adults Engaged
4135,Community Event,2025-07-27,Day of Play Celebration,E54,Number Adults Engaged
4136,Community Event,2025-07-27,Day of Play Celebration,E54,Number Adults Engaged
4137,Community Event,2025-07-27,Day of Play Celebration,E54,Number Adults Engaged
4138,Community Event,2025-07-27,Day of Play Celebration,E54,Number Adults Engaged
4139,Community Event,2025-07-27,Day of Play Celebration,E54,Number Adults Engaged
4140,Community Event,2025-07-27,Day of Play Celebration,E54,Number Adults Engaged
4141,Community Event,2025-07-27,Day of Play Celebration,E54,Number Adults Engaged
4142,Community Event,2025-07-27,Day of Play Celebration,E54,Number Adults Engaged
4143,Community Event,2025-07-27,Day of Play Celebration,E54,Number Adults Engaged
4144,Community Event,2025-07-27,Day of Play Celebration,E54,Number Adults Engaged
4145,Community Event,2025-07-27,Day of Play Celebration,E54,Number Adults Engaged
4146,Community Event,2025-07-27,Day of Play Celebration,E54,Number Adults Engaged
4147,Community Event,2025-07-27,Day of Play Celebration,E54,Number Adults Engaged
4148,Community Event,2025-07-27,Day of Play Celebration,E54,Number Adults Engaged
4149,Community Event,2025-07-27,Day of Play Celebration,E54,Number Adults Engaged
4150,Community Event,2025-07-27,Day of Play Celebration,E54,Number Adults Engaged
4151,Community Event,2025-07-27,Day of Play Celebration,E54,Number Adults Engaged
4152,Community Event,2025-07-27,Day of Play Celebration,E54,Number Adults Engaged
4153,Community Event,2025-07-27,Day of Play Celebration,E54,Number Adults Engaged
4154,Community Event,2025-07-27,Day of Play Celebration,E54,Number Adults Engaged
4155,Community Event,2025-07-27,Day of Play Celebration,E54,Number Adults Engaged
4156,Community Event,2025-07-27,Day of Play Celebration,E54,Number Adults Engaged
4157,Partner Tabling,2025-07-28,Grand Rapids Public Library Main Branch,E55,Number Kids Engaged
4158,Partner Tabling,2025-07-28,Grand Rapids Public Library Main Branch,E55,Number Kids Engaged
4159,Partner Tabling,2025-07-28,Grand Rapids Public Library Main Branch,E55,Number Kids Engaged
4160,Partner Tabling,2025-07-28,Grand Rapids Public Library Main Branch,E55,Number Kids Engaged
4161,Partner Tabling,2025-07-28,Grand Rapids Public Library Main Branch,E55,Number Kids Engaged
4162,Partner Tabling,2025-07-28,Grand Rapids Public Library Main Branch,E55,Number Kids Engaged
4163,Partner Tabling,2025-07-28,Grand Rapids Public Library Main Branch,E55,Number Kids Engaged
4164,Partner Tabling,2025-07-28,Grand Rapids Public Library Main Branch,E55,Number Kids Engaged
4165,Partner Tabling,2025-07-28,Grand Rapids Public Library Main Branch,E55,Number Kids Engaged
4166,Partner Tabling,2025-07-28,Grand Rapids Public Library Main Branch,E55,Number Kids Engaged
4167,Partner Tabling,2025-07-28,Grand Rapids Public Library Main Branch,E55,Number Kids Engaged
4168,Partner Tabling,2025-07-28,Grand Rapids Public Library Main Branch,E55,Number Kids Engaged
4169,Partner Tabling,2025-07-28,Grand Rapids Public Library Main Branch,E55,Number Kids Engaged
4170,Partner Tabling,2025-07-28,Grand Rapids Public Library Main Branch,E55,Number Kids Engaged
4171,Partner Tabling,2025-07-28,Grand Rapids Public Library Main Branch,E55,Number Kids Engaged
4172,Partner Tabling,2025-07-28,Grand Rapids Public Library Main Branch,E55,Number Adults Engaged
4173,Partner Tabling,2025-07-28,Grand Rapids Public Library Main Branch,E55,Number Adults Engaged
4174,Partner Tabling,2025-07-28,Grand Rapids Public Library Main Branch,E55,Number Adults Engaged
4175,Partner Tabling,2025-07-28,Grand Rapids Public Library Main Branch,E55,Number Adults Engaged
4176,Partner Tabling,2025-07-28,Grand Rapids Public Library Main Branch,E55,Number Adults Engaged
4177,Partner Tabling,2025-07-28,Grand Rapids Public Library Main Branch,E55,Number Adults Engaged
4178,Partner Tabling,2025-07-28,Grand Rapids Public Library Main Branch,E55,Number Adults Engaged
4179,Partner Tabling,2025-07-28,Grand Rapids Public Library Main Branch,E55,Number Adults Engaged
4180,Partner Tabling,2025-07-28,Grand Rapids Public Library Main Branch,E55,Number Adults Engaged
4181,Partner Tabling,2025-07-28,Grand Rapids Public Library Main Branch,E55,Number Adults Engaged
4182,Partner Tabling,2025-07-28,Grand Rapids Public Library Main Branch,E55,Number Adults Engaged
4183,Partner Tabling,2025-07-28,Grand Rapids Public Library Main Branch,E55,Number Adults Engaged
4184,Partner Tabling,2025-07-28,Grand Rapids Public Library Main Branch,E55,Number Adults Engaged
4185,Partner Tabling,2025-07-28,Grand Rapids Public Library Main Branch,E55,Number Adults Engaged
4186,Partner Tabling,2025-07-28,Grand Rapids Public Library Main Branch,E55,Number Adults Engaged
4187,Partner Tabling,2025-07-28,Grand Rapids Public Library Main Branch,E55,Number Adults Engaged
4188,Community Event,2025-07-29,Storytime in the Park at Lincoln Park,E56,Number Kids Engaged
4189,Community Event,2025-07-29,Storytime in the Park at Lincoln Park,E56,Number Kids Engaged
4190,Community Event,2025-07-29,Storytime in the Park at Lincoln Park,E56,Number Kids Engaged
4191,Community Event,2025-07-29,Storytime in the Park at Lincoln Park,E56,Number Kids Engaged
4192,Community Event,2025-07-29,Storytime in the Park at Lincoln Park,E56,Number Kids Engaged
4193,Community Event,2025-07-29,Storytime in the Park at Lincoln Park,E56,Number Kids Engaged
4194,Community Event,2025-07-29,Storytime in the Park at Lincoln Park,E56,Number Kids Engaged
4195,Community Event,2025-07-29,Storytime in the Park at Lincoln Park,E56,Number Kids Engaged
4196,Community Event,2025-07-29,Storytime in the Park at Lincoln Park,E56,Number Kids Engaged
4197,Community Event,2025-07-29,Storytime in the Park at Lincoln Park,E56,Number Kids Engaged
4198,Community Event,2025-07-29,Storytime in the Park at Lincoln Park,E56,Number Kids Engaged
4199,Community Event,2025-07-29,Storytime in the Park at Lincoln Park,E56,Number Kids Engaged
4200,Community Event,2025-07-29,Storytime in the Park at Lincoln Park,E56,Number Kids Engaged
4201,Community Event,2025-07-29,Storytime in the Park at Lincoln Park,E56,Number Kids Engaged
4202,Community Event,2025-07-29,Storytime in the Park at Lincoln Park,E56,Number Kids Engaged
4203,Community Event,2025-07-29,Storytime in the Park at Lincoln Park,E56,Number Kids Engaged
4204,Community Event,2025-07-29,Storytime in the Park at Lincoln Park,E56,Number Kids Engaged
4205,Community Event,2025-07-29,Storytime in the Park at Lincoln Park,E56,Number Kids Engaged
4206,Community Event,2025-07-29,Storytime in the Park at Lincoln Park,E56,Number Kids Engaged
4207,Community Event,2025-07-29,Storytime in the Park at Lincoln Park,E56,Number Kids Engaged
4208,Community Event,2025-07-29,Storytime in the Park at Lincoln Park,E56,Number Kids Engaged
4209,Community Event,2025-07-29,Storytime in the Park at Lincoln Park,E56,Number Kids Engaged
4210,Community Event,2025-07-29,Storytime in the Park at Lincoln Park,E56,Number Kids Engaged
4211,Community Event,2025-07-29,Storytime in the Park at Lincoln Park,E56,Number Kids Engaged
4212,Community Event,2025-07-29,Storytime in the Park at Lincoln Park,E56,Number Kids Engaged
4213,Community Event,2025-07-29,Storytime in the Park at Lincoln Park,E56,Number Kids Engaged
4214,Community Event,2025-07-29,Storytime in the Park at Lincoln Park,E56,Number Kids Engaged
4215,Community Event,2025-07-29,Storytime in the Park at Lincoln Park,E56,Number Kids Engaged
4216,Community Event,2025-07-29,Storytime in the Park at Lincoln Park,E56,Number Kids Engaged
4217,Community Event,2025-07-29,Storytime in the Park at Lincoln Park,E56,Number Adults Engaged
4218,Community Event,2025-07-29,Storytime in the Park at Lincoln Park,E56,Number Adults Engaged
4219,Community Event,2025-07-29,Storytime in the Park at Lincoln Park,E56,Number Adults Engaged
4220,Community Event,2025-07-29,Storytime in the Park at Lincoln Park,E56,Number Adults Engaged
4221,Community Event,2025-07-29,Storytime in the Park at Lincoln Park,E56,Number Adults Engaged
4222,Community Event,2025-07-29,Storytime in the Park at Lincoln Park,E56,Number Adults Engaged
4223,Community Event,2025-07-29,Storytime in the Park at Lincoln Park,E56,Number Adults Engaged
4224,Community Event,2025-07-29,Storytime in the Park at Lincoln Park,E56,Number Adults Engaged
4225,Community Event,2025-07-29,Storytime in the Park at Lincoln Park,E56,Number Adults Engaged
4226,Community Event,2025-07-29,Storytime in the Park at Lincoln Park,E56,Number Adults Engaged
4227,Community Event,2025-07-29,Storytime in the Park at Lincoln Park,E56,Number Adults Engaged
4228,Partner Tabling,2025-07-30,North Kent Connect,E57,Number Kids Engaged
4229,Partner Tabling,2025-07-30,North Kent Connect,E57,Number Kids Engaged
4230,Partner Tabling,2025-07-30,North Kent Connect,E57,Number Kids Engaged
4231,Partner Tabling,2025-07-30,North Kent Connect,E57,Number Kids Engaged
4232,Partner Tabling,2025-07-30,North Kent Connect,E57,Number Kids Engaged
4233,Partner Tabling,2025-07-30,North Kent Connect,E57,Number Kids Engaged
4234,Partner Tabling,2025-07-30,North Kent Connect,E57,Number Kids Engaged
4235,Partner Tabling,2025-07-30,North Kent Connect,E57,Number Kids Engaged
4236,Partner Tabling,2025-07-30,North Kent Connect,E57,Number Kids Engaged
4237,Partner Tabling,2025-07-30,North Kent Connect,E57,Number Kids Engaged
4238,Partner Tabling,2025-07-30,North Kent Connect,E57,Number Kids Engaged
4239,Partner Tabling,2025-07-30,North Kent Connect,E57,Number Kids Engaged
4240,Partner Tabling,2025-07-30,North Kent Connect,E57,Number Kids Engaged
4241,Partner Tabling,2025-07-30,North Kent Connect,E57,Number Kids Engaged
4242,Partner Tabling,2025-07-30,North Kent Connect,E57,Number Kids Engaged
4243,Partner Tabling,2025-07-30,North Kent Connect,E57,Number Kids Engaged
4244,Partner Tabling,2025-07-30,North Kent Connect,E57,Number Kids Engaged
4245,Partner Tabling,2025-07-30,North Kent Connect,E57,Number Kids Engaged
4246,Partner Tabling,2025-07-30,North Kent Connect,E57,Number Kids Engaged
4247,Partner Tabling,2025-07-30,North Kent Connect,E57,Number Kids Engaged
4248,Partner Tabling,2025-07-30,North Kent Connect,E57,Number Kids Engaged
4249,Partner Tabling,2025-07-30,North Kent Connect,E57,Number Kids Engaged
4250,Partner Tabling,2025-07-30,North Kent Connect,E57,Number Adults Engaged
4251,Partner Tabling,2025-07-30,North Kent Connect,E57,Number Adults Engaged
4252,Partner Tabling,2025-07-30,North Kent Connect,E57,Number Adults Engaged
4253,Partner Tabling,2025-07-30,North Kent Connect,E57,Number Adults Engaged
4254,Partner Tabling,2025-07-30,North Kent Connect,E57,Number Adults Engaged
4255,Partner Tabling,2025-07-30,North Kent Connect,E57,Number Adults Engaged
4256,Partner Tabling,2025-07-30,North Kent Connect,E57,Number Adults Engaged
4257,Partner Tabling,2025-07-30,North Kent Connect,E57,Number Adults Engaged
4258,Partner Tabling,2025-07-30,North Kent Connect,E57,Number Adults Engaged
4259,Partner Tabling,2025-07-30,North Kent Connect,E57,Number Adults Engaged
4260,Partner Tabling,2025-07-30,North Kent Connect,E57,Number Adults Engaged
4261,Partner Tabling,2025-07-30,North Kent Connect,E57,Number Adults Engaged
4262,Partner Tabling,2025-07-30,North Kent Connect,E57,Number Adults Engaged
4263,Partner Tabling,2025-07-30,North Kent Connect,E57,Number Adults Engaged
4264,Partner Tabling,2025-07-30,North Kent Connect,E57,Number Adults Engaged
4265,Partner Tabling,2025-07-30,North Kent Connect,E57,Number Adults Engaged
4266,Partner Tabling,2025-07-30,North Kent Connect,E57,Number Adults Engaged
4267,Partner Tabling,2025-07-30,North Kent Connect,E57,Number Adults Engaged
4268,Partner Tabling,2025-07-30,North Kent Connect,E57,Number Adults Engaged
4269,Partner Tabling,2025-07-30,North Kent Connect,E57,Number Adults Engaged
4270,Partner Tabling,2025-07-30,North Kent Connect,E57,Number Adults Engaged
4271,Community Event,2025-08-01,Family Field Day,E58,Number Kids Engaged
4272,Community Event,2025-08-01,Family Field Day,E58,Number Kids Engaged
4273,Community Event,2025-08-01,Family Field Day,E58,Number Kids Engaged
4274,Community Event,2025-08-01,Family Field Day,E58,Number Kids Engaged
4275,Community Event,2025-08-01,Family Field Day,E58,Number Kids Engaged
4276,Community Event,2025-08-01,Family Field Day,E58,Number Kids Engaged
4277,Community Event,2025-08-01,Family Field Day,E58,Number Kids Engaged
4278,Community Event,2025-08-01,Family Field Day,E58,Number Kids Engaged
4279,Community Event,2025-08-01,Family Field Day,E58,Number Kids Engaged
4280,Community Event,2025-08-01,Family Field Day,E58,Number Kids Engaged
4281,Community Event,2025-08-01,Family Field Day,E58,Number Kids Engaged
4282,Community Event,2025-08-01,Family Field Day,E58,Number Kids Engaged
4283,Community Event,2025-08-01,Family Field Day,E58,Number Kids Engaged
4284,Community Event,2025-08-01,Family Field Day,E58,Number Kids Engaged
4285,Community Event,2025-08-01,Family Field Day,E58,Number Adults Engaged
4286,Community Event,2025-08-01,Family Field Day,E58,Number Adults Engaged
4287,Community Event,2025-08-01,Family Field Day,E58,Number Adults Engaged
4288,Community Event,2025-08-01,Family Field Day,E58,Number Adults Engaged
4289,Community Event,2025-08-01,Family Field Day,E58,Number Adults Engaged
4290,Community Event,2025-08-01,Family Field Day,E58,Number Adults Engaged
4291,Community Event,2025-08-01,Family Field Day,E58,Number Adults Engaged
4292,Community Event,2025-08-01,Family Field Day,E58,Number Adults Engaged
4293,Community Event,2025-08-01,Family Field Day,E58,Number Adults Engaged
4294,Community Event,2025-08-01,Family Field Day,E58,Number Adults Engaged
4295,Community Event,2025-08-01,Family Field Day,E58,Number Adults Engaged
4296,Community Event,2025-08-01,Family Field Day,E58,Number Adults Engaged
4297,Community Event,2025-08-01,Family Field Day,E58,Number Adults Engaged
4298,Community Event,2025-08-01,Family Field Day,E58,Number Adults Engaged
4299,Community Event,2025-08-01,Family Field Day,E58,Number Adults Engaged
4300,Community Event,2025-08-01,Family Field Day,E58,Number Adults Engaged
4301,Community Event,2025-08-02,Backpack Block Party Bash,E59,Number Kids Engaged
4302,Community Event,2025-08-02,Backpack Block Party Bash,E59,Number Kids Engaged
4303,Community Event,2025-08-02,Backpack Block Party Bash,E59,Number Kids Engaged
4304,Community Event,2025-08-02,Backpack Block Party Bash,E59,Number Kids Engaged
4305,Community Event,2025-08-02,Backpack Block Party Bash,E59,Number Kids Engaged
4306,Community Event,2025-08-02,Backpack Block Party Bash,E59,Number Kids Engaged
4307,Community Event,2025-08-02,Backpack Block Party Bash,E59,Number Kids Engaged
4308,Community Event,2025-08-02,Backpack Block Party Bash,E59,Number Kids Engaged
4309,Community Event,2025-08-02,Backpack Block Party Bash,E59,Number Kids Engaged
4310,Community Event,2025-08-02,Backpack Block Party Bash,E59,Number Kids Engaged
4311,Community Event,2025-08-02,Backpack Block Party Bash,E59,Number Kids Engaged
4312,Community Event,2025-08-02,Backpack Block Party Bash,E59,Number Kids Engaged
4313,Community Event,2025-08-02,Backpack Block Party Bash,E59,Number Kids Engaged
4314,Community Event,2025-08-02,Backpack Block Party Bash,E59,Number Kids Engaged
4315,Community Event,2025-08-02,Backpack Block Party Bash,E59,Number Kids Engaged
4316,Community Event,2025-08-02,Backpack Block Party Bash,E59,Number Kids Engaged
4317,Community Event,2025-08-02,Backpack Block Party Bash,E59,Number Kids Engaged
4318,Community Event,2025-08-02,Backpack Block Party Bash,E59,Number Kids Engaged
4319,Community Event,2025-08-02,Backpack Block Party Bash,E59,Number Kids Engaged
4320,Community Event,2025-08-02,Backpack Block Party Bash,E59,Number Kids Engaged
4321,Community Event,2025-08-02,Backpack Block Party Bash,E59,Number Kids Engaged
4322,Community Event,2025-08-02,Backpack Block Party Bash,E59,Number Kids Engaged
4323,Community Event,2025-08-02,Backpack Block Party Bash,E59,Number Kids Engaged
4324,Community Event,2025-08-02,Backpack Block Party Bash,E59,Number Kids Engaged
4325,Community Event,2025-08-02,Backpack Block Party Bash,E59,Number Kids Engaged
4326,Community Event,2025-08-02,Backpack Block Party Bash,E59,Number Kids Engaged
4327,Community Event,2025-08-02,Backpack Block Party Bash,E59,Number Kids Engaged
4328,Community Event,2025-08-02,Backpack Block Party Bash,E59,Number Kids Engaged
4329,Community Event,2025-08-02,Backpack Block Party Bash,E59,Number Kids Engaged
4330,Community Event,2025-08-02,Backpack Block Party Bash,E59,Number Kids Engaged
4331,Community Event,2025-08-02,Backpack Block Party Bash,E59,Number Kids Engaged
4332,Community Event,2025-08-02,Backpack Block Party Bash,E59,Number Kids Engaged
4333,Community Event,2025-08-02,Backpack Block Party Bash,E59,Number Kids Engaged
4334,Community Event,2025-08-02,Backpack Block Party Bash,E59,Number Kids Engaged
4335,Community Event,2025-08-02,Backpack Block Party Bash,E59,Number Kids Engaged
4336,Community Event,2025-08-02,Backpack Block Party Bash,E59,Number Kids Engaged
4337,Community Event,2025-08-02,Backpack Block Party Bash,E59,Number Kids Engaged
4338,Community Event,2025-08-02,Backpack Block Party Bash,E59,Number Kids Engaged
4339,Community Event,2025-08-02,Backpack Block Party Bash,E59,Number Kids Engaged
4340,Community Event,2025-08-02,Backpack Block Party Bash,E59,Number Kids Engaged
4341,Community Event,2025-08-02,Backpack Block Party Bash,E59,Number Kids Engaged
4342,Community Event,2025-08-02,Backpack Block Party Bash,E59,Number Kids Engaged
4343,Community Event,2025-08-02,Backpack Block Party Bash,E59,Number Kids Engaged
4344,Community Event,2025-08-02,Backpack Block Party Bash,E59,Number Kids Engaged
4345,Community Event,2025-08-02,Backpack Block Party Bash,E59,Number Kids Engaged
4346,Community Event,2025-08-02,Backpack Block Party Bash,E59,Number Kids Engaged
4347,Community Event,2025-08-02,Backpack Block Party Bash,E59,Number Kids Engaged
4348,Community Event,2025-08-02,Backpack Block Party Bash,E59,Number Kids Engaged
4349,Community Event,2025-08-02,Backpack Block Party Bash,E59,Number Kids Engaged
4350,Community Event,2025-08-02,Backpack Block Party Bash,E59,Number Kids Engaged
4351,Community Event,2025-08-02,Backpack Block Party Bash,E59,Number Kids Engaged
4352,Community Event,2025-08-02,Backpack Block Party Bash,E59,Number Kids Engaged
4353,Community Event,2025-08-02,Backpack Block Party Bash,E59,Number Kids Engaged
4354,Community Event,2025-08-02,Backpack Block Party Bash,E59,Number Kids Engaged
4355,Community Event,2025-08-02,Backpack Block Party Bash,E59,Number Kids Engaged
4356,Community Event,2025-08-02,Backpack Block Party Bash,E59,Number Kids Engaged
4357,Community Event,2025-08-02,Backpack Block Party Bash,E59,Number Kids Engaged
4358,Community Event,2025-08-02,Backpack Block Party Bash,E59,Number Kids Engaged
4359,Community Event,2025-08-02,Backpack Block Party Bash,E59,Number Kids Engaged
4360,Community Event,2025-08-02,Backpack Block Party Bash,E59,Number Kids Engaged
4361,Community Event,2025-08-02,Backpack Block Party Bash,E59,Number Kids Engaged
4362,Community Event,2025-08-02,Backpack Block Party Bash,E59,Number Kids Engaged
4363,Community Event,2025-08-02,Backpack Block Party Bash,E59,Number Kids Engaged
4364,Community Event,2025-08-02,Backpack Block Party Bash,E59,Number Kids Engaged
4365,Community Event,2025-08-02,Backpack Block Party Bash,E59,Number Kids Engaged
4366,Community Event,2025-08-02,Backpack Block Party Bash,E59,Number Kids Engaged
4367,Community Event,2025-08-02,Backpack Block Party Bash,E59,Number Kids Engaged
4368,Community Event,2025-08-02,Backpack Block Party Bash,E59,Number Kids Engaged
4369,Community Event,2025-08-02,Backpack Block Party Bash,E59,Number Kids Engaged
4370,Community Event,2025-08-02,Backpack Block Party Bash,E59,Number Kids Engaged
4371,Community Event,2025-08-02,Backpack Block Party Bash,E59,Number Kids Engaged
4372,Community Event,2025-08-02,Backpack Block Party Bash,E59,Number Kids Engaged
4373,Community Event,2025-08-02,Backpack Block Party Bash,E59,Number Kids Engaged
4374,Community Event,2025-08-02,Backpack Block Party Bash,E59,Number Kids Engaged
4375,Community Event,2025-08-02,Backpack Block Party Bash,E59,Number Kids Engaged
4376,Community Event,2025-08-02,Backpack Block Party Bash,E59,Number Kids Engaged
4377,Community Event,2025-08-02,Backpack Block Party Bash,E59,Number Kids Engaged
4378,Community Event,2025-08-02,Backpack Block Party Bash,E59,Number Kids Engaged
4379,Community Event,2025-08-02,Backpack Block Party Bash,E59,Number Kids Engaged
4380,Community Event,2025-08-02,Backpack Block Party Bash,E59,Number Kids Engaged
4381,Community Event,2025-08-02,Backpack Block Party Bash,E59,Number Kids Engaged
4382,Community Event,2025-08-02,Backpack Block Party Bash,E59,Number Kids Engaged
4383,Community Event,2025-08-02,Backpack Block Party Bash,E59,Number Kids Engaged
4384,Community Event,2025-08-02,Backpack Block Party Bash,E59,Number Kids Engaged
4385,Community Event,2025-08-02,Backpack Block Party Bash,E59,Number Kids Engaged
4386,Community Event,2025-08-02,Backpack Block Party Bash,E59,Number Kids Engaged
4387,Community Event,2025-08-02,Backpack Block Party Bash,E59,Number Kids Engaged
4388,Community Event,2025-08-02,Backpack Block Party Bash,E59,Number Kids Engaged
4389,Community Event,2025-08-02,Backpack Block Party Bash,E59,Number Kids Engaged
4390,Community Event,2025-08-02,Backpack Block Party Bash,E59,Number Kids Engaged
4391,Community Event,2025-08-02,Backpack Block Party Bash,E59,Number Kids Engaged
4392,Community Event,2025-08-02,Backpack Block Party Bash,E59,Number Kids Engaged
4393,Community Event,2025-08-02,Backpack Block Party Bash,E59,Number Kids Engaged
4394,Community Event,2025-08-02,Backpack Block Party Bash,E59,Number Kids Engaged
4395,Community Event,2025-08-02,Backpack Block Party Bash,E59,Number Kids Engaged
4396,Community Event,2025-08-02,Backpack Block Party Bash,E59,Number Kids Engaged
4397,Community Event,2025-08-02,Backpack Block Party Bash,E59,Number Kids Engaged
4398,Community Event,2025-08-02,Backpack Block Party Bash,E59,Number Kids Engaged
4399,Community Event,2025-08-02,Backpack Block Party Bash,E59,Number Kids Engaged
4400,Community Event,2025-08-02,Backpack Block Party Bash,E59,Number Kids Engaged
4401,Community Event,2025-08-02,Backpack Block Party Bash,E59,Number Kids Engaged
4402,Community Event,2025-08-02,Backpack Block Party Bash,E59,Number Kids Engaged
4403,Community Event,2025-08-02,Backpack Block Party Bash,E59,Number Kids Engaged
4404,Community Event,2025-08-02,Backpack Block Party Bash,E59,Number Kids Engaged
4405,Community Event,2025-08-02,Backpack Block Party Bash,E59,Number Kids Engaged
4406,Community Event,2025-08-02,Backpack Block Party Bash,E59,Number Kids Engaged
4407,Community Event,2025-08-02,Backpack Block Party Bash,E59,Number Kids Engaged
4408,Community Event,2025-08-02,Backpack Block Party Bash,E59,Number Kids Engaged
4409,Community Event,2025-08-02,Backpack Block Party Bash,E59,Number Kids Engaged
4410,Community Event,2025-08-02,Backpack Block Party Bash,E59,Number Kids Engaged
4411,Community Event,2025-08-02,Backpack Block Party Bash,E59,Number Kids Engaged
4412,Community Event,2025-08-02,Backpack Block Party Bash,E59,Number Kids Engaged
4413,Community Event,2025-08-02,Backpack Block Party Bash,E59,Number Kids Engaged
4414,Community Event,2025-08-02,Backpack Block Party Bash,E59,Number Kids Engaged
4415,Community Event,2025-08-02,Backpack Block Party Bash,E59,Number Kids Engaged
4416,Community Event,2025-08-02,Backpack Block Party Bash,E59,Number Kids Engaged
4417,Community Event,2025-08-02,Backpack Block Party Bash,E59,Number Kids Engaged
4418,Community Event,2025-08-02,Backpack Block Party Bash,E59,Number Kids Engaged
4419,Community Event,2025-08-02,Backpack Block Party Bash,E59,Number Kids Engaged
4420,Community Event,2025-08-02,Backpack Block Party Bash,E59,Number Kids Engaged
4421,Community Event,2025-08-02,Backpack Block Party Bash,E59,Number Kids Engaged
4422,Community Event,2025-08-02,Backpack Block Party Bash,E59,Number Kids Engaged
4423,Community Event,2025-08-02,Backpack Block Party Bash,E59,Number Kids Engaged
4424,Community Event,2025-08-02,Backpack Block Party Bash,E59,Number Kids Engaged
4425,Community Event,2025-08-02,Backpack Block Party Bash,E59,Number Kids Engaged
4426,Community Event,2025-08-02,Backpack Block Party Bash,E59,Number Kids Engaged
4427,Community Event,2025-08-02,Backpack Block Party Bash,E59,Number Kids Engaged
4428,Community Event,2025-08-02,Backpack Block Party Bash,E59,Number Kids Engaged
4429,Community Event,2025-08-02,Backpack Block Party Bash,E59,Number Kids Engaged
4430,Community Event,2025-08-02,Backpack Block Party Bash,E59,Number Kids Engaged
4431,Community Event,2025-08-02,Backpack Block Party Bash,E59,Number Kids Engaged
4432,Community Event,2025-08-02,Backpack Block Party Bash,E59,Number Kids Engaged
4433,Community Event,2025-08-02,Backpack Block Party Bash,E59,Number Kids Engaged
4434,Community Event,2025-08-02,Backpack Block Party Bash,E59,Number Kids Engaged
4435,Community Event,2025-08-02,Backpack Block Party Bash,E59,Number Kids Engaged
4436,Community Event,2025-08-02,Backpack Block Party Bash,E59,Number Kids Engaged
4437,Community Event,2025-08-02,Backpack Block Party Bash,E59,Number Kids Engaged
4438,Community Event,2025-08-02,Backpack Block Party Bash,E59,Number Kids Engaged
4439,Community Event,2025-08-02,Backpack Block Party Bash,E59,Number Kids Engaged
4440,Community Event,2025-08-02,Backpack Block Party Bash,E59,Number Kids Engaged
4441,Community Event,2025-08-02,Backpack Block Party Bash,E59,Number Kids Engaged
4442,Community Event,2025-08-02,Backpack Block Party Bash,E59,Number Kids Engaged
4443,Community Event,2025-08-02,Backpack Block Party Bash,E59,Number Kids Engaged
4444,Community Event,2025-08-02,Backpack Block Party Bash,E59,Number Kids Engaged
4445,Community Event,2025-08-02,Backpack Block Party Bash,E59,Number Kids Engaged
4446,Community Event,2025-08-02,Backpack Block Party Bash,E59,Number Kids Engaged
4447,Community Event,2025-08-02,Backpack Block Party Bash,E59,Number Kids Engaged
4448,Community Event,2025-08-02,Backpack Block Party Bash,E59,Number Kids Engaged
4449,Community Event,2025-08-02,Backpack Block Party Bash,E59,Number Kids Engaged
4450,Community Event,2025-08-02,Backpack Block Party Bash,E59,Number Kids Engaged
4451,Community Event,2025-08-02,Backpack Block Party Bash,E59,Number Kids Engaged
4452,Community Event,2025-08-02,Backpack Block Party Bash,E59,Number Kids Engaged
4453,Community Event,2025-08-02,Backpack Block Party Bash,E59,Number Kids Engaged
4454,Community Event,2025-08-02,Backpack Block Party Bash,E59,Number Kids Engaged
4455,Community Event,2025-08-02,Backpack Block Party Bash,E59,Number Kids Engaged
4456,Community Event,2025-08-02,Backpack Block Party Bash,E59,Number Kids Engaged
4457,Community Event,2025-08-02,Backpack Block Party Bash,E59,Number Kids Engaged
4458,Community Event,2025-08-02,Backpack Block Party Bash,E59,Number Kids Engaged
4459,Community Event,2025-08-02,Backpack Block Party Bash,E59,Number Kids Engaged
4460,Community Event,2025-08-02,Backpack Block Party Bash,E59,Number Kids Engaged
4461,Community Event,2025-08-02,Backpack Block Party Bash,E59,Number Kids Engaged
4462,Community Event,2025-08-02,Backpack Block Party Bash,E59,Number Kids Engaged
4463,Community Event,2025-08-02,Backpack Block Party Bash,E59,Number Kids Engaged
4464,Community Event,2025-08-02,Backpack Block Party Bash,E59,Number Kids Engaged
4465,Community Event,2025-08-02,Backpack Block Party Bash,E59,Number Kids Engaged
4466,Community Event,2025-08-02,Backpack Block Party Bash,E59,Number Kids Engaged
4467,Community Event,2025-08-02,Backpack Block Party Bash,E59,Number Kids Engaged
4468,Community Event,2025-08-02,Backpack Block Party Bash,E59,Number Kids Engaged
4469,Community Event,2025-08-02,Backpack Block Party Bash,E59,Number Kids Engaged
4470,Community Event,2025-08-02,Backpack Block Party Bash,E59,Number Kids Engaged
4471,Community Event,2025-08-02,Backpack Block Party Bash,E59,Number Kids Engaged
4472,Community Event,2025-08-02,Backpack Block Party Bash,E59,Number Kids Engaged
4473,Community Event,2025-08-02,Backpack Block Party Bash,E59,Number Kids Engaged
4474,Community Event,2025-08-02,Backpack Block Party Bash,E59,Number Kids Engaged
4475,Community Event,2025-08-02,Backpack Block Party Bash,E59,Number Kids Engaged
4476,Community Event,2025-08-02,Backpack Block Party Bash,E59,Number Kids Engaged
4477,Community Event,2025-08-02,Backpack Block Party Bash,E59,Number Kids Engaged
4478,Community Event,2025-08-02,Backpack Block Party Bash,E59,Number Kids Engaged
4479,Community Event,2025-08-02,Backpack Block Party Bash,E59,Number Kids Engaged
4480,Community Event,2025-08-02,Backpack Block Party Bash,E59,Number Kids Engaged
4481,Community Event,2025-08-02,Backpack Block Party Bash,E59,Number Kids Engaged
4482,Community Event,2025-08-02,Backpack Block Party Bash,E59,Number Kids Engaged
4483,Community Event,2025-08-02,Backpack Block Party Bash,E59,Number Kids Engaged
4484,Community Event,2025-08-02,Backpack Block Party Bash,E59,Number Kids Engaged
4485,Community Event,2025-08-02,Backpack Block Party Bash,E59,Number Kids Engaged
4486,Community Event,2025-08-02,Backpack Block Party Bash,E59,Number Kids Engaged
4487,Community Event,2025-08-02,Backpack Block Party Bash,E59,Number Kids Engaged
4488,Community Event,2025-08-02,Backpack Block Party Bash,E59,Number Kids Engaged
4489,Community Event,2025-08-02,Backpack Block Party Bash,E59,Number Kids Engaged
4490,Community Event,2025-08-02,Backpack Block Party Bash,E59,Number Kids Engaged
4491,Community Event,2025-08-02,Backpack Block Party Bash,E59,Number Kids Engaged
4492,Community Event,2025-08-02,Backpack Block Party Bash,E59,Number Kids Engaged
4493,Community Event,2025-08-02,Backpack Block Party Bash,E59,Number Kids Engaged
4494,Community Event,2025-08-02,Backpack Block Party Bash,E59,Number Kids Engaged
4495,Community Event,2025-08-02,Backpack Block Party Bash,E59,Number Kids Engaged
4496,Community Event,2025-08-02,Backpack Block Party Bash,E59,Number Kids Engaged
4497,Community Event,2025-08-02,Backpack Block Party Bash,E59,Number Kids Engaged
4498,Community Event,2025-08-02,Backpack Block Party Bash,E59,Number Kids Engaged
4499,Community Event,2025-08-02,Backpack Block Party Bash,E59,Number Kids Engaged
4500,Community Event,2025-08-02,Backpack Block Party Bash,E59,Number Kids Engaged
4501,Community Event,2025-08-02,Backpack Block Party Bash,E59,Number Kids Engaged
4502,Community Event,2025-08-02,Backpack Block Party Bash,E59,Number Kids Engaged
4503,Community Event,2025-08-02,Backpack Block Party Bash,E59,Number Kids Engaged
4504,Community Event,2025-08-02,Backpack Block Party Bash,E59,Number Kids Engaged
4505,Community Event,2025-08-02,Backpack Block Party Bash,E59,Number Kids Engaged
4506,Community Event,2025-08-02,Backpack Block Party Bash,E59,Number Kids Engaged
4507,Community Event,2025-08-02,Backpack Block Party Bash,E59,Number Kids Engaged
4508,Community Event,2025-08-02,Backpack Block Party Bash,E59,Number Kids Engaged
4509,Community Event,2025-08-02,Backpack Block Party Bash,E59,Number Kids Engaged
4510,Community Event,2025-08-02,Backpack Block Party Bash,E59,Number Kids Engaged
4511,Community Event,2025-08-02,Backpack Block Party Bash,E59,Number Kids Engaged
4512,Community Event,2025-08-02,Backpack Block Party Bash,E59,Number Kids Engaged
4513,Community Event,2025-08-02,Backpack Block Party Bash,E59,Number Kids Engaged
4514,Community Event,2025-08-02,Backpack Block Party Bash,E59,Number Kids Engaged
4515,Community Event,2025-08-02,Backpack Block Party Bash,E59,Number Kids Engaged
4516,Community Event,2025-08-02,Backpack Block Party Bash,E59,Number Kids Engaged
4517,Community Event,2025-08-02,Backpack Block Party Bash,E59,Number Kids Engaged
4518,Community Event,2025-08-02,Backpack Block Party Bash,E59,Number Kids Engaged
4519,Community Event,2025-08-02,Backpack Block Party Bash,E59,Number Kids Engaged
4520,Community Event,2025-08-02,Backpack Block Party Bash,E59,Number Kids Engaged
4521,Community Event,2025-08-02,Backpack Block Party Bash,E59,Number Kids Engaged
4522,Community Event,2025-08-02,Backpack Block Party Bash,E59,Number Kids Engaged
4523,Community Event,2025-08-02,Backpack Block Party Bash,E59,Number Kids Engaged
4524,Community Event,2025-08-02,Backpack Block Party Bash,E59,Number Kids Engaged
4525,Community Event,2025-08-02,Backpack Block Party Bash,E59,Number Kids Engaged
4526,Community Event,2025-08-02,Backpack Block Party Bash,E59,Number Adults Engaged
4527,Community Event,2025-08-02,Backpack Block Party Bash,E59,Number Adults Engaged
4528,Community Event,2025-08-02,Backpack Block Party Bash,E59,Number Adults Engaged
4529,Community Event,2025-08-02,Backpack Block Party Bash,E59,Number Adults Engaged
4530,Community Event,2025-08-02,Backpack Block Party Bash,E59,Number Adults Engaged
4531,Community Event,2025-08-02,Backpack Block Party Bash,E59,Number Adults Engaged
4532,Community Event,2025-08-02,Backpack Block Party Bash,E59,Number Adults Engaged
4533,Community Event,2025-08-02,Backpack Block Party Bash,E59,Number Adults Engaged
4534,Community Event,2025-08-02,Backpack Block Party Bash,E59,Number Adults Engaged
4535,Community Event,2025-08-02,Backpack Block Party Bash,E59,Number Adults Engaged
4536,Community Event,2025-08-02,Backpack Block Party Bash,E59,Number Adults Engaged
4537,Community Event,2025-08-02,Backpack Block Party Bash,E59,Number Adults Engaged
4538,Community Event,2025-08-02,Backpack Block Party Bash,E59,Number Adults Engaged
4539,Community Event,2025-08-02,Backpack Block Party Bash,E59,Number Adults Engaged
4540,Community Event,2025-08-02,Backpack Block Party Bash,E59,Number Adults Engaged
4541,Community Event,2025-08-02,Backpack Block Party Bash,E59,Number Adults Engaged
4542,Community Event,2025-08-02,Backpack Block Party Bash,E59,Number Adults Engaged
4543,Community Event,2025-08-02,Backpack Block Party Bash,E59,Number Adults Engaged
4544,Community Event,2025-08-02,Backpack Block Party Bash,E59,Number Adults Engaged
4545,Community Event,2025-08-02,Backpack Block Party Bash,E59,Number Adults Engaged
4546,Community Event,2025-08-02,Backpack Block Party Bash,E59,Number Adults Engaged
4547,Community Event,2025-08-02,Backpack Block Party Bash,E59,Number Adults Engaged
4548,Community Event,2025-08-02,Backpack Block Party Bash,E59,Number Adults Engaged
4549,Community Event,2025-08-02,Backpack Block Party Bash,E59,Number Adults Engaged
4550,Community Event,2025-08-02,Backpack Block Party Bash,E59,Number Adults Engaged
4551,Community Event,2025-08-02,Backpack Block Party Bash,E59,Number Adults Engaged
4552,Community Event,2025-08-02,Backpack Block Party Bash,E59,Number Adults Engaged
4553,Community Event,2025-08-02,Backpack Block Party Bash,E59,Number Adults Engaged
4554,Community Event,2025-08-02,Backpack Block Party Bash,E59,Number Adults Engaged
4555,Community Event,2025-08-02,Backpack Block Party Bash,E59,Number Adults Engaged
4556,Community Event,2025-08-02,Backpack Block Party Bash,E59,Number Adults Engaged
4557,Community Event,2025-08-02,Backpack Block Party Bash,E59,Number Adults Engaged
4558,Community Event,2025-08-02,Backpack Block Party Bash,E59,Number Adults Engaged
4559,Community Event,2025-08-02,Backpack Block Party Bash,E59,Number Adults Engaged
4560,Community Event,2025-08-02,Backpack Block Party Bash,E59,Number Adults Engaged
4561,Community Event,2025-08-02,Backpack Block Party Bash,E59,Number Adults Engaged
4562,Community Event,2025-08-02,Backpack Block Party Bash,E59,Number Adults Engaged
4563,Community Event,2025-08-02,Backpack Block Party Bash,E59,Number Adults Engaged
4564,Community Event,2025-08-02,Backpack Block Party Bash,E59,Number Adults Engaged
4565,Community Event,2025-08-02,Backpack Block Party Bash,E59,Number Adults Engaged
4566,Community Event,2025-08-02,Backpack Block Party Bash,E59,Number Adults Engaged
4567,Community Event,2025-08-02,Backpack Block Party Bash,E59,Number Adults Engaged
4568,Community Event,2025-08-02,Backpack Block Party Bash,E59,Number Adults Engaged
4569,Community Event,2025-08-02,Backpack Block Party Bash,E59,Number Adults Engaged
4570,Community Event,2025-08-02,Backpack Block Party Bash,E59,Number Adults Engaged
4571,Community Event,2025-08-02,Backpack Block Party Bash,E59,Number Adults Engaged
4572,Community Event,2025-08-02,Backpack Block Party Bash,E59,Number Adults Engaged
4573,Community Event,2025-08-02,Backpack Block Party Bash,E59,Number Adults Engaged
4574,Community Event,2025-08-02,Backpack Block Party Bash,E59,Number Adults Engaged
4575,Community Event,2025-08-02,Backpack Block Party Bash,E59,Number Adults Engaged
4576,Community Event,2025-08-02,Backpack Block Party Bash,E59,Number Adults Engaged
4577,Community Event,2025-08-02,Backpack Block Party Bash,E59,Number Adults Engaged
4578,Community Event,2025-08-02,Backpack Block Party Bash,E59,Number Adults Engaged
4579,Community Event,2025-08-02,Backpack Block Party Bash,E59,Number Adults Engaged
4580,Community Event,2025-08-02,Backpack Block Party Bash,E59,Number Adults Engaged
4581,Community Event,2025-08-02,Backpack Block Party Bash,E59,Number Adults Engaged
4582,Community Event,2025-08-02,Backpack Block Party Bash,E59,Number Adults Engaged
4583,Community Event,2025-08-02,Backpack Block Party Bash,E59,Number Adults Engaged
4584,Community Event,2025-08-02,Backpack Block Party Bash,E59,Number Adults Engaged
4585,Community Event,2025-08-02,Backpack Block Party Bash,E59,Number Adults Engaged
4586,Community Event,2025-08-02,Backpack Block Party Bash,E59,Number Adults Engaged
4587,Community Event,2025-08-02,Backpack Block Party Bash,E59,Number Adults Engaged
4588,Community Event,2025-08-02,Backpack Block Party Bash,E59,Number Adults Engaged
4589,Community Event,2025-08-02,Backpack Block Party Bash,E59,Number Adults Engaged
4590,Community Event,2025-08-02,Backpack Block Party Bash,E59,Number Adults Engaged
4591,Community Event,2025-08-02,Backpack Block Party Bash,E59,Number Adults Engaged
4592,Community Event,2025-08-02,Backpack Block Party Bash,E59,Number Adults Engaged
4593,Community Event,2025-08-02,Backpack Block Party Bash,E59,Number Adults Engaged
4594,Community Event,2025-08-02,Backpack Block Party Bash,E59,Number Adults Engaged
4595,Community Event,2025-08-02,Backpack Block Party Bash,E59,Number Adults Engaged
4596,Community Event,2025-08-02,Backpack Block Party Bash,E59,Number Adults Engaged
4597,Community Event,2025-08-02,Backpack Block Party Bash,E59,Number Adults Engaged
4598,Community Event,2025-08-02,Backpack Block Party Bash,E59,Number Adults Engaged
4599,Community Event,2025-08-02,Backpack Block Party Bash,E59,Number Adults Engaged
4600,Community Event,2025-08-02,Backpack Block Party Bash,E59,Number Adults Engaged
4601,Community Event,2025-08-02,Backpack Block Party Bash,E59,Number Adults Engaged
4602,Community Event,2025-08-02,Backpack Block Party Bash,E59,Number Adults Engaged
4603,Community Event,2025-08-02,Backpack Block Party Bash,E59,Number Adults Engaged
4604,Community Event,2025-08-02,Backpack Block Party Bash,E59,Number Adults Engaged
4605,Community Event,2025-08-02,Backpack Block Party Bash,E59,Number Adults Engaged
4606,Community Event,2025-08-02,Backpack Block Party Bash,E59,Number Adults Engaged
4607,Community Event,2025-08-02,Backpack Block Party Bash,E59,Number Adults Engaged
4608,Community Event,2025-08-02,Backpack Block Party Bash,E59,Number Adults Engaged
4609,Community Event,2025-08-02,Backpack Block Party Bash,E59,Number Adults Engaged
4610,Community Event,2025-08-02,Backpack Block Party Bash,E59,Number Adults Engaged
4611,Community Event,2025-08-02,Backpack Block Party Bash,E59,Number Adults Engaged
4612,Community Event,2025-08-02,Backpack Block Party Bash,E59,Number Adults Engaged
4613,Community Event,2025-08-02,Backpack Block Party Bash,E59,Number Adults Engaged
4614,Community Event,2025-08-02,Backpack Block Party Bash,E59,Number Adults Engaged
4615,Community Event,2025-08-02,Backpack Block Party Bash,E59,Number Adults Engaged
4616,Community Event,2025-08-02,Backpack Block Party Bash,E59,Number Adults Engaged
4617,Community Event,2025-08-02,Backpack Block Party Bash,E59,Number Adults Engaged
4618,Community Event,2025-08-02,Backpack Block Party Bash,E59,Number Adults Engaged
4619,Community Event,2025-08-02,Backpack Block Party Bash,E59,Number Adults Engaged
4620,Community Event,2025-08-02,Backpack Block Party Bash,E59,Number Adults Engaged
4621,Community Event,2025-08-02,Backpack Block Party Bash,E59,Number Adults Engaged
4622,Community Event,2025-08-02,Backpack Block Party Bash,E59,Number Adults Engaged
4623,Community Event,2025-08-02,Backpack Block Party Bash,E59,Number Adults Engaged
4624,Community Event,2025-08-02,Backpack Block Party Bash,E59,Number Adults Engaged
4625,Community Event,2025-08-02,Backpack Block Party Bash,E59,Number Adults Engaged
4626,Community Event,2025-08-02,Backpack Block Party Bash,E59,Number Adults Engaged
4627,Community Event,2025-08-02,Backpack Block Party Bash,E59,Number Adults Engaged
4628,Community Event,2025-08-02,Backpack Block Party Bash,E59,Number Adults Engaged
4629,Community Event,2025-08-02,Backpack Block Party Bash,E59,Number Adults Engaged
4630,Community Event,2025-08-02,Backpack Block Party Bash,E59,Number Adults Engaged
4631,Community Event,2025-08-02,Backpack Block Party Bash,E59,Number Adults Engaged
4632,Community Event,2025-08-02,Backpack Block Party Bash,E59,Number Adults Engaged
4633,Community Event,2025-08-02,Backpack Block Party Bash,E59,Number Adults Engaged
4634,Community Event,2025-08-02,Backpack Block Party Bash,E59,Number Adults Engaged
4635,Community Event,2025-08-02,Backpack Block Party Bash,E59,Number Adults Engaged
4636,Community Event,2025-08-02,Backpack Block Party Bash,E59,Number Adults Engaged
4637,Community Event,2025-08-02,Backpack Block Party Bash,E59,Number Adults Engaged
4638,Community Event,2025-08-02,Backpack Block Party Bash,E59,Number Adults Engaged
4639,Community Event,2025-08-02,Backpack Block Party Bash,E59,Number Adults Engaged
4640,Community Event,2025-08-02,Backpack Block Party Bash,E59,Number Adults Engaged
4641,Community Event,2025-08-02,Backpack Block Party Bash,E59,Number Adults Engaged
4642,Community Event,2025-08-02,Backpack Block Party Bash,E59,Number Adults Engaged
4643,Community Event,2025-08-02,Backpack Block Party Bash,E59,Number Adults Engaged
4644,Community Event,2025-08-02,Backpack Block Party Bash,E59,Number Adults Engaged
4645,Community Event,2025-08-02,Backpack Block Party Bash,E59,Number Adults Engaged
4646,Community Event,2025-08-02,Backpack Block Party Bash,E59,Number Adults Engaged
4647,Community Event,2025-08-02,Backpack Block Party Bash,E59,Number Adults Engaged
4648,Community Event,2025-08-02,Backpack Block Party Bash,E59,Number Adults Engaged
4649,Community Event,2025-08-02,Backpack Block Party Bash,E59,Number Adults Engaged
4650,Community Event,2025-08-02,Backpack Block Party Bash,E59,Number Adults Engaged
4651,Community Event,2025-08-02,Backpack Block Party Bash,E59,Number Adults Engaged
4652,Community Event,2025-08-02,Backpack Block Party Bash,E59,Number Adults Engaged
4653,Community Event,2025-08-02,Backpack Block Party Bash,E59,Number Adults Engaged
4654,Community Event,2025-08-02,Backpack Block Party Bash,E59,Number Adults Engaged
4655,Community Event,2025-08-02,Backpack Block Party Bash,E59,Number Adults Engaged
4656,Community Event,2025-08-02,Backpack Block Party Bash,E59,Number Adults Engaged
4657,Community Event,2025-08-02,Backpack Block Party Bash,E59,Number Adults Engaged
4658,Community Event,2025-08-02,Backpack Block Party Bash,E59,Number Adults Engaged
4659,Community Event,2025-08-02,Backpack Block Party Bash,E59,Number Adults Engaged
4660,Community Event,2025-08-02,Backpack Block Party Bash,E59,Number Adults Engaged
4661,Community Event,2025-08-02,Backpack Block Party Bash,E59,Number Adults Engaged
4662,Community Event,2025-08-02,Backpack Block Party Bash,E59,Number Adults Engaged
4663,Community Event,2025-08-02,Backpack Block Party Bash,E59,Number Adults Engaged
4664,Community Event,2025-08-02,Backpack Block Party Bash,E59,Number Adults Engaged
4665,Community Event,2025-08-02,Backpack Block Party Bash,E59,Number Adults Engaged
4666,Community Event,2025-08-02,Backpack Block Party Bash,E59,Number Adults Engaged
4667,Community Event,2025-08-02,Backpack Block Party Bash,E59,Number Adults Engaged
4668,Community Event,2025-08-02,Backpack Block Party Bash,E59,Number Adults Engaged
4669,Community Event,2025-08-02,Backpack Block Party Bash,E59,Number Adults Engaged
4670,Community Event,2025-08-02,Backpack Block Party Bash,E59,Number Adults Engaged
4671,Community Event,2025-08-02,Backpack Block Party Bash,E59,Number Adults Engaged
4672,Community Event,2025-08-02,Backpack Block Party Bash,E59,Number Adults Engaged
4673,Community Event,2025-08-02,Backpack Block Party Bash,E59,Number Adults Engaged
4674,Community Event,2025-08-02,Backpack Block Party Bash,E59,Number Adults Engaged
4675,Community Event,2025-08-02,Backpack Block Party Bash,E59,Number Adults Engaged
4676,Community Event,2025-08-02,Backpack Block Party Bash,E59,Number Adults Engaged
4677,Community Event,2025-08-02,Backpack Block Party Bash,E59,Number Adults Engaged
4678,Community Event,2025-08-02,Backpack Block Party Bash,E59,Number Adults Engaged
4679,Community Event,2025-08-02,Backpack Block Party Bash,E59,Number Adults Engaged
4680,Community Event,2025-08-02,Backpack Block Party Bash,E59,Number Adults Engaged
4681,Community Event,2025-08-02,Backpack Block Party Bash,E59,Number Adults Engaged
4682,Community Event,2025-08-02,Backpack Block Party Bash,E59,Number Adults Engaged
4683,Community Event,2025-08-02,Backpack Block Party Bash,E59,Number Adults Engaged
4684,Community Event,2025-08-02,Backpack Block Party Bash,E59,Number Adults Engaged
4685,Community Event,2025-08-02,Backpack Block Party Bash,E59,Number Adults Engaged
4686,Community Event,2025-08-02,Backpack Block Party Bash,E59,Number Adults Engaged
4687,Community Event,2025-08-02,Backpack Block Party Bash,E59,Number Adults Engaged
4688,Community Event,2025-08-02,Backpack Block Party Bash,E59,Number Adults Engaged
4689,Community Event,2025-08-02,Backpack Block Party Bash,E59,Number Adults Engaged
4690,Community Event,2025-08-02,Backpack Block Party Bash,E59,Number Adults Engaged
4691,Community Event,2025-08-02,Backpack Block Party Bash,E59,Number Adults Engaged
4692,Community Event,2025-08-02,Backpack Block Party Bash,E59,Number Adults Engaged
4693,Community Event,2025-08-02,Backpack Block Party Bash,E59,Number Adults Engaged
4694,Community Event,2025-08-02,Backpack Block Party Bash,E59,Number Adults Engaged
4695,Community Event,2025-08-02,Backpack Block Party Bash,E59,Number Adults Engaged
4696,Community Event,2025-08-02,Backpack Block Party Bash,E59,Number Adults Engaged
4697,Community Event,2025-08-02,Backpack Block Party Bash,E59,Number Adults Engaged
4698,Community Event,2025-08-02,Backpack Block Party Bash,E59,Number Adults Engaged
4699,Community Event,2025-08-02,Backpack Block Party Bash,E59,Number Adults Engaged
4700,Community Event,2025-08-02,Backpack Block Party Bash,E59,Number Adults Engaged
4701,Community Event,2025-08-02,Backpack Block Party Bash,E59,Number Adults Engaged
4702,Community Event,2025-08-02,Backpack Block Party Bash,E59,Number Adults Engaged
4703,Community Event,2025-08-02,Backpack Block Party Bash,E59,Number Adults Engaged
4704,Community Event,2025-08-02,Backpack Block Party Bash,E59,Number Adults Engaged
4705,Community Event,2025-08-02,Backpack Block Party Bash,E59,Number Adults Engaged
4706,Community Event,2025-08-05,National Night Out,E60,Number Kids Engaged
4707,Community Event,2025-08-05,National Night Out,E60,Number Kids Engaged
4708,Community Event,2025-08-05,National Night Out,E60,Number Kids Engaged
4709,Community Event,2025-08-05,National Night Out,E60,Number Kids Engaged
4710,Community Event,2025-08-05,National Night Out,E60,Number Kids Engaged
4711,Community Event,2025-08-05,National Night Out,E60,Number Kids Engaged
4712,Community Event,2025-08-05,National Night Out,E60,Number Kids Engaged
4713,Community Event,2025-08-05,National Night Out,E60,Number Kids Engaged
4714,Community Event,2025-08-05,National Night Out,E60,Number Kids Engaged
4715,Community Event,2025-08-05,National Night Out,E60,Number Kids Engaged
4716,Community Event,2025-08-05,National Night Out,E60,Number Kids Engaged
4717,Community Event,2025-08-05,National Night Out,E60,Number Kids Engaged
4718,Community Event,2025-08-05,National Night Out,E60,Number Kids Engaged
4719,Community Event,2025-08-05,National Night Out,E60,Number Kids Engaged
4720,Community Event,2025-08-05,National Night Out,E60,Number Kids Engaged
4721,Community Event,2025-08-05,National Night Out,E60,Number Kids Engaged
4722,Community Event,2025-08-05,National Night Out,E60,Number Kids Engaged
4723,Community Event,2025-08-05,National Night Out,E60,Number Kids Engaged
4724,Community Event,2025-08-05,National Night Out,E60,Number Kids Engaged
4725,Community Event,2025-08-05,National Night Out,E60,Number Kids Engaged
4726,Community Event,2025-08-05,National Night Out,E60,Number Kids Engaged
4727,Community Event,2025-08-05,National Night Out,E60,Number Kids Engaged
4728,Community Event,2025-08-05,National Night Out,E60,Number Kids Engaged
4729,Community Event,2025-08-05,National Night Out,E60,Number Kids Engaged
4730,Community Event,2025-08-05,National Night Out,E60,Number Kids Engaged
4731,Community Event,2025-08-05,National Night Out,E60,Number Kids Engaged
4732,Community Event,2025-08-05,National Night Out,E60,Number Kids Engaged
4733,Community Event,2025-08-05,National Night Out,E60,Number Kids Engaged
4734,Community Event,2025-08-05,National Night Out,E60,Number Kids Engaged
4735,Community Event,2025-08-05,National Night Out,E60,Number Kids Engaged
4736,Community Event,2025-08-05,National Night Out,E60,Number Kids Engaged
4737,Community Event,2025-08-05,National Night Out,E60,Number Kids Engaged
4738,Community Event,2025-08-05,National Night Out,E60,Number Kids Engaged
4739,Community Event,2025-08-05,National Night Out,E60,Number Kids Engaged
4740,Community Event,2025-08-05,National Night Out,E60,Number Kids Engaged
4741,Community Event,2025-08-05,National Night Out,E60,Number Kids Engaged
4742,Community Event,2025-08-05,National Night Out,E60,Number Kids Engaged
4743,Community Event,2025-08-05,National Night Out,E60,Number Kids Engaged
4744,Community Event,2025-08-05,National Night Out,E60,Number Kids Engaged
4745,Community Event,2025-08-05,National Night Out,E60,Number Kids Engaged
4746,Community Event,2025-08-05,National Night Out,E60,Number Kids Engaged
4747,Community Event,2025-08-05,National Night Out,E60,Number Kids Engaged
4748,Community Event,2025-08-05,National Night Out,E60,Number Kids Engaged
4749,Community Event,2025-08-05,National Night Out,E60,Number Kids Engaged
4750,Community Event,2025-08-05,National Night Out,E60,Number Kids Engaged
4751,Community Event,2025-08-05,National Night Out,E60,Number Adults Engaged
4752,Community Event,2025-08-05,National Night Out,E60,Number Adults Engaged
4753,Community Event,2025-08-05,National Night Out,E60,Number Adults Engaged
4754,Community Event,2025-08-05,National Night Out,E60,Number Adults Engaged
4755,Community Event,2025-08-05,National Night Out,E60,Number Adults Engaged
4756,Community Event,2025-08-05,National Night Out,E60,Number Adults Engaged
4757,Community Event,2025-08-05,National Night Out,E60,Number Adults Engaged
4758,Community Event,2025-08-05,National Night Out,E60,Number Adults Engaged
4759,Community Event,2025-08-05,National Night Out,E60,Number Adults Engaged
4760,Community Event,2025-08-05,National Night Out,E60,Number Adults Engaged
4761,Community Event,2025-08-05,National Night Out,E60,Number Adults Engaged
4762,Community Event,2025-08-05,National Night Out,E60,Number Adults Engaged
4763,Community Event,2025-08-05,National Night Out,E60,Number Adults Engaged
4764,Community Event,2025-08-05,National Night Out,E60,Number Adults Engaged
4765,Community Event,2025-08-05,National Night Out,E60,Number Adults Engaged
4766,Community Event,2025-08-05,National Night Out,E60,Number Adults Engaged
4767,Community Event,2025-08-05,National Night Out,E60,Number Adults Engaged
4768,Community Event,2025-08-05,National Night Out,E60,Number Adults Engaged
4769,Community Event,2025-08-05,National Night Out,E60,Number Adults Engaged
4770,Community Event,2025-08-05,National Night Out,E60,Number Adults Engaged
4771,Community Event,2025-08-05,National Night Out,E60,Number Adults Engaged
4772,Community Event,2025-08-05,National Night Out,E60,Number Adults Engaged
4773,Community Event,2025-08-05,National Night Out,E60,Number Adults Engaged
4774,Community Event,2025-08-05,National Night Out,E60,Number Adults Engaged
4775,Community Event,2025-08-05,National Night Out,E60,Number Adults Engaged
4776,Community Event,2025-08-05,National Night Out,E60,Number Adults Engaged
4777,Community Event,2025-08-05,National Night Out,E60,Number Adults Engaged
4778,Community Event,2025-08-05,National Night Out,E60,Number Adults Engaged
4779,Community Event,2025-08-05,National Night Out,E60,Number Adults Engaged
4780,Community Event,2025-08-05,National Night Out,E60,Number Adults Engaged
4781,Community Event,2025-08-05,National Night Out,E60,Number Adults Engaged
4782,Community Event,2025-08-05,National Night Out,E60,Number Adults Engaged
4783,Community Event,2025-08-05,National Night Out,E60,Number Adults Engaged
4784,Community Event,2025-08-05,National Night Out,E60,Number Adults Engaged
4785,Community Event,2025-08-05,National Night Out,E60,Number Adults Engaged
4786,Community Event,2025-08-05,National Night Out,E60,Number Adults Engaged
4787,Community Event,2025-08-05,National Night Out,E60,Number Adults Engaged
4788,Community Event,2025-08-05,National Night Out,E60,Number Adults Engaged
4789,Community Event,2025-08-05,National Night Out,E60,Number Adults Engaged
4790,Community Event,2025-08-05,National Night Out,E60,Number Adults Engaged
4791,Community Event,2025-08-05,National Night Out,E60,Number Adults Engaged
4792,Community Event,2025-08-05,National Night Out,E60,Number Adults Engaged
4793,Community Event,2025-08-05,National Night Out,E60,Number Adults Engaged
4794,Community Event,2025-08-05,National Night Out,E60,Number Adults Engaged
4795,Community Event,2025-08-05,National Night Out,E60,Number Adults Engaged
4796,Community Event,2025-08-05,National Night Out,E60,Number Adults Engaged
4797,Community Event,2025-08-05,National Night Out,E60,Number Adults Engaged
4798,Community Event,2025-08-05,National Night Out,E60,Number Adults Engaged
4799,Partner Tabling,2025-08-06,In the Image,E61,Number Kids Engaged
4800,Partner Tabling,2025-08-06,In the Image,E61,Number Kids Engaged
4801,Partner Tabling,2025-08-06,In the Image,E61,Number Kids Engaged
4802,Partner Tabling,2025-08-06,In the Image,E61,Number Kids Engaged
4803,Partner Tabling,2025-08-06,In the Image,E61,Number Kids Engaged
4804,Partner Tabling,2025-08-06,In the Image,E61,Number Kids Engaged
4805,Partner Tabling,2025-08-06,In the Image,E61,Number Kids Engaged
4806,Partner Tabling,2025-08-06,In the Image,E61,Number Kids Engaged
4807,Partner Tabling,2025-08-06,In the Image,E61,Number Kids Engaged
4808,Partner Tabling,2025-08-06,In the Image,E61,Number Kids Engaged
4809,Partner Tabling,2025-08-06,In the Image,E61,Number Kids Engaged
4810,Partner Tabling,2025-08-06,In the Image,E61,Number Kids Engaged
4811,Partner Tabling,2025-08-06,In the Image,E61,Number Kids Engaged
4812,Partner Tabling,2025-08-06,In the Image,E61,Number Kids Engaged
4813,Partner Tabling,2025-08-06,In the Image,E61,Number Kids Engaged
4814,Partner Tabling,2025-08-06,In the Image,E61,Number Kids Engaged
4815,Partner Tabling,2025-08-06,In the Image,E61,Number Kids Engaged
4816,Partner Tabling,2025-08-06,In the Image,E61,Number Kids Engaged
4817,Partner Tabling,2025-08-06,In the Image,E61,Number Kids Engaged
4818,Partner Tabling,2025-08-06,In the Image,E61,Number Kids Engaged
4819,Partner Tabling,2025-08-06,In the Image,E61,Number Kids Engaged
4820,Partner Tabling,2025-08-06,In the Image,E61,Number Kids Engaged
4821,Partner Tabling,2025-08-06,In the Image,E61,Number Kids Engaged
4822,Partner Tabling,2025-08-06,In the Image,E61,Number Adults Engaged
4823,Partner Tabling,2025-08-06,In the Image,E61,Number Adults Engaged
4824,Partner Tabling,2025-08-06,In the Image,E61,Number Adults Engaged
4825,Partner Tabling,2025-08-06,In the Image,E61,Number Adults Engaged
4826,Partner Tabling,2025-08-06,In the Image,E61,Number Adults Engaged
4827,Partner Tabling,2025-08-06,In the Image,E61,Number Adults Engaged
4828,Partner Tabling,2025-08-06,In the Image,E61,Number Adults Engaged
4829,Community Event,2025-08-06,Downtown YMCA Parent Cafe,E62,Number Kids Engaged
4830,Community Event,2025-08-06,Downtown YMCA Parent Cafe,E62,Number Kids Engaged
4831,Community Event,2025-08-06,Downtown YMCA Parent Cafe,E62,Number Kids Engaged
4832,Community Event,2025-08-06,Downtown YMCA Parent Cafe,E62,Number Kids Engaged
4833,Community Event,2025-08-06,Downtown YMCA Parent Cafe,E62,Number Adults Engaged
4834,Community Event,2025-08-06,Downtown YMCA Parent Cafe,E62,Number Adults Engaged
4835,Community Event,2025-08-06,Downtown YMCA Parent Cafe,E62,Number Adults Engaged
4836,Community Event,2025-08-06,Downtown YMCA Parent Cafe,E62,Number Adults Engaged
4837,Community Event,2025-08-06,Downtown YMCA Parent Cafe,E62,Number Adults Engaged
4838,Community Event,2025-08-06,Downtown YMCA Parent Cafe,E62,Number Adults Engaged
4839,Community Event,2025-08-06,Downtown YMCA Parent Cafe,E62,Number Adults Engaged
4840,Community Event,2025-08-06,Downtown YMCA Parent Cafe,E62,Number Adults Engaged
4841,Partner Tabling,2025-08-06,North Kent Connect,E63,Number Kids Engaged
4842,Partner Tabling,2025-08-06,North Kent Connect,E63,Number Kids Engaged
4843,Partner Tabling,2025-08-06,North Kent Connect,E63,Number Kids Engaged
4844,Partner Tabling,2025-08-06,North Kent Connect,E63,Number Kids Engaged
4845,Partner Tabling,2025-08-06,North Kent Connect,E63,Number Kids Engaged
4846,Partner Tabling,2025-08-06,North Kent Connect,E63,Number Kids Engaged
4847,Partner Tabling,2025-08-06,North Kent Connect,E63,Number Kids Engaged
4848,Partner Tabling,2025-08-06,North Kent Connect,E63,Number Kids Engaged
4849,Partner Tabling,2025-08-06,North Kent Connect,E63,Number Kids Engaged
4850,Partner Tabling,2025-08-06,North Kent Connect,E63,Number Adults Engaged
4851,Partner Tabling,2025-08-06,North Kent Connect,E63,Number Adults Engaged
4852,Partner Tabling,2025-08-06,North Kent Connect,E63,Number Adults Engaged
4853,Partner Tabling,2025-08-06,North Kent Connect,E63,Number Adults Engaged
4854,Partner Tabling,2025-08-06,North Kent Connect,E63,Number Adults Engaged
4855,Partner Tabling,2025-08-06,North Kent Connect,E63,Number Adults Engaged
4856,Partner Tabling,2025-08-06,North Kent Connect,E63,Number Adults Engaged
4857,Partner Tabling,2025-08-06,North Kent Connect,E63,Number Adults Engaged
4858,Partner Tabling,2025-08-06,North Kent Connect,E63,Number Adults Engaged
4859,Partner Tabling,2025-08-06,North Kent Connect,E63,Number Adults Engaged
4860,Partner Tabling,2025-08-06,North Kent Connect,E63,Number Adults Engaged
4861,Community Event,2025-08-07,DABSJ Back to School Bash '25,E64,Number Kids Engaged
4862,Community Event,2025-08-07,DABSJ Back to School Bash '25,E64,Number Kids Engaged
4863,Community Event,2025-08-07,DABSJ Back to School Bash '25,E64,Number Kids Engaged
4864,Community Event,2025-08-07,DABSJ Back to School Bash '25,E64,Number Kids Engaged
4865,Community Event,2025-08-07,DABSJ Back to School Bash '25,E64,Number Kids Engaged
4866,Community Event,2025-08-07,DABSJ Back to School Bash '25,E64,Number Kids Engaged
4867,Community Event,2025-08-07,DABSJ Back to School Bash '25,E64,Number Kids Engaged
4868,Community Event,2025-08-07,DABSJ Back to School Bash '25,E64,Number Kids Engaged
4869,Community Event,2025-08-07,DABSJ Back to School Bash '25,E64,Number Kids Engaged
4870,Community Event,2025-08-07,DABSJ Back to School Bash '25,E64,Number Kids Engaged
4871,Community Event,2025-08-07,DABSJ Back to School Bash '25,E64,Number Kids Engaged
4872,Community Event,2025-08-07,DABSJ Back to School Bash '25,E64,Number Kids Engaged
4873,Community Event,2025-08-07,DABSJ Back to School Bash '25,E64,Number Kids Engaged
4874,Community Event,2025-08-07,DABSJ Back to School Bash '25,E64,Number Kids Engaged
4875,Community Event,2025-08-07,DABSJ Back to School Bash '25,E64,Number Kids Engaged
4876,Community Event,2025-08-07,DABSJ Back to School Bash '25,E64,Number Kids Engaged
4877,Community Event,2025-08-07,DABSJ Back to School Bash '25,E64,Number Kids Engaged
4878,Community Event,2025-08-07,DABSJ Back to School Bash '25,E64,Number Kids Engaged
4879,Community Event,2025-08-07,DABSJ Back to School Bash '25,E64,Number Kids Engaged
4880,Community Event,2025-08-07,DABSJ Back to School Bash '25,E64,Number Adults Engaged
4881,Community Event,2025-08-07,DABSJ Back to School Bash '25,E64,Number Adults Engaged
4882,Community Event,2025-08-07,DABSJ Back to School Bash '25,E64,Number Adults Engaged
4883,Community Event,2025-08-07,DABSJ Back to School Bash '25,E64,Number Adults Engaged
4884,Community Event,2025-08-07,DABSJ Back to School Bash '25,E64,Number Adults Engaged
4885,Community Event,2025-08-07,DABSJ Back to School Bash '25,E64,Number Adults Engaged
4886,Community Event,2025-08-07,DABSJ Back to School Bash '25,E64,Number Adults Engaged
4887,Community Event,2025-08-07,DABSJ Back to School Bash '25,E64,Number Adults Engaged
4888,Community Event,2025-08-07,DABSJ Back to School Bash '25,E64,Number Adults Engaged
4889,Community Event,2025-08-07,DABSJ Back to School Bash '25,E64,Number Adults Engaged
4890,Community Event,2025-08-07,DABSJ Back to School Bash '25,E64,Number Adults Engaged
4891,Community Event,2025-08-07,DABSJ Back to School Bash '25,E64,Number Adults Engaged
4892,Community Event,2025-08-07,DABSJ Back to School Bash '25,E64,Number Adults Engaged
4893,Community Event,2025-08-07,DABSJ Back to School Bash '25,E64,Number Adults Engaged
4894,Community Event,2025-08-07,DABSJ Back to School Bash '25,E64,Number Adults Engaged
4895,Community Event,2025-08-07,DABSJ Back to School Bash '25,E64,Number Adults Engaged
4896,Community Event,2025-08-07,DABSJ Back to School Bash '25,E64,Number Adults Engaged
4897,Community Event,2025-08-07,DABSJ Back to School Bash '25,E64,Number Adults Engaged
4898,Community Event,2025-08-07,DABSJ Back to School Bash '25,E64,Number Adults Engaged
4899,Community Event,2025-08-07,DABSJ Back to School Bash '25,E64,Number Adults Engaged
4900,Community Event,2025-08-07,DABSJ Back to School Bash '25,E64,Number Adults Engaged
4901,Community Event,2025-08-07,DABSJ Back to School Bash '25,E64,Number Adults Engaged
4902,Community Event,2025-08-07,DABSJ Back to School Bash '25,E64,Number Adults Engaged
4903,Partner Tabling,2025-08-07,Streams of Hope,E65,Number Kids Engaged
4904,Partner Tabling,2025-08-07,Streams of Hope,E65,Number Kids Engaged
4905,Partner Tabling,2025-08-07,Streams of Hope,E65,Number Kids Engaged
4906,Partner Tabling,2025-08-07,Streams of Hope,E65,Number Kids Engaged
4907,Partner Tabling,2025-08-07,Streams of Hope,E65,Number Kids Engaged
4908,Partner Tabling,2025-08-07,Streams of Hope,E65,Number Kids Engaged
4909,Partner Tabling,2025-08-07,Streams of Hope,E65,Number Kids Engaged
4910,Partner Tabling,2025-08-07,Streams of Hope,E65,Number Kids Engaged
4911,Partner Tabling,2025-08-07,Streams of Hope,E65,Number Kids Engaged
4912,Partner Tabling,2025-08-07,Streams of Hope,E65,Number Kids Engaged
4913,Partner Tabling,2025-08-07,Streams of Hope,E65,Number Kids Engaged
4914,Partner Tabling,2025-08-07,Streams of Hope,E65,Number Kids Engaged
4915,Partner Tabling,2025-08-07,Streams of Hope,E65,Number Kids Engaged
4916,Partner Tabling,2025-08-07,Streams of Hope,E65,Number Kids Engaged
4917,Partner Tabling,2025-08-07,Streams of Hope,E65,Number Kids Engaged
4918,Partner Tabling,2025-08-07,Streams of Hope,E65,Number Adults Engaged
4919,Partner Tabling,2025-08-07,Streams of Hope,E65,Number Adults Engaged
4920,Partner Tabling,2025-08-07,Streams of Hope,E65,Number Adults Engaged
4921,Partner Tabling,2025-08-07,Streams of Hope,E65,Number Adults Engaged
4922,Partner Tabling,2025-08-07,Streams of Hope,E65,Number Adults Engaged
4923,Partner Tabling,2025-08-07,Streams of Hope,E65,Number Adults Engaged
4924,Partner Tabling,2025-08-07,Streams of Hope,E65,Number Adults Engaged
4925,Partner Tabling,2025-08-07,Streams of Hope,E65,Number Adults Engaged
4926,Partner Tabling,2025-08-07,Streams of Hope,E65,Number Adults Engaged
4927,Partner Tabling,2025-08-07,St. Gianna's No Cost Baby Boutique,E66,Number Kids Engaged
4928,Partner Tabling,2025-08-07,St. Gianna's No Cost Baby Boutique,E66,Number Kids Engaged
4929,Partner Tabling,2025-08-07,St. Gianna's No Cost Baby Boutique,E66,Number Kids Engaged
4930,Partner Tabling,2025-08-07,St. Gianna's No Cost Baby Boutique,E66,Number Kids Engaged
4931,Partner Tabling,2025-08-07,St. Gianna's No Cost Baby Boutique,E66,Number Kids Engaged
4932,Partner Tabling,2025-08-07,St. Gianna's No Cost Baby Boutique,E66,Number Kids Engaged
4933,Partner Tabling,2025-08-07,St. Gianna's No Cost Baby Boutique,E66,Number Kids Engaged
4934,Partner Tabling,2025-08-07,St. Gianna's No Cost Baby Boutique,E66,Number Kids Engaged
4935,Partner Tabling,2025-08-07,St. Gianna's No Cost Baby Boutique,E66,Number Adults Engaged
4936,Partner Tabling,2025-08-07,St. Gianna's No Cost Baby Boutique,E66,Number Adults Engaged
4937,Partner Tabling,2025-08-07,St. Gianna's No Cost Baby Boutique,E66,Number Adults Engaged
4938,Partner Tabling,2025-08-07,St. Gianna's No Cost Baby Boutique,E66,Number Adults Engaged
4939,Partner Tabling,2025-08-07,St. Gianna's No Cost Baby Boutique,E66,Number Adults Engaged
4940,Partner Tabling,2025-08-07,St. Gianna's No Cost Baby Boutique,E66,Number Adults Engaged
4941,Partner Tabling,2025-08-07,St. Gianna's No Cost Baby Boutique,E66,Number Adults Engaged
4942,Partner Tabling,2025-08-07,St. Gianna's No Cost Baby Boutique,E66,Number Adults Engaged
4943,Partner Tabling,2025-08-07,St. Gianna's No Cost Baby Boutique,E66,Number Adults Engaged
4944,Partner Tabling,2025-08-07,St. Gianna's No Cost Baby Boutique,E66,Number Adults Engaged
4945,Partner Tabling,2025-08-07,St. Gianna's No Cost Baby Boutique,E66,Number Adults Engaged
4946,Partner Tabling,2025-08-07,St. Gianna's No Cost Baby Boutique,E66,Number Adults Engaged
4947,Partner Tabling,2025-08-07,St. Gianna's No Cost Baby Boutique,E66,Number Adults Engaged
4948,Partner Tabling,2025-08-07,St. Gianna's No Cost Baby Boutique,E66,Number Adults Engaged
4949,Partner Tabling,2025-08-07,St. Gianna's No Cost Baby Boutique,E66,Number Adults Engaged
4950,Partner Tabling,2025-08-07,St. Gianna's No Cost Baby Boutique,E66,Number Adults Engaged
4951,Partner Tabling,2025-08-07,St. Gianna's No Cost Baby Boutique,E66,Number Adults Engaged
4952,Partner Tabling,2025-08-07,St. Gianna's No Cost Baby Boutique,E66,Number Adults Engaged
4953,Community Event,2025-08-09,"Grand Rapids Books, Blocks, and Balls",E67,Number Kids Engaged
4954,Community Event,2025-08-09,"Grand Rapids Books, Blocks, and Balls",E67,Number Kids Engaged
4955,Community Event,2025-08-09,"Grand Rapids Books, Blocks, and Balls",E67,Number Kids Engaged
4956,Community Event,2025-08-09,"Grand Rapids Books, Blocks, and Balls",E67,Number Kids Engaged
4957,Community Event,2025-08-09,"Grand Rapids Books, Blocks, and Balls",E67,Number Kids Engaged
4958,Community Event,2025-08-09,"Grand Rapids Books, Blocks, and Balls",E67,Number Kids Engaged
4959,Community Event,2025-08-09,"Grand Rapids Books, Blocks, and Balls",E67,Number Kids Engaged
4960,Community Event,2025-08-09,"Grand Rapids Books, Blocks, and Balls",E67,Number Kids Engaged
4961,Community Event,2025-08-09,"Grand Rapids Books, Blocks, and Balls",E67,Number Kids Engaged
4962,Community Event,2025-08-09,"Grand Rapids Books, Blocks, and Balls",E67,Number Kids Engaged
4963,Community Event,2025-08-09,"Grand Rapids Books, Blocks, and Balls",E67,Number Kids Engaged
4964,Community Event,2025-08-09,"Grand Rapids Books, Blocks, and Balls",E67,Number Kids Engaged
4965,Community Event,2025-08-09,"Grand Rapids Books, Blocks, and Balls",E67,Number Kids Engaged
4966,Community Event,2025-08-09,"Grand Rapids Books, Blocks, and Balls",E67,Number Kids Engaged
4967,Community Event,2025-08-09,"Grand Rapids Books, Blocks, and Balls",E67,Number Kids Engaged
4968,Community Event,2025-08-09,"Grand Rapids Books, Blocks, and Balls",E67,Number Kids Engaged
4969,Community Event,2025-08-09,"Grand Rapids Books, Blocks, and Balls",E67,Number Kids Engaged
4970,Community Event,2025-08-09,"Grand Rapids Books, Blocks, and Balls",E67,Number Kids Engaged
4971,Community Event,2025-08-09,"Grand Rapids Books, Blocks, and Balls",E67,Number Kids Engaged
4972,Community Event,2025-08-09,"Grand Rapids Books, Blocks, and Balls",E67,Number Kids Engaged
4973,Community Event,2025-08-09,"Grand Rapids Books, Blocks, and Balls",E67,Number Kids Engaged
4974,Community Event,2025-08-09,"Grand Rapids Books, Blocks, and Balls",E67,Number Kids Engaged
4975,Community Event,2025-08-09,"Grand Rapids Books, Blocks, and Balls",E67,Number Kids Engaged
4976,Community Event,2025-08-09,"Grand Rapids Books, Blocks, and Balls",E67,Number Kids Engaged
4977,Community Event,2025-08-09,"Grand Rapids Books, Blocks, and Balls",E67,Number Kids Engaged
4978,Community Event,2025-08-09,"Grand Rapids Books, Blocks, and Balls",E67,Number Kids Engaged
4979,Community Event,2025-08-09,"Grand Rapids Books, Blocks, and Balls",E67,Number Kids Engaged
4980,Community Event,2025-08-09,"Grand Rapids Books, Blocks, and Balls",E67,Number Kids Engaged
4981,Community Event,2025-08-09,"Grand Rapids Books, Blocks, and Balls",E67,Number Kids Engaged
4982,Community Event,2025-08-09,"Grand Rapids Books, Blocks, and Balls",E67,Number Kids Engaged
4983,Community Event,2025-08-09,"Grand Rapids Books, Blocks, and Balls",E67,Number Kids Engaged
4984,Community Event,2025-08-09,"Grand Rapids Books, Blocks, and Balls",E67,Number Kids Engaged
4985,Community Event,2025-08-09,"Grand Rapids Books, Blocks, and Balls",E67,Number Kids Engaged
4986,Community Event,2025-08-09,"Grand Rapids Books, Blocks, and Balls",E67,Number Kids Engaged
4987,Community Event,2025-08-09,"Grand Rapids Books, Blocks, and Balls",E67,Number Kids Engaged
4988,Community Event,2025-08-09,"Grand Rapids Books, Blocks, and Balls",E67,Number Kids Engaged
4989,Community Event,2025-08-09,"Grand Rapids Books, Blocks, and Balls",E67,Number Kids Engaged
4990,Community Event,2025-08-09,"Grand Rapids Books, Blocks, and Balls",E67,Number Kids Engaged
4991,Community Event,2025-08-09,"Grand Rapids Books, Blocks, and Balls",E67,Number Kids Engaged
4992,Community Event,2025-08-09,"Grand Rapids Books, Blocks, and Balls",E67,Number Kids Engaged
4993,Community Event,2025-08-09,"Grand Rapids Books, Blocks, and Balls",E67,Number Kids Engaged
4994,Community Event,2025-08-09,"Grand Rapids Books, Blocks, and Balls",E67,Number Kids Engaged
4995,Community Event,2025-08-09,"Grand Rapids Books, Blocks, and Balls",E67,Number Kids Engaged
4996,Community Event,2025-08-09,"Grand Rapids Books, Blocks, and Balls",E67,Number Kids Engaged
4997,Community Event,2025-08-09,"Grand Rapids Books, Blocks, and Balls",E67,Number Kids Engaged
4998,Community Event,2025-08-09,"Grand Rapids Books, Blocks, and Balls",E67,Number Kids Engaged
4999,Community Event,2025-08-09,"Grand Rapids Books, Blocks, and Balls",E67,Number Kids Engaged
5000,Community Event,2025-08-09,"Grand Rapids Books, Blocks, and Balls",E67,Number Kids Engaged
5001,Community Event,2025-08-09,"Grand Rapids Books, Blocks, and Balls",E67,Number Kids Engaged
5002,Community Event,2025-08-09,"Grand Rapids Books, Blocks, and Balls",E67,Number Kids Engaged
5003,Community Event,2025-08-09,"Grand Rapids Books, Blocks, and Balls",E67,Number Kids Engaged
5004,Community Event,2025-08-09,"Grand Rapids Books, Blocks, and Balls",E67,Number Kids Engaged
5005,Community Event,2025-08-09,"Grand Rapids Books, Blocks, and Balls",E67,Number Kids Engaged
5006,Community Event,2025-08-09,"Grand Rapids Books, Blocks, and Balls",E67,Number Kids Engaged
5007,Community Event,2025-08-09,"Grand Rapids Books, Blocks, and Balls",E67,Number Kids Engaged
5008,Community Event,2025-08-09,"Grand Rapids Books, Blocks, and Balls",E67,Number Kids Engaged
5009,Community Event,2025-08-09,"Grand Rapids Books, Blocks, and Balls",E67,Number Kids Engaged
5010,Community Event,2025-08-09,"Grand Rapids Books, Blocks, and Balls",E67,Number Kids Engaged
5011,Community Event,2025-08-09,"Grand Rapids Books, Blocks, and Balls",E67,Number Kids Engaged
5012,Community Event,2025-08-09,"Grand Rapids Books, Blocks, and Balls",E67,Number Kids Engaged
5013,Community Event,2025-08-09,"Grand Rapids Books, Blocks, and Balls",E67,Number Kids Engaged
5014,Community Event,2025-08-09,"Grand Rapids Books, Blocks, and Balls",E67,Number Kids Engaged
5015,Community Event,2025-08-09,"Grand Rapids Books, Blocks, and Balls",E67,Number Kids Engaged
5016,Community Event,2025-08-09,"Grand Rapids Books, Blocks, and Balls",E67,Number Kids Engaged
5017,Community Event,2025-08-09,"Grand Rapids Books, Blocks, and Balls",E67,Number Kids Engaged
5018,Community Event,2025-08-09,"Grand Rapids Books, Blocks, and Balls",E67,Number Kids Engaged
5019,Community Event,2025-08-09,"Grand Rapids Books, Blocks, and Balls",E67,Number Kids Engaged
5020,Community Event,2025-08-09,"Grand Rapids Books, Blocks, and Balls",E67,Number Kids Engaged
5021,Community Event,2025-08-09,"Grand Rapids Books, Blocks, and Balls",E67,Number Kids Engaged
5022,Community Event,2025-08-09,"Grand Rapids Books, Blocks, and Balls",E67,Number Kids Engaged
5023,Community Event,2025-08-09,"Grand Rapids Books, Blocks, and Balls",E67,Number Kids Engaged
5024,Community Event,2025-08-09,"Grand Rapids Books, Blocks, and Balls",E67,Number Kids Engaged
5025,Community Event,2025-08-09,"Grand Rapids Books, Blocks, and Balls",E67,Number Kids Engaged
5026,Community Event,2025-08-09,"Grand Rapids Books, Blocks, and Balls",E67,Number Kids Engaged
5027,Community Event,2025-08-09,"Grand Rapids Books, Blocks, and Balls",E67,Number Kids Engaged
5028,Community Event,2025-08-09,"Grand Rapids Books, Blocks, and Balls",E67,Number Kids Engaged
5029,Community Event,2025-08-09,"Grand Rapids Books, Blocks, and Balls",E67,Number Kids Engaged
5030,Community Event,2025-08-09,"Grand Rapids Books, Blocks, and Balls",E67,Number Kids Engaged
5031,Community Event,2025-08-09,"Grand Rapids Books, Blocks, and Balls",E67,Number Kids Engaged
5032,Community Event,2025-08-09,"Grand Rapids Books, Blocks, and Balls",E67,Number Kids Engaged
5033,Community Event,2025-08-09,"Grand Rapids Books, Blocks, and Balls",E67,Number Kids Engaged
5034,Community Event,2025-08-09,"Grand Rapids Books, Blocks, and Balls",E67,Number Kids Engaged
5035,Community Event,2025-08-09,"Grand Rapids Books, Blocks, and Balls",E67,Number Kids Engaged
5036,Community Event,2025-08-09,"Grand Rapids Books, Blocks, and Balls",E67,Number Kids Engaged
5037,Community Event,2025-08-09,"Grand Rapids Books, Blocks, and Balls",E67,Number Kids Engaged
5038,Community Event,2025-08-09,"Grand Rapids Books, Blocks, and Balls",E67,Number Kids Engaged
5039,Community Event,2025-08-09,"Grand Rapids Books, Blocks, and Balls",E67,Number Kids Engaged
5040,Community Event,2025-08-09,"Grand Rapids Books, Blocks, and Balls",E67,Number Kids Engaged
5041,Community Event,2025-08-09,"Grand Rapids Books, Blocks, and Balls",E67,Number Kids Engaged
5042,Community Event,2025-08-09,"Grand Rapids Books, Blocks, and Balls",E67,Number Kids Engaged
5043,Community Event,2025-08-09,"Grand Rapids Books, Blocks, and Balls",E67,Number Kids Engaged
5044,Community Event,2025-08-09,"Grand Rapids Books, Blocks, and Balls",E67,Number Kids Engaged
5045,Community Event,2025-08-09,"Grand Rapids Books, Blocks, and Balls",E67,Number Kids Engaged
5046,Community Event,2025-08-09,"Grand Rapids Books, Blocks, and Balls",E67,Number Kids Engaged
5047,Community Event,2025-08-09,"Grand Rapids Books, Blocks, and Balls",E67,Number Kids Engaged
5048,Community Event,2025-08-09,"Grand Rapids Books, Blocks, and Balls",E67,Number Kids Engaged
5049,Community Event,2025-08-09,"Grand Rapids Books, Blocks, and Balls",E67,Number Kids Engaged
5050,Community Event,2025-08-09,"Grand Rapids Books, Blocks, and Balls",E67,Number Kids Engaged
5051,Community Event,2025-08-09,"Grand Rapids Books, Blocks, and Balls",E67,Number Kids Engaged
5052,Community Event,2025-08-09,"Grand Rapids Books, Blocks, and Balls",E67,Number Kids Engaged
5053,Community Event,2025-08-09,"Grand Rapids Books, Blocks, and Balls",E67,Number Kids Engaged
5054,Community Event,2025-08-09,"Grand Rapids Books, Blocks, and Balls",E67,Number Kids Engaged
5055,Community Event,2025-08-09,"Grand Rapids Books, Blocks, and Balls",E67,Number Kids Engaged
5056,Community Event,2025-08-09,"Grand Rapids Books, Blocks, and Balls",E67,Number Kids Engaged
5057,Community Event,2025-08-09,"Grand Rapids Books, Blocks, and Balls",E67,Number Kids Engaged
5058,Community Event,2025-08-09,"Grand Rapids Books, Blocks, and Balls",E67,Number Kids Engaged
5059,Community Event,2025-08-09,"Grand Rapids Books, Blocks, and Balls",E67,Number Kids Engaged
5060,Community Event,2025-08-09,"Grand Rapids Books, Blocks, and Balls",E67,Number Kids Engaged
5061,Community Event,2025-08-09,"Grand Rapids Books, Blocks, and Balls",E67,Number Kids Engaged
5062,Community Event,2025-08-09,"Grand Rapids Books, Blocks, and Balls",E67,Number Kids Engaged
5063,Community Event,2025-08-09,"Grand Rapids Books, Blocks, and Balls",E67,Number Kids Engaged
5064,Community Event,2025-08-09,"Grand Rapids Books, Blocks, and Balls",E67,Number Kids Engaged
5065,Community Event,2025-08-09,"Grand Rapids Books, Blocks, and Balls",E67,Number Kids Engaged
5066,Community Event,2025-08-09,"Grand Rapids Books, Blocks, and Balls",E67,Number Kids Engaged
5067,Community Event,2025-08-09,"Grand Rapids Books, Blocks, and Balls",E67,Number Kids Engaged
5068,Community Event,2025-08-09,"Grand Rapids Books, Blocks, and Balls",E67,Number Kids Engaged
5069,Community Event,2025-08-09,"Grand Rapids Books, Blocks, and Balls",E67,Number Kids Engaged
5070,Community Event,2025-08-09,"Grand Rapids Books, Blocks, and Balls",E67,Number Kids Engaged
5071,Community Event,2025-08-09,"Grand Rapids Books, Blocks, and Balls",E67,Number Kids Engaged
5072,Community Event,2025-08-09,"Grand Rapids Books, Blocks, and Balls",E67,Number Kids Engaged
5073,Community Event,2025-08-09,"Grand Rapids Books, Blocks, and Balls",E67,Number Kids Engaged
5074,Community Event,2025-08-09,"Grand Rapids Books, Blocks, and Balls",E67,Number Kids Engaged
5075,Community Event,2025-08-09,"Grand Rapids Books, Blocks, and Balls",E67,Number Kids Engaged
5076,Community Event,2025-08-09,"Grand Rapids Books, Blocks, and Balls",E67,Number Kids Engaged
5077,Community Event,2025-08-09,"Grand Rapids Books, Blocks, and Balls",E67,Number Kids Engaged
5078,Community Event,2025-08-09,"Grand Rapids Books, Blocks, and Balls",E67,Number Kids Engaged
5079,Community Event,2025-08-09,"Grand Rapids Books, Blocks, and Balls",E67,Number Kids Engaged
5080,Community Event,2025-08-09,"Grand Rapids Books, Blocks, and Balls",E67,Number Kids Engaged
5081,Community Event,2025-08-09,"Grand Rapids Books, Blocks, and Balls",E67,Number Kids Engaged
5082,Community Event,2025-08-09,"Grand Rapids Books, Blocks, and Balls",E67,Number Kids Engaged
5083,Community Event,2025-08-09,"Grand Rapids Books, Blocks, and Balls",E67,Number Kids Engaged
5084,Community Event,2025-08-09,"Grand Rapids Books, Blocks, and Balls",E67,Number Kids Engaged
5085,Community Event,2025-08-09,"Grand Rapids Books, Blocks, and Balls",E67,Number Kids Engaged
5086,Community Event,2025-08-09,"Grand Rapids Books, Blocks, and Balls",E67,Number Kids Engaged
5087,Community Event,2025-08-09,"Grand Rapids Books, Blocks, and Balls",E67,Number Kids Engaged
5088,Community Event,2025-08-09,"Grand Rapids Books, Blocks, and Balls",E67,Number Kids Engaged
5089,Community Event,2025-08-09,"Grand Rapids Books, Blocks, and Balls",E67,Number Kids Engaged
5090,Community Event,2025-08-09,"Grand Rapids Books, Blocks, and Balls",E67,Number Kids Engaged
5091,Community Event,2025-08-09,"Grand Rapids Books, Blocks, and Balls",E67,Number Kids Engaged
5092,Community Event,2025-08-09,"Grand Rapids Books, Blocks, and Balls",E67,Number Kids Engaged
5093,Community Event,2025-08-09,"Grand Rapids Books, Blocks, and Balls",E67,Number Kids Engaged
5094,Community Event,2025-08-09,"Grand Rapids Books, Blocks, and Balls",E67,Number Kids Engaged
5095,Community Event,2025-08-09,"Grand Rapids Books, Blocks, and Balls",E67,Number Kids Engaged
5096,Community Event,2025-08-09,"Grand Rapids Books, Blocks, and Balls",E67,Number Kids Engaged
5097,Community Event,2025-08-09,"Grand Rapids Books, Blocks, and Balls",E67,Number Kids Engaged
5098,Community Event,2025-08-09,"Grand Rapids Books, Blocks, and Balls",E67,Number Kids Engaged
5099,Community Event,2025-08-09,"Grand Rapids Books, Blocks, and Balls",E67,Number Adults Engaged
5100,Community Event,2025-08-09,"Grand Rapids Books, Blocks, and Balls",E67,Number Adults Engaged
5101,Community Event,2025-08-09,"Grand Rapids Books, Blocks, and Balls",E67,Number Adults Engaged
5102,Community Event,2025-08-09,"Grand Rapids Books, Blocks, and Balls",E67,Number Adults Engaged
5103,Community Event,2025-08-09,"Grand Rapids Books, Blocks, and Balls",E67,Number Adults Engaged
5104,Community Event,2025-08-09,"Grand Rapids Books, Blocks, and Balls",E67,Number Adults Engaged
5105,Community Event,2025-08-09,"Grand Rapids Books, Blocks, and Balls",E67,Number Adults Engaged
5106,Community Event,2025-08-09,"Grand Rapids Books, Blocks, and Balls",E67,Number Adults Engaged
5107,Community Event,2025-08-09,"Grand Rapids Books, Blocks, and Balls",E67,Number Adults Engaged
5108,Community Event,2025-08-09,"Grand Rapids Books, Blocks, and Balls",E67,Number Adults Engaged
5109,Community Event,2025-08-09,"Grand Rapids Books, Blocks, and Balls",E67,Number Adults Engaged
5110,Community Event,2025-08-09,"Grand Rapids Books, Blocks, and Balls",E67,Number Adults Engaged
5111,Community Event,2025-08-09,"Grand Rapids Books, Blocks, and Balls",E67,Number Adults Engaged
5112,Community Event,2025-08-09,"Grand Rapids Books, Blocks, and Balls",E67,Number Adults Engaged
5113,Community Event,2025-08-09,"Grand Rapids Books, Blocks, and Balls",E67,Number Adults Engaged
5114,Community Event,2025-08-09,"Grand Rapids Books, Blocks, and Balls",E67,Number Adults Engaged
5115,Community Event,2025-08-09,"Grand Rapids Books, Blocks, and Balls",E67,Number Adults Engaged
5116,Community Event,2025-08-09,"Grand Rapids Books, Blocks, and Balls",E67,Number Adults Engaged
5117,Community Event,2025-08-09,"Grand Rapids Books, Blocks, and Balls",E67,Number Adults Engaged
5118,Community Event,2025-08-09,"Grand Rapids Books, Blocks, and Balls",E67,Number Adults Engaged
5119,Community Event,2025-08-09,"Grand Rapids Books, Blocks, and Balls",E67,Number Adults Engaged
5120,Community Event,2025-08-09,"Grand Rapids Books, Blocks, and Balls",E67,Number Adults Engaged
5121,Community Event,2025-08-09,"Grand Rapids Books, Blocks, and Balls",E67,Number Adults Engaged
5122,Community Event,2025-08-09,"Grand Rapids Books, Blocks, and Balls",E67,Number Adults Engaged
5123,Community Event,2025-08-09,"Grand Rapids Books, Blocks, and Balls",E67,Number Adults Engaged
5124,Community Event,2025-08-09,"Grand Rapids Books, Blocks, and Balls",E67,Number Adults Engaged
5125,Community Event,2025-08-09,"Grand Rapids Books, Blocks, and Balls",E67,Number Adults Engaged
5126,Community Event,2025-08-09,"Grand Rapids Books, Blocks, and Balls",E67,Number Adults Engaged
5127,Community Event,2025-08-09,"Grand Rapids Books, Blocks, and Balls",E67,Number Adults Engaged
5128,Community Event,2025-08-09,"Grand Rapids Books, Blocks, and Balls",E67,Number Adults Engaged
5129,Community Event,2025-08-09,"Grand Rapids Books, Blocks, and Balls",E67,Number Adults Engaged
5130,Community Event,2025-08-09,"Grand Rapids Books, Blocks, and Balls",E67,Number Adults Engaged
5131,Community Event,2025-08-09,"Grand Rapids Books, Blocks, and Balls",E67,Number Adults Engaged
5132,Community Event,2025-08-09,"Grand Rapids Books, Blocks, and Balls",E67,Number Adults Engaged
5133,Community Event,2025-08-09,"Grand Rapids Books, Blocks, and Balls",E67,Number Adults Engaged
5134,Community Event,2025-08-09,"Grand Rapids Books, Blocks, and Balls",E67,Number Adults Engaged
5135,Community Event,2025-08-09,"Grand Rapids Books, Blocks, and Balls",E67,Number Adults Engaged
5136,Community Event,2025-08-09,"Grand Rapids Books, Blocks, and Balls",E67,Number Adults Engaged
5137,Community Event,2025-08-09,"Grand Rapids Books, Blocks, and Balls",E67,Number Adults Engaged
5138,Community Event,2025-08-09,"Grand Rapids Books, Blocks, and Balls",E67,Number Adults Engaged
5139,Community Event,2025-08-09,"Grand Rapids Books, Blocks, and Balls",E67,Number Adults Engaged
5140,Community Event,2025-08-09,"Grand Rapids Books, Blocks, and Balls",E67,Number Adults Engaged
5141,Community Event,2025-08-09,"Grand Rapids Books, Blocks, and Balls",E67,Number Adults Engaged
5142,Community Event,2025-08-09,"Grand Rapids Books, Blocks, and Balls",E67,Number Adults Engaged
5143,Community Event,2025-08-09,"Grand Rapids Books, Blocks, and Balls",E67,Number Adults Engaged
5144,Community Event,2025-08-09,"Grand Rapids Books, Blocks, and Balls",E67,Number Adults Engaged
5145,Community Event,2025-08-09,"Grand Rapids Books, Blocks, and Balls",E67,Number Adults Engaged
5146,Community Event,2025-08-09,"Grand Rapids Books, Blocks, and Balls",E67,Number Adults Engaged
5147,Community Event,2025-08-09,"Grand Rapids Books, Blocks, and Balls",E67,Number Adults Engaged
5148,Community Event,2025-08-09,"Grand Rapids Books, Blocks, and Balls",E67,Number Adults Engaged
5149,Community Event,2025-08-09,"Grand Rapids Books, Blocks, and Balls",E67,Number Adults Engaged
5150,Community Event,2025-08-09,"Grand Rapids Books, Blocks, and Balls",E67,Number Adults Engaged
5151,Community Event,2025-08-09,"Grand Rapids Books, Blocks, and Balls",E67,Number Adults Engaged
5152,Community Event,2025-08-09,"Grand Rapids Books, Blocks, and Balls",E67,Number Adults Engaged
5153,Community Event,2025-08-09,"Grand Rapids Books, Blocks, and Balls",E67,Number Adults Engaged
5154,Community Event,2025-08-09,"Grand Rapids Books, Blocks, and Balls",E67,Number Adults Engaged
5155,Community Event,2025-08-09,"Grand Rapids Books, Blocks, and Balls",E67,Number Adults Engaged
5156,Community Event,2025-08-09,"Grand Rapids Books, Blocks, and Balls",E67,Number Adults Engaged
5157,Community Event,2025-08-09,"Grand Rapids Books, Blocks, and Balls",E67,Number Adults Engaged
5158,Community Event,2025-08-09,"Grand Rapids Books, Blocks, and Balls",E67,Number Adults Engaged
5159,Community Event,2025-08-09,"Grand Rapids Books, Blocks, and Balls",E67,Number Adults Engaged
5160,Community Event,2025-08-09,"Grand Rapids Books, Blocks, and Balls",E67,Number Adults Engaged
5161,Community Event,2025-08-09,"Grand Rapids Books, Blocks, and Balls",E67,Number Adults Engaged
5162,Community Event,2025-08-09,"Grand Rapids Books, Blocks, and Balls",E67,Number Adults Engaged
5163,Community Event,2025-08-09,"Grand Rapids Books, Blocks, and Balls",E67,Number Adults Engaged
5164,Community Event,2025-08-09,"Grand Rapids Books, Blocks, and Balls",E67,Number Adults Engaged
5165,Community Event,2025-08-09,"Grand Rapids Books, Blocks, and Balls",E67,Number Adults Engaged
5166,Community Event,2025-08-09,"Grand Rapids Books, Blocks, and Balls",E67,Number Adults Engaged
5167,Community Event,2025-08-09,"Grand Rapids Books, Blocks, and Balls",E67,Number Adults Engaged
5168,Community Event,2025-08-09,"Grand Rapids Books, Blocks, and Balls",E67,Number Adults Engaged
5169,Community Event,2025-08-09,"Grand Rapids Books, Blocks, and Balls",E67,Number Adults Engaged
5170,Community Event,2025-08-09,"Grand Rapids Books, Blocks, and Balls",E67,Number Adults Engaged
5171,Community Event,2025-08-09,"Grand Rapids Books, Blocks, and Balls",E67,Number Adults Engaged
5172,Community Event,2025-08-09,"Grand Rapids Books, Blocks, and Balls",E67,Number Adults Engaged
5173,Community Event,2025-08-09,"Grand Rapids Books, Blocks, and Balls",E67,Number Adults Engaged
5174,Community Event,2025-08-09,"Grand Rapids Books, Blocks, and Balls",E67,Number Adults Engaged
5175,Community Event,2025-08-09,"Grand Rapids Books, Blocks, and Balls",E67,Number Adults Engaged
5176,Community Event,2025-08-09,"Grand Rapids Books, Blocks, and Balls",E67,Number Adults Engaged
5177,Community Event,2025-08-09,"Grand Rapids Books, Blocks, and Balls",E67,Number Adults Engaged
5178,Community Event,2025-08-09,"Grand Rapids Books, Blocks, and Balls",E67,Number Adults Engaged
5179,Community Event,2025-08-09,"Grand Rapids Books, Blocks, and Balls",E67,Number Adults Engaged
5180,Community Event,2025-08-09,"Grand Rapids Books, Blocks, and Balls",E67,Number Adults Engaged
5181,Community Event,2025-08-09,"Grand Rapids Books, Blocks, and Balls",E67,Number Adults Engaged
5182,Community Event,2025-08-09,"Grand Rapids Books, Blocks, and Balls",E67,Number Adults Engaged
5183,Community Event,2025-08-09,"Grand Rapids Books, Blocks, and Balls",E67,Number Adults Engaged
5184,Community Event,2025-08-09,"Grand Rapids Books, Blocks, and Balls",E67,Number Adults Engaged
5185,Community Event,2025-08-09,"Grand Rapids Books, Blocks, and Balls",E67,Number Adults Engaged
5186,Community Event,2025-08-09,"Grand Rapids Books, Blocks, and Balls",E67,Number Adults Engaged
5187,Community Event,2025-08-09,"Grand Rapids Books, Blocks, and Balls",E67,Number Adults Engaged
5188,Community Event,2025-08-09,"Grand Rapids Books, Blocks, and Balls",E67,Number Adults Engaged
5189,Community Event,2025-08-09,"Grand Rapids Books, Blocks, and Balls",E67,Number Adults Engaged
5190,Community Event,2025-08-09,"Grand Rapids Books, Blocks, and Balls",E67,Number Adults Engaged
5191,Community Event,2025-08-09,"Grand Rapids Books, Blocks, and Balls",E67,Number Adults Engaged
5192,Community Event,2025-08-09,"Grand Rapids Books, Blocks, and Balls",E67,Number Adults Engaged
5193,Community Event,2025-08-09,"Grand Rapids Books, Blocks, and Balls",E67,Number Adults Engaged
5194,Community Event,2025-08-09,"Grand Rapids Books, Blocks, and Balls",E67,Number Adults Engaged
5195,Community Event,2025-08-09,"Grand Rapids Books, Blocks, and Balls",E67,Number Adults Engaged
5196,Community Event,2025-08-09,"Grand Rapids Books, Blocks, and Balls",E67,Number Adults Engaged
5197,Community Event,2025-08-09,"Grand Rapids Books, Blocks, and Balls",E67,Number Adults Engaged
5198,Community Event,2025-08-09,"Grand Rapids Books, Blocks, and Balls",E67,Number Adults Engaged
5199,Community Event,2025-08-09,"Grand Rapids Books, Blocks, and Balls",E67,Number Adults Engaged
5200,Community Event,2025-08-09,"Grand Rapids Books, Blocks, and Balls",E67,Number Adults Engaged
5201,Community Event,2025-08-09,"Grand Rapids Books, Blocks, and Balls",E67,Number Adults Engaged
5202,Community Event,2025-08-09,"Grand Rapids Books, Blocks, and Balls",E67,Number Adults Engaged
5203,Community Event,2025-08-09,"Grand Rapids Books, Blocks, and Balls",E67,Number Adults Engaged
5204,Community Event,2025-08-09,"Grand Rapids Books, Blocks, and Balls",E67,Number Adults Engaged
5205,Community Event,2025-08-09,"Grand Rapids Books, Blocks, and Balls",E67,Number Adults Engaged
5206,Community Event,2025-08-09,"Grand Rapids Books, Blocks, and Balls",E67,Number Adults Engaged
5207,Community Event,2025-08-09,"Grand Rapids Books, Blocks, and Balls",E67,Number Adults Engaged
5208,Community Event,2025-08-09,"Grand Rapids Books, Blocks, and Balls",E67,Number Adults Engaged
5209,Community Event,2025-08-09,Sparta Celtic Festival,E68,Number Kids Engaged
5210,Community Event,2025-08-09,Sparta Celtic Festival,E68,Number Kids Engaged
5211,Community Event,2025-08-09,Sparta Celtic Festival,E68,Number Kids Engaged
5212,Community Event,2025-08-09,Sparta Celtic Festival,E68,Number Kids Engaged
5213,Community Event,2025-08-09,Sparta Celtic Festival,E68,Number Kids Engaged
5214,Community Event,2025-08-09,Sparta Celtic Festival,E68,Number Kids Engaged
5215,Community Event,2025-08-09,Sparta Celtic Festival,E68,Number Kids Engaged
5216,Community Event,2025-08-09,Sparta Celtic Festival,E68,Number Kids Engaged
5217,Community Event,2025-08-09,Sparta Celtic Festival,E68,Number Kids Engaged
5218,Community Event,2025-08-09,Sparta Celtic Festival,E68,Number Kids Engaged
5219,Community Event,2025-08-09,Sparta Celtic Festival,E68,Number Kids Engaged
5220,Community Event,2025-08-09,Sparta Celtic Festival,E68,Number Kids Engaged
5221,Community Event,2025-08-09,Sparta Celtic Festival,E68,Number Kids Engaged
5222,Community Event,2025-08-09,Sparta Celtic Festival,E68,Number Kids Engaged
5223,Community Event,2025-08-09,Sparta Celtic Festival,E68,Number Kids Engaged
5224,Community Event,2025-08-09,Sparta Celtic Festival,E68,Number Kids Engaged
5225,Community Event,2025-08-09,Sparta Celtic Festival,E68,Number Kids Engaged
5226,Community Event,2025-08-09,Sparta Celtic Festival,E68,Number Kids Engaged
5227,Community Event,2025-08-09,Sparta Celtic Festival,E68,Number Kids Engaged
5228,Community Event,2025-08-09,Sparta Celtic Festival,E68,Number Kids Engaged
5229,Community Event,2025-08-09,Sparta Celtic Festival,E68,Number Kids Engaged
5230,Community Event,2025-08-09,Sparta Celtic Festival,E68,Number Kids Engaged
5231,Community Event,2025-08-09,Sparta Celtic Festival,E68,Number Kids Engaged
5232,Community Event,2025-08-09,Sparta Celtic Festival,E68,Number Kids Engaged
5233,Community Event,2025-08-09,Sparta Celtic Festival,E68,Number Kids Engaged
5234,Community Event,2025-08-09,Sparta Celtic Festival,E68,Number Kids Engaged
5235,Community Event,2025-08-09,Sparta Celtic Festival,E68,Number Kids Engaged
5236,Community Event,2025-08-09,Sparta Celtic Festival,E68,Number Kids Engaged
5237,Community Event,2025-08-09,Sparta Celtic Festival,E68,Number Kids Engaged
5238,Community Event,2025-08-09,Sparta Celtic Festival,E68,Number Kids Engaged
5239,Community Event,2025-08-09,Sparta Celtic Festival,E68,Number Kids Engaged
5240,Community Event,2025-08-09,Sparta Celtic Festival,E68,Number Kids Engaged
5241,Community Event,2025-08-09,Sparta Celtic Festival,E68,Number Kids Engaged
5242,Community Event,2025-08-09,Sparta Celtic Festival,E68,Number Kids Engaged
5243,Community Event,2025-08-09,Sparta Celtic Festival,E68,Number Kids Engaged
5244,Community Event,2025-08-09,Sparta Celtic Festival,E68,Number Kids Engaged
5245,Community Event,2025-08-09,Sparta Celtic Festival,E68,Number Kids Engaged
5246,Community Event,2025-08-09,Sparta Celtic Festival,E68,Number Kids Engaged
5247,Community Event,2025-08-09,Sparta Celtic Festival,E68,Number Kids Engaged
5248,Community Event,2025-08-09,Sparta Celtic Festival,E68,Number Kids Engaged
5249,Community Event,2025-08-09,Sparta Celtic Festival,E68,Number Kids Engaged
5250,Community Event,2025-08-09,Sparta Celtic Festival,E68,Number Kids Engaged
5251,Community Event,2025-08-09,Sparta Celtic Festival,E68,Number Kids Engaged
5252,Community Event,2025-08-09,Sparta Celtic Festival,E68,Number Kids Engaged
5253,Community Event,2025-08-09,Sparta Celtic Festival,E68,Number Kids Engaged
5254,Community Event,2025-08-09,Sparta Celtic Festival,E68,Number Kids Engaged
5255,Community Event,2025-08-09,Sparta Celtic Festival,E68,Number Kids Engaged
5256,Community Event,2025-08-09,Sparta Celtic Festival,E68,Number Kids Engaged
5257,Community Event,2025-08-09,Sparta Celtic Festival,E68,Number Kids Engaged
5258,Community Event,2025-08-09,Sparta Celtic Festival,E68,Number Kids Engaged
5259,Community Event,2025-08-09,Sparta Celtic Festival,E68,Number Kids Engaged
5260,Community Event,2025-08-09,Sparta Celtic Festival,E68,Number Kids Engaged
5261,Community Event,2025-08-09,Sparta Celtic Festival,E68,Number Kids Engaged
5262,Community Event,2025-08-09,Sparta Celtic Festival,E68,Number Kids Engaged
5263,Community Event,2025-08-09,Sparta Celtic Festival,E68,Number Kids Engaged
5264,Community Event,2025-08-09,Sparta Celtic Festival,E68,Number Kids Engaged
5265,Community Event,2025-08-09,Sparta Celtic Festival,E68,Number Kids Engaged
5266,Community Event,2025-08-09,Sparta Celtic Festival,E68,Number Kids Engaged
5267,Community Event,2025-08-09,Sparta Celtic Festival,E68,Number Kids Engaged
5268,Community Event,2025-08-09,Sparta Celtic Festival,E68,Number Kids Engaged
5269,Community Event,2025-08-09,Sparta Celtic Festival,E68,Number Adults Engaged
5270,Community Event,2025-08-09,Sparta Celtic Festival,E68,Number Adults Engaged
5271,Community Event,2025-08-09,Sparta Celtic Festival,E68,Number Adults Engaged
5272,Community Event,2025-08-09,Sparta Celtic Festival,E68,Number Adults Engaged
5273,Community Event,2025-08-09,Sparta Celtic Festival,E68,Number Adults Engaged
5274,Community Event,2025-08-09,Sparta Celtic Festival,E68,Number Adults Engaged
5275,Community Event,2025-08-09,Sparta Celtic Festival,E68,Number Adults Engaged
5276,Community Event,2025-08-09,Sparta Celtic Festival,E68,Number Adults Engaged
5277,Community Event,2025-08-09,Sparta Celtic Festival,E68,Number Adults Engaged
5278,Community Event,2025-08-09,Sparta Celtic Festival,E68,Number Adults Engaged
5279,Community Event,2025-08-09,Sparta Celtic Festival,E68,Number Adults Engaged
5280,Community Event,2025-08-09,Sparta Celtic Festival,E68,Number Adults Engaged
5281,Community Event,2025-08-09,Sparta Celtic Festival,E68,Number Adults Engaged
5282,Community Event,2025-08-09,Sparta Celtic Festival,E68,Number Adults Engaged
5283,Community Event,2025-08-09,Sparta Celtic Festival,E68,Number Adults Engaged
5284,Community Event,2025-08-09,Sparta Celtic Festival,E68,Number Adults Engaged
5285,Community Event,2025-08-09,Sparta Celtic Festival,E68,Number Adults Engaged
5286,Community Event,2025-08-09,Sparta Celtic Festival,E68,Number Adults Engaged
5287,Community Event,2025-08-09,Sparta Celtic Festival,E68,Number Adults Engaged
5288,Community Event,2025-08-09,Sparta Celtic Festival,E68,Number Adults Engaged
5289,Community Event,2025-08-09,Sparta Celtic Festival,E68,Number Adults Engaged
5290,Community Event,2025-08-09,Sparta Celtic Festival,E68,Number Adults Engaged
5291,Community Event,2025-08-09,Sparta Celtic Festival,E68,Number Adults Engaged
5292,Community Event,2025-08-09,Sparta Celtic Festival,E68,Number Adults Engaged
5293,Community Event,2025-08-09,Sparta Celtic Festival,E68,Number Adults Engaged
5294,Community Event,2025-08-09,Sparta Celtic Festival,E68,Number Adults Engaged
5295,Community Event,2025-08-09,Sparta Celtic Festival,E68,Number Adults Engaged
5296,Community Event,2025-08-09,Sparta Celtic Festival,E68,Number Adults Engaged
5297,Community Event,2025-08-09,Sparta Celtic Festival,E68,Number Adults Engaged
5298,Community Event,2025-08-09,Sparta Celtic Festival,E68,Number Adults Engaged
5299,Community Event,2025-08-09,Sparta Celtic Festival,E68,Number Adults Engaged
5300,Community Event,2025-08-09,Sparta Celtic Festival,E68,Number Adults Engaged
5301,Community Event,2025-08-09,Sparta Celtic Festival,E69,Number Kids Engaged
5302,Community Event,2025-08-09,Sparta Celtic Festival,E69,Number Kids Engaged
5303,Community Event,2025-08-09,Sparta Celtic Festival,E69,Number Kids Engaged
5304,Community Event,2025-08-09,Sparta Celtic Festival,E69,Number Kids Engaged
5305,Community Event,2025-08-09,Sparta Celtic Festival,E69,Number Kids Engaged
5306,Community Event,2025-08-09,Sparta Celtic Festival,E69,Number Kids Engaged
5307,Community Event,2025-08-09,Sparta Celtic Festival,E69,Number Kids Engaged
5308,Community Event,2025-08-09,Sparta Celtic Festival,E69,Number Kids Engaged
5309,Community Event,2025-08-09,Sparta Celtic Festival,E69,Number Kids Engaged
5310,Community Event,2025-08-09,Sparta Celtic Festival,E69,Number Kids Engaged
5311,Community Event,2025-08-09,Sparta Celtic Festival,E69,Number Kids Engaged
5312,Community Event,2025-08-09,Sparta Celtic Festival,E69,Number Kids Engaged
5313,Community Event,2025-08-09,Sparta Celtic Festival,E69,Number Kids Engaged
5314,Community Event,2025-08-09,Sparta Celtic Festival,E69,Number Kids Engaged
5315,Community Event,2025-08-09,Sparta Celtic Festival,E69,Number Kids Engaged
5316,Community Event,2025-08-09,Sparta Celtic Festival,E69,Number Kids Engaged
5317,Community Event,2025-08-09,Sparta Celtic Festival,E69,Number Kids Engaged
5318,Community Event,2025-08-09,Sparta Celtic Festival,E69,Number Kids Engaged
5319,Community Event,2025-08-09,Sparta Celtic Festival,E69,Number Kids Engaged
5320,Community Event,2025-08-09,Sparta Celtic Festival,E69,Number Kids Engaged
5321,Community Event,2025-08-09,Sparta Celtic Festival,E69,Number Kids Engaged
5322,Community Event,2025-08-09,Sparta Celtic Festival,E69,Number Kids Engaged
5323,Community Event,2025-08-09,Sparta Celtic Festival,E69,Number Kids Engaged
5324,Community Event,2025-08-09,Sparta Celtic Festival,E69,Number Kids Engaged
5325,Community Event,2025-08-09,Sparta Celtic Festival,E69,Number Kids Engaged
5326,Community Event,2025-08-09,Sparta Celtic Festival,E69,Number Kids Engaged
5327,Community Event,2025-08-09,Sparta Celtic Festival,E69,Number Kids Engaged
5328,Community Event,2025-08-09,Sparta Celtic Festival,E69,Number Kids Engaged
5329,Community Event,2025-08-09,Sparta Celtic Festival,E69,Number Kids Engaged
5330,Community Event,2025-08-09,Sparta Celtic Festival,E69,Number Kids Engaged
5331,Community Event,2025-08-09,Sparta Celtic Festival,E69,Number Kids Engaged
5332,Community Event,2025-08-09,Sparta Celtic Festival,E69,Number Kids Engaged
5333,Community Event,2025-08-09,Sparta Celtic Festival,E69,Number Kids Engaged
5334,Community Event,2025-08-09,Sparta Celtic Festival,E69,Number Kids Engaged
5335,Community Event,2025-08-09,Sparta Celtic Festival,E69,Number Kids Engaged
5336,Community Event,2025-08-09,Sparta Celtic Festival,E69,Number Kids Engaged
5337,Community Event,2025-08-09,Sparta Celtic Festival,E69,Number Kids Engaged
5338,Community Event,2025-08-09,Sparta Celtic Festival,E69,Number Kids Engaged
5339,Community Event,2025-08-09,Sparta Celtic Festival,E69,Number Kids Engaged
5340,Community Event,2025-08-09,Sparta Celtic Festival,E69,Number Kids Engaged
5341,Community Event,2025-08-09,Sparta Celtic Festival,E69,Number Kids Engaged
5342,Community Event,2025-08-09,Sparta Celtic Festival,E69,Number Kids Engaged
5343,Community Event,2025-08-09,Sparta Celtic Festival,E69,Number Kids Engaged
5344,Community Event,2025-08-09,Sparta Celtic Festival,E69,Number Kids Engaged
5345,Community Event,2025-08-09,Sparta Celtic Festival,E69,Number Kids Engaged
5346,Community Event,2025-08-09,Sparta Celtic Festival,E69,Number Kids Engaged
5347,Community Event,2025-08-09,Sparta Celtic Festival,E69,Number Kids Engaged
5348,Community Event,2025-08-09,Sparta Celtic Festival,E69,Number Kids Engaged
5349,Community Event,2025-08-09,Sparta Celtic Festival,E69,Number Kids Engaged
5350,Community Event,2025-08-09,Sparta Celtic Festival,E69,Number Kids Engaged
5351,Community Event,2025-08-09,Sparta Celtic Festival,E69,Number Kids Engaged
5352,Community Event,2025-08-09,Sparta Celtic Festival,E69,Number Kids Engaged
5353,Community Event,2025-08-09,Sparta Celtic Festival,E69,Number Kids Engaged
5354,Community Event,2025-08-09,Sparta Celtic Festival,E69,Number Kids Engaged
5355,Community Event,2025-08-09,Sparta Celtic Festival,E69,Number Kids Engaged
5356,Community Event,2025-08-09,Sparta Celtic Festival,E69,Number Kids Engaged
5357,Community Event,2025-08-09,Sparta Celtic Festival,E69,Number Kids Engaged
5358,Community Event,2025-08-09,Sparta Celtic Festival,E69,Number Kids Engaged
5359,Community Event,2025-08-09,Sparta Celtic Festival,E69,Number Kids Engaged
5360,Community Event,2025-08-09,Sparta Celtic Festival,E69,Number Kids Engaged
5361,Community Event,2025-08-09,Sparta Celtic Festival,E69,Number Adults Engaged
5362,Community Event,2025-08-09,Sparta Celtic Festival,E69,Number Adults Engaged
5363,Community Event,2025-08-09,Sparta Celtic Festival,E69,Number Adults Engaged
5364,Community Event,2025-08-09,Sparta Celtic Festival,E69,Number Adults Engaged
5365,Community Event,2025-08-09,Sparta Celtic Festival,E69,Number Adults Engaged
5366,Community Event,2025-08-09,Sparta Celtic Festival,E69,Number Adults Engaged
5367,Community Event,2025-08-09,Sparta Celtic Festival,E69,Number Adults Engaged
5368,Community Event,2025-08-09,Sparta Celtic Festival,E69,Number Adults Engaged
5369,Community Event,2025-08-09,Sparta Celtic Festival,E69,Number Adults Engaged
5370,Community Event,2025-08-09,Sparta Celtic Festival,E69,Number Adults Engaged
5371,Community Event,2025-08-09,Sparta Celtic Festival,E69,Number Adults Engaged
5372,Community Event,2025-08-09,Sparta Celtic Festival,E69,Number Adults Engaged
5373,Community Event,2025-08-09,Sparta Celtic Festival,E69,Number Adults Engaged
5374,Community Event,2025-08-09,Sparta Celtic Festival,E69,Number Adults Engaged
5375,Community Event,2025-08-09,Sparta Celtic Festival,E69,Number Adults Engaged
5376,Community Event,2025-08-09,Sparta Celtic Festival,E69,Number Adults Engaged
5377,Community Event,2025-08-09,Sparta Celtic Festival,E69,Number Adults Engaged
5378,Community Event,2025-08-09,Sparta Celtic Festival,E69,Number Adults Engaged
5379,Community Event,2025-08-09,Sparta Celtic Festival,E69,Number Adults Engaged
5380,Community Event,2025-08-09,Sparta Celtic Festival,E69,Number Adults Engaged
5381,Community Event,2025-08-09,Sparta Celtic Festival,E69,Number Adults Engaged
5382,Community Event,2025-08-09,Sparta Celtic Festival,E69,Number Adults Engaged
5383,Community Event,2025-08-09,Sparta Celtic Festival,E69,Number Adults Engaged
5384,Community Event,2025-08-09,Sparta Celtic Festival,E69,Number Adults Engaged
5385,Community Event,2025-08-09,Sparta Celtic Festival,E69,Number Adults Engaged
5386,Community Event,2025-08-09,Sparta Celtic Festival,E69,Number Adults Engaged
5387,Community Event,2025-08-09,Sparta Celtic Festival,E69,Number Adults Engaged
5388,Community Event,2025-08-09,Sparta Celtic Festival,E69,Number Adults Engaged
5389,Community Event,2025-08-09,Sparta Celtic Festival,E69,Number Adults Engaged
5390,Community Event,2025-08-09,Sparta Celtic Festival,E69,Number Adults Engaged
5391,Community Event,2025-08-09,Sparta Celtic Festival,E69,Number Adults Engaged
5392,Community Event,2025-08-09,Sparta Celtic Festival,E69,Number Adults Engaged
5393,Community Event,2025-08-11,Rise Rally,E70,Number Kids Engaged
5394,Community Event,2025-08-11,Rise Rally,E70,Number Kids Engaged
5395,Community Event,2025-08-11,Rise Rally,E70,Number Kids Engaged
5396,Community Event,2025-08-11,Rise Rally,E70,Number Kids Engaged
5397,Community Event,2025-08-11,Rise Rally,E70,Number Kids Engaged
5398,Community Event,2025-08-11,Rise Rally,E70,Number Kids Engaged
5399,Community Event,2025-08-11,Rise Rally,E70,Number Kids Engaged
5400,Community Event,2025-08-11,Rise Rally,E70,Number Kids Engaged
5401,Community Event,2025-08-11,Rise Rally,E70,Number Kids Engaged
5402,Community Event,2025-08-11,Rise Rally,E70,Number Kids Engaged
5403,Community Event,2025-08-11,Rise Rally,E70,Number Kids Engaged
5404,Community Event,2025-08-11,Rise Rally,E70,Number Kids Engaged
5405,Community Event,2025-08-11,Rise Rally,E70,Number Kids Engaged
5406,Community Event,2025-08-11,Rise Rally,E70,Number Kids Engaged
5407,Community Event,2025-08-11,Rise Rally,E70,Number Kids Engaged
5408,Community Event,2025-08-11,Rise Rally,E70,Number Kids Engaged
5409,Community Event,2025-08-11,Rise Rally,E70,Number Kids Engaged
5410,Community Event,2025-08-11,Rise Rally,E70,Number Kids Engaged
5411,Community Event,2025-08-11,Rise Rally,E70,Number Adults Engaged
5412,Community Event,2025-08-11,Rise Rally,E70,Number Adults Engaged
5413,Community Event,2025-08-11,Rise Rally,E70,Number Adults Engaged
5414,Community Event,2025-08-11,Rise Rally,E70,Number Adults Engaged
5415,Community Event,2025-08-11,Rise Rally,E70,Number Adults Engaged
5416,Community Event,2025-08-11,Rise Rally,E70,Number Adults Engaged
5417,Community Event,2025-08-11,Rise Rally,E70,Number Adults Engaged
5418,Community Event,2025-08-11,Rise Rally,E70,Number Adults Engaged
5419,Community Event,2025-08-11,Rise Rally,E70,Number Adults Engaged
5420,Community Event,2025-08-11,Rise Rally,E70,Number Adults Engaged
5421,Community Event,2025-08-11,Rise Rally,E70,Number Adults Engaged
5422,Community Event,2025-08-11,Rise Rally,E70,Number Adults Engaged
5423,Community Event,2025-08-11,Rise Rally,E70,Number Adults Engaged
5424,Community Event,2025-08-11,Rise Rally,E70,Number Adults Engaged
5425,Community Event,2025-08-11,Rise Rally,E70,Number Adults Engaged
5426,Community Event,2025-08-11,Rise Rally,E70,Number Adults Engaged
5427,Community Event,2025-08-11,Rise Rally,E70,Number Adults Engaged
5428,Community Event,2025-08-11,Rise Rally,E70,Number Adults Engaged
5429,Community Event,2025-08-11,Rise Rally,E70,Number Adults Engaged
5430,Community Event,2025-08-11,Rise Rally,E70,Number Adults Engaged
5431,Community Event,2025-08-11,Rise Rally,E70,Number Adults Engaged
5432,Community Event,2025-08-11,Rise Rally,E70,Number Adults Engaged
5433,Community Event,2025-08-11,Rise Rally,E70,Number Adults Engaged
5434,Community Event,2025-08-11,Rise Rally,E70,Number Adults Engaged
5435,Partner Tabling,2025-08-11,Grand Rapids Public Library Main Branch,E71,Number Kids Engaged
5436,Partner Tabling,2025-08-11,Grand Rapids Public Library Main Branch,E71,Number Kids Engaged
5437,Partner Tabling,2025-08-11,Grand Rapids Public Library Main Branch,E71,Number Kids Engaged
5438,Partner Tabling,2025-08-11,Grand Rapids Public Library Main Branch,E71,Number Kids Engaged
5439,Partner Tabling,2025-08-11,Grand Rapids Public Library Main Branch,E71,Number Kids Engaged
5440,Partner Tabling,2025-08-11,Grand Rapids Public Library Main Branch,E71,Number Kids Engaged
5441,Partner Tabling,2025-08-11,Grand Rapids Public Library Main Branch,E71,Number Kids Engaged
5442,Partner Tabling,2025-08-11,Grand Rapids Public Library Main Branch,E71,Number Kids Engaged
5443,Partner Tabling,2025-08-11,Grand Rapids Public Library Main Branch,E71,Number Kids Engaged
5444,Partner Tabling,2025-08-11,Grand Rapids Public Library Main Branch,E71,Number Kids Engaged
5445,Partner Tabling,2025-08-11,Grand Rapids Public Library Main Branch,E71,Number Kids Engaged
5446,Partner Tabling,2025-08-11,Grand Rapids Public Library Main Branch,E71,Number Kids Engaged
5447,Partner Tabling,2025-08-11,Grand Rapids Public Library Main Branch,E71,Number Kids Engaged
5448,Partner Tabling,2025-08-11,Grand Rapids Public Library Main Branch,E71,Number Kids Engaged
5449,Partner Tabling,2025-08-11,Grand Rapids Public Library Main Branch,E71,Number Kids Engaged
5450,Partner Tabling,2025-08-11,Grand Rapids Public Library Main Branch,E71,Number Kids Engaged
5451,Partner Tabling,2025-08-11,Grand Rapids Public Library Main Branch,E71,Number Kids Engaged
5452,Partner Tabling,2025-08-11,Grand Rapids Public Library Main Branch,E71,Number Kids Engaged
5453,Partner Tabling,2025-08-11,Grand Rapids Public Library Main Branch,E71,Number Adults Engaged
5454,Partner Tabling,2025-08-11,Grand Rapids Public Library Main Branch,E71,Number Adults Engaged
5455,Partner Tabling,2025-08-11,Grand Rapids Public Library Main Branch,E71,Number Adults Engaged
5456,Partner Tabling,2025-08-11,Grand Rapids Public Library Main Branch,E71,Number Adults Engaged
5457,Partner Tabling,2025-08-11,Grand Rapids Public Library Main Branch,E71,Number Adults Engaged
5458,Partner Tabling,2025-08-11,Grand Rapids Public Library Main Branch,E71,Number Adults Engaged
5459,Partner Tabling,2025-08-11,Grand Rapids Public Library Main Branch,E71,Number Adults Engaged
5460,Partner Tabling,2025-08-11,Grand Rapids Public Library Main Branch,E71,Number Adults Engaged
5461,Partner Tabling,2025-08-11,Grand Rapids Public Library Main Branch,E71,Number Adults Engaged
5462,Partner Tabling,2025-08-11,Grand Rapids Public Library Main Branch,E71,Number Adults Engaged
5463,Partner Tabling,2025-08-11,Grand Rapids Public Library Main Branch,E71,Number Adults Engaged
5464,Partner Tabling,2025-08-11,Grand Rapids Public Library Main Branch,E71,Number Adults Engaged
5465,Partner Tabling,2025-08-11,Grand Rapids Public Library Main Branch,E71,Number Adults Engaged
5466,Partner Tabling,2025-08-11,Grand Rapids Public Library Main Branch,E71,Number Adults Engaged
5467,Partner Tabling,2025-08-11,Grand Rapids Public Library Main Branch,E71,Number Adults Engaged
5468,Partner Tabling,2025-08-11,Grand Rapids Public Library Main Branch,E71,Number Adults Engaged
5469,Partner Tabling,2025-08-11,Grand Rapids Public Library Main Branch,E71,Number Adults Engaged
5470,Partner Tabling,2025-08-11,Grand Rapids Public Library Main Branch,E71,Number Adults Engaged
5471,Partner Tabling,2025-08-11,Grand Rapids Public Library Main Branch,E71,Number Adults Engaged
5472,Partner Tabling,2025-08-11,Grand Rapids Public Library Main Branch,E71,Number Adults Engaged
5473,Partner Tabling,2025-08-11,Grand Rapids Public Library Main Branch,E71,Number Adults Engaged
5474,Partner Tabling,2025-08-11,Grand Rapids Public Library Main Branch,E71,Number Adults Engaged
5475,Partner Tabling,2025-08-11,Grand Rapids Public Library Main Branch,E71,Number Adults Engaged
5476,Partner Tabling,2025-08-11,Grand Rapids Public Library Main Branch,E71,Number Adults Engaged
5477,Partner Tabling,2025-08-11,Grand Rapids Public Library Main Branch,E71,Number Adults Engaged
5478,Partner Tabling,2025-08-11,Grand Rapids Public Library Main Branch,E71,Number Adults Engaged
5479,Partner Tabling,2025-08-11,Grand Rapids Public Library Main Branch,E71,Number Adults Engaged
5480,Partner Tabling,2025-08-11,Outdoor Storytime,E72,Number Kids Engaged
5481,Partner Tabling,2025-08-11,Outdoor Storytime,E72,Number Kids Engaged
5482,Partner Tabling,2025-08-11,Outdoor Storytime,E72,Number Kids Engaged
5483,Partner Tabling,2025-08-11,Outdoor Storytime,E72,Number Kids Engaged
5484,Partner Tabling,2025-08-11,Outdoor Storytime,E72,Number Kids Engaged
5485,Partner Tabling,2025-08-11,Outdoor Storytime,E72,Number Kids Engaged
5486,Partner Tabling,2025-08-11,Outdoor Storytime,E72,Number Kids Engaged
5487,Partner Tabling,2025-08-11,Outdoor Storytime,E72,Number Kids Engaged
5488,Partner Tabling,2025-08-11,Outdoor Storytime,E72,Number Kids Engaged
5489,Partner Tabling,2025-08-11,Outdoor Storytime,E72,Number Kids Engaged
5490,Partner Tabling,2025-08-11,Outdoor Storytime,E72,Number Kids Engaged
5491,Partner Tabling,2025-08-11,Outdoor Storytime,E72,Number Kids Engaged
5492,Partner Tabling,2025-08-11,Outdoor Storytime,E72,Number Kids Engaged
5493,Partner Tabling,2025-08-11,Outdoor Storytime,E72,Number Kids Engaged
5494,Partner Tabling,2025-08-11,Outdoor Storytime,E72,Number Kids Engaged
5495,Partner Tabling,2025-08-11,Outdoor Storytime,E72,Number Kids Engaged
5496,Partner Tabling,2025-08-11,Outdoor Storytime,E72,Number Kids Engaged
5497,Partner Tabling,2025-08-11,Outdoor Storytime,E72,Number Kids Engaged
5498,Partner Tabling,2025-08-11,Outdoor Storytime,E72,Number Kids Engaged
5499,Partner Tabling,2025-08-11,Outdoor Storytime,E72,Number Kids Engaged
5500,Partner Tabling,2025-08-11,Outdoor Storytime,E72,Number Kids Engaged
5501,Partner Tabling,2025-08-11,Outdoor Storytime,E72,Number Kids Engaged
5502,Partner Tabling,2025-08-11,Outdoor Storytime,E72,Number Kids Engaged
5503,Partner Tabling,2025-08-11,Outdoor Storytime,E72,Number Kids Engaged
5504,Partner Tabling,2025-08-11,Outdoor Storytime,E72,Number Kids Engaged
5505,Partner Tabling,2025-08-11,Outdoor Storytime,E72,Number Kids Engaged
5506,Partner Tabling,2025-08-11,Outdoor Storytime,E72,Number Kids Engaged
5507,Partner Tabling,2025-08-11,Outdoor Storytime,E72,Number Kids Engaged
5508,Partner Tabling,2025-08-11,Outdoor Storytime,E72,Number Kids Engaged
5509,Partner Tabling,2025-08-11,Outdoor Storytime,E72,Number Kids Engaged
5510,Partner Tabling,2025-08-11,Outdoor Storytime,E72,Number Kids Engaged
5511,Partner Tabling,2025-08-11,Outdoor Storytime,E72,Number Kids Engaged
5512,Partner Tabling,2025-08-11,Outdoor Storytime,E72,Number Kids Engaged
5513,Partner Tabling,2025-08-11,Outdoor Storytime,E72,Number Kids Engaged
5514,Partner Tabling,2025-08-11,Outdoor Storytime,E72,Number Kids Engaged
5515,Partner Tabling,2025-08-11,Outdoor Storytime,E72,Number Kids Engaged
5516,Partner Tabling,2025-08-11,Outdoor Storytime,E72,Number Kids Engaged
5517,Partner Tabling,2025-08-11,Outdoor Storytime,E72,Number Adults Engaged
5518,Partner Tabling,2025-08-11,Outdoor Storytime,E72,Number Adults Engaged
5519,Partner Tabling,2025-08-11,Outdoor Storytime,E72,Number Adults Engaged
5520,Partner Tabling,2025-08-11,Outdoor Storytime,E72,Number Adults Engaged
5521,Partner Tabling,2025-08-11,Outdoor Storytime,E72,Number Adults Engaged
5522,Partner Tabling,2025-08-11,Outdoor Storytime,E72,Number Adults Engaged
5523,Partner Tabling,2025-08-11,Outdoor Storytime,E72,Number Adults Engaged
5524,Partner Tabling,2025-08-11,Outdoor Storytime,E72,Number Adults Engaged
5525,Partner Tabling,2025-08-11,Outdoor Storytime,E72,Number Adults Engaged
5526,Partner Tabling,2025-08-11,Outdoor Storytime,E72,Number Adults Engaged
5527,Partner Tabling,2025-08-11,Outdoor Storytime,E72,Number Adults Engaged
5528,Partner Tabling,2025-08-11,Outdoor Storytime,E72,Number Adults Engaged
5529,Partner Tabling,2025-08-11,Outdoor Storytime,E72,Number Adults Engaged
5530,Partner Tabling,2025-08-11,Outdoor Storytime,E72,Number Adults Engaged
5531,Partner Tabling,2025-08-11,Outdoor Storytime,E72,Number Adults Engaged
5532,Partner Tabling,2025-08-11,Outdoor Storytime,E72,Number Adults Engaged
5533,Partner Tabling,2025-08-11,Outdoor Storytime,E72,Number Adults Engaged
5534,Partner Tabling,2025-08-11,Outdoor Storytime,E72,Number Adults Engaged
5535,Partner Tabling,2025-08-11,Outdoor Storytime,E72,Number Adults Engaged
5536,Partner Tabling,2025-08-11,Outdoor Storytime,E72,Number Adults Engaged
5537,Partner Tabling,2025-08-11,Outdoor Storytime,E72,Number Adults Engaged
5538,Partner Tabling,2025-08-11,Outdoor Storytime,E72,Number Adults Engaged
5539,Partner Tabling,2025-08-11,Outdoor Storytime,E72,Number Adults Engaged
5540,Partner Tabling,2025-08-11,Outdoor Storytime,E72,Number Adults Engaged
5541,Partner Tabling,2025-08-11,Sheldon WIC Clinic,E73,Number Kids Engaged
5542,Partner Tabling,2025-08-11,Sheldon WIC Clinic,E73,Number Kids Engaged
5543,Partner Tabling,2025-08-11,Sheldon WIC Clinic,E73,Number Kids Engaged
5544,Partner Tabling,2025-08-11,Sheldon WIC Clinic,E73,Number Kids Engaged
5545,Partner Tabling,2025-08-11,Sheldon WIC Clinic,E73,Number Kids Engaged
5546,Partner Tabling,2025-08-11,Sheldon WIC Clinic,E73,Number Kids Engaged
5547,Partner Tabling,2025-08-11,Sheldon WIC Clinic,E73,Number Kids Engaged
5548,Partner Tabling,2025-08-11,Sheldon WIC Clinic,E73,Number Kids Engaged
5549,Partner Tabling,2025-08-11,Sheldon WIC Clinic,E73,Number Kids Engaged
5550,Partner Tabling,2025-08-11,Sheldon WIC Clinic,E73,Number Kids Engaged
5551,Partner Tabling,2025-08-11,Sheldon WIC Clinic,E73,Number Kids Engaged
5552,Partner Tabling,2025-08-11,Sheldon WIC Clinic,E73,Number Kids Engaged
5553,Partner Tabling,2025-08-11,Sheldon WIC Clinic,E73,Number Kids Engaged
5554,Partner Tabling,2025-08-11,Sheldon WIC Clinic,E73,Number Kids Engaged
5555,Partner Tabling,2025-08-11,Sheldon WIC Clinic,E73,Number Kids Engaged
5556,Partner Tabling,2025-08-11,Sheldon WIC Clinic,E73,Number Kids Engaged
5557,Partner Tabling,2025-08-11,Sheldon WIC Clinic,E73,Number Kids Engaged
5558,Partner Tabling,2025-08-11,Sheldon WIC Clinic,E73,Number Kids Engaged
5559,Partner Tabling,2025-08-11,Sheldon WIC Clinic,E73,Number Kids Engaged
5560,Partner Tabling,2025-08-11,Sheldon WIC Clinic,E73,Number Kids Engaged
5561,Partner Tabling,2025-08-11,Sheldon WIC Clinic,E73,Number Kids Engaged
5562,Partner Tabling,2025-08-11,Sheldon WIC Clinic,E73,Number Kids Engaged
5563,Partner Tabling,2025-08-11,Sheldon WIC Clinic,E73,Number Kids Engaged
5564,Partner Tabling,2025-08-11,Sheldon WIC Clinic,E73,Number Adults Engaged
5565,Partner Tabling,2025-08-11,Sheldon WIC Clinic,E73,Number Adults Engaged
5566,Partner Tabling,2025-08-11,Sheldon WIC Clinic,E73,Number Adults Engaged
5567,Partner Tabling,2025-08-11,Sheldon WIC Clinic,E73,Number Adults Engaged
5568,Partner Tabling,2025-08-11,Sheldon WIC Clinic,E73,Number Adults Engaged
5569,Partner Tabling,2025-08-11,Sheldon WIC Clinic,E73,Number Adults Engaged
5570,Partner Tabling,2025-08-11,Sheldon WIC Clinic,E73,Number Adults Engaged
5571,Partner Tabling,2025-08-11,Sheldon WIC Clinic,E73,Number Adults Engaged
5572,Partner Tabling,2025-08-11,Sheldon WIC Clinic,E73,Number Adults Engaged
5573,Partner Tabling,2025-08-11,Sheldon WIC Clinic,E73,Number Adults Engaged
5574,Partner Tabling,2025-08-11,Sheldon WIC Clinic,E73,Number Adults Engaged
5575,Partner Tabling,2025-08-11,Sheldon WIC Clinic,E73,Number Adults Engaged
5576,Partner Tabling,2025-08-11,Sheldon WIC Clinic,E73,Number Adults Engaged
5577,Partner Tabling,2025-08-11,Sheldon WIC Clinic,E73,Number Adults Engaged
5578,Partner Tabling,2025-08-11,Sheldon WIC Clinic,E73,Number Adults Engaged
5579,Partner Tabling,2025-08-11,Sheldon WIC Clinic,E73,Number Adults Engaged
5580,Partner Tabling,2025-08-11,Sheldon WIC Clinic,E73,Number Adults Engaged
5581,Partner Tabling,2025-08-11,Sheldon WIC Clinic,E73,Number Adults Engaged
5582,Partner Tabling,2025-08-11,Sheldon WIC Clinic,E73,Number Adults Engaged
5583,Partner Tabling,2025-08-11,Sheldon WIC Clinic,E73,Number Adults Engaged
5584,Partner Tabling,2025-08-11,Sheldon WIC Clinic,E73,Number Adults Engaged
5585,Partner Tabling,2025-08-11,Sheldon WIC Clinic,E73,Number Adults Engaged
5586,Partner Tabling,2025-08-11,Sheldon WIC Clinic,E73,Number Adults Engaged
5587,Partner Tabling,2025-08-11,Sheldon WIC Clinic,E73,Number Adults Engaged
5588,Community Event,2025-08-12,Backpacks and Beats,E74,Number Kids Engaged
5589,Community Event,2025-08-12,Backpacks and Beats,E74,Number Kids Engaged
5590,Community Event,2025-08-12,Backpacks and Beats,E74,Number Kids Engaged
5591,Community Event,2025-08-12,Backpacks and Beats,E74,Number Kids Engaged
5592,Community Event,2025-08-12,Backpacks and Beats,E74,Number Kids Engaged
5593,Community Event,2025-08-12,Backpacks and Beats,E74,Number Kids Engaged
5594,Community Event,2025-08-12,Backpacks and Beats,E74,Number Kids Engaged
5595,Community Event,2025-08-12,Backpacks and Beats,E74,Number Kids Engaged
5596,Community Event,2025-08-12,Backpacks and Beats,E74,Number Kids Engaged
5597,Community Event,2025-08-12,Backpacks and Beats,E74,Number Kids Engaged
5598,Community Event,2025-08-12,Backpacks and Beats,E74,Number Kids Engaged
5599,Community Event,2025-08-12,Backpacks and Beats,E74,Number Kids Engaged
5600,Community Event,2025-08-12,Backpacks and Beats,E74,Number Kids Engaged
5601,Community Event,2025-08-12,Backpacks and Beats,E74,Number Kids Engaged
5602,Community Event,2025-08-12,Backpacks and Beats,E74,Number Kids Engaged
5603,Community Event,2025-08-12,Backpacks and Beats,E74,Number Kids Engaged
5604,Community Event,2025-08-12,Backpacks and Beats,E74,Number Kids Engaged
5605,Community Event,2025-08-12,Backpacks and Beats,E74,Number Kids Engaged
5606,Community Event,2025-08-12,Backpacks and Beats,E74,Number Kids Engaged
5607,Community Event,2025-08-12,Backpacks and Beats,E74,Number Kids Engaged
5608,Community Event,2025-08-12,Backpacks and Beats,E74,Number Kids Engaged
5609,Community Event,2025-08-12,Backpacks and Beats,E74,Number Kids Engaged
5610,Community Event,2025-08-12,Backpacks and Beats,E74,Number Kids Engaged
5611,Community Event,2025-08-12,Backpacks and Beats,E74,Number Kids Engaged
5612,Community Event,2025-08-12,Backpacks and Beats,E74,Number Kids Engaged
5613,Community Event,2025-08-12,Backpacks and Beats,E74,Number Kids Engaged
5614,Community Event,2025-08-12,Backpacks and Beats,E74,Number Kids Engaged
5615,Community Event,2025-08-12,Backpacks and Beats,E74,Number Kids Engaged
5616,Community Event,2025-08-12,Backpacks and Beats,E74,Number Kids Engaged
5617,Community Event,2025-08-12,Backpacks and Beats,E74,Number Kids Engaged
5618,Community Event,2025-08-12,Backpacks and Beats,E74,Number Kids Engaged
5619,Community Event,2025-08-12,Backpacks and Beats,E74,Number Kids Engaged
5620,Community Event,2025-08-12,Backpacks and Beats,E74,Number Kids Engaged
5621,Community Event,2025-08-12,Backpacks and Beats,E74,Number Kids Engaged
5622,Community Event,2025-08-12,Backpacks and Beats,E74,Number Kids Engaged
5623,Community Event,2025-08-12,Backpacks and Beats,E74,Number Kids Engaged
5624,Community Event,2025-08-12,Backpacks and Beats,E74,Number Kids Engaged
5625,Community Event,2025-08-12,Backpacks and Beats,E74,Number Kids Engaged
5626,Community Event,2025-08-12,Backpacks and Beats,E74,Number Kids Engaged
5627,Community Event,2025-08-12,Backpacks and Beats,E74,Number Kids Engaged
5628,Community Event,2025-08-12,Backpacks and Beats,E74,Number Kids Engaged
5629,Community Event,2025-08-12,Backpacks and Beats,E74,Number Kids Engaged
5630,Community Event,2025-08-12,Backpacks and Beats,E74,Number Kids Engaged
5631,Community Event,2025-08-12,Backpacks and Beats,E74,Number Kids Engaged
5632,Community Event,2025-08-12,Backpacks and Beats,E74,Number Kids Engaged
5633,Community Event,2025-08-12,Backpacks and Beats,E74,Number Kids Engaged
5634,Community Event,2025-08-12,Backpacks and Beats,E74,Number Kids Engaged
5635,Community Event,2025-08-12,Backpacks and Beats,E74,Number Kids Engaged
5636,Community Event,2025-08-12,Backpacks and Beats,E74,Number Kids Engaged
5637,Community Event,2025-08-12,Backpacks and Beats,E74,Number Kids Engaged
5638,Community Event,2025-08-12,Backpacks and Beats,E74,Number Kids Engaged
5639,Community Event,2025-08-12,Backpacks and Beats,E74,Number Kids Engaged
5640,Community Event,2025-08-12,Backpacks and Beats,E74,Number Kids Engaged
5641,Community Event,2025-08-12,Backpacks and Beats,E74,Number Kids Engaged
5642,Community Event,2025-08-12,Backpacks and Beats,E74,Number Kids Engaged
5643,Community Event,2025-08-12,Backpacks and Beats,E74,Number Kids Engaged
5644,Community Event,2025-08-12,Backpacks and Beats,E74,Number Kids Engaged
5645,Community Event,2025-08-12,Backpacks and Beats,E74,Number Kids Engaged
5646,Community Event,2025-08-12,Backpacks and Beats,E74,Number Kids Engaged
5647,Community Event,2025-08-12,Backpacks and Beats,E74,Number Kids Engaged
5648,Community Event,2025-08-12,Backpacks and Beats,E74,Number Kids Engaged
5649,Community Event,2025-08-12,Backpacks and Beats,E74,Number Kids Engaged
5650,Community Event,2025-08-12,Backpacks and Beats,E74,Number Kids Engaged
5651,Community Event,2025-08-12,Backpacks and Beats,E74,Number Kids Engaged
5652,Community Event,2025-08-12,Backpacks and Beats,E74,Number Kids Engaged
5653,Community Event,2025-08-12,Backpacks and Beats,E74,Number Kids Engaged
5654,Community Event,2025-08-12,Backpacks and Beats,E74,Number Kids Engaged
5655,Community Event,2025-08-12,Backpacks and Beats,E74,Number Kids Engaged
5656,Community Event,2025-08-12,Backpacks and Beats,E74,Number Kids Engaged
5657,Community Event,2025-08-12,Backpacks and Beats,E74,Number Kids Engaged
5658,Community Event,2025-08-12,Backpacks and Beats,E74,Number Kids Engaged
5659,Community Event,2025-08-12,Backpacks and Beats,E74,Number Kids Engaged
5660,Community Event,2025-08-12,Backpacks and Beats,E74,Number Kids Engaged
5661,Community Event,2025-08-12,Backpacks and Beats,E74,Number Kids Engaged
5662,Community Event,2025-08-12,Backpacks and Beats,E74,Number Kids Engaged
5663,Community Event,2025-08-12,Backpacks and Beats,E74,Number Kids Engaged
5664,Community Event,2025-08-12,Backpacks and Beats,E74,Number Kids Engaged
5665,Community Event,2025-08-12,Backpacks and Beats,E74,Number Kids Engaged
5666,Community Event,2025-08-12,Backpacks and Beats,E74,Number Kids Engaged
5667,Community Event,2025-08-12,Backpacks and Beats,E74,Number Kids Engaged
5668,Community Event,2025-08-12,Backpacks and Beats,E74,Number Kids Engaged
5669,Community Event,2025-08-12,Backpacks and Beats,E74,Number Kids Engaged
5670,Community Event,2025-08-12,Backpacks and Beats,E74,Number Kids Engaged
5671,Community Event,2025-08-12,Backpacks and Beats,E74,Number Kids Engaged
5672,Community Event,2025-08-12,Backpacks and Beats,E74,Number Kids Engaged
5673,Community Event,2025-08-12,Backpacks and Beats,E74,Number Kids Engaged
5674,Community Event,2025-08-12,Backpacks and Beats,E74,Number Kids Engaged
5675,Community Event,2025-08-12,Backpacks and Beats,E74,Number Kids Engaged
5676,Community Event,2025-08-12,Backpacks and Beats,E74,Number Kids Engaged
5677,Community Event,2025-08-12,Backpacks and Beats,E74,Number Kids Engaged
5678,Community Event,2025-08-12,Backpacks and Beats,E74,Number Kids Engaged
5679,Community Event,2025-08-12,Backpacks and Beats,E74,Number Kids Engaged
5680,Community Event,2025-08-12,Backpacks and Beats,E74,Number Kids Engaged
5681,Community Event,2025-08-12,Backpacks and Beats,E74,Number Kids Engaged
5682,Community Event,2025-08-12,Backpacks and Beats,E74,Number Kids Engaged
5683,Community Event,2025-08-12,Backpacks and Beats,E74,Number Kids Engaged
5684,Community Event,2025-08-12,Backpacks and Beats,E74,Number Kids Engaged
5685,Community Event,2025-08-12,Backpacks and Beats,E74,Number Kids Engaged
5686,Community Event,2025-08-12,Backpacks and Beats,E74,Number Kids Engaged
5687,Community Event,2025-08-12,Backpacks and Beats,E74,Number Kids Engaged
5688,Community Event,2025-08-12,Backpacks and Beats,E74,Number Kids Engaged
5689,Community Event,2025-08-12,Backpacks and Beats,E74,Number Kids Engaged
5690,Community Event,2025-08-12,Backpacks and Beats,E74,Number Kids Engaged
5691,Community Event,2025-08-12,Backpacks and Beats,E74,Number Kids Engaged
5692,Community Event,2025-08-12,Backpacks and Beats,E74,Number Kids Engaged
5693,Community Event,2025-08-12,Backpacks and Beats,E74,Number Kids Engaged
5694,Community Event,2025-08-12,Backpacks and Beats,E74,Number Kids Engaged
5695,Community Event,2025-08-12,Backpacks and Beats,E74,Number Kids Engaged
5696,Community Event,2025-08-12,Backpacks and Beats,E74,Number Kids Engaged
5697,Community Event,2025-08-12,Backpacks and Beats,E74,Number Kids Engaged
5698,Community Event,2025-08-12,Backpacks and Beats,E74,Number Kids Engaged
5699,Community Event,2025-08-12,Backpacks and Beats,E74,Number Kids Engaged
5700,Community Event,2025-08-12,Backpacks and Beats,E74,Number Kids Engaged
5701,Community Event,2025-08-12,Backpacks and Beats,E74,Number Kids Engaged
5702,Community Event,2025-08-12,Backpacks and Beats,E74,Number Kids Engaged
5703,Community Event,2025-08-12,Backpacks and Beats,E74,Number Kids Engaged
5704,Community Event,2025-08-12,Backpacks and Beats,E74,Number Kids Engaged
5705,Community Event,2025-08-12,Backpacks and Beats,E74,Number Kids Engaged
5706,Community Event,2025-08-12,Backpacks and Beats,E74,Number Kids Engaged
5707,Community Event,2025-08-12,Backpacks and Beats,E74,Number Kids Engaged
5708,Community Event,2025-08-12,Backpacks and Beats,E74,Number Kids Engaged
5709,Community Event,2025-08-12,Backpacks and Beats,E74,Number Kids Engaged
5710,Community Event,2025-08-12,Backpacks and Beats,E74,Number Kids Engaged
5711,Community Event,2025-08-12,Backpacks and Beats,E74,Number Kids Engaged
5712,Community Event,2025-08-12,Backpacks and Beats,E74,Number Kids Engaged
5713,Community Event,2025-08-12,Backpacks and Beats,E74,Number Kids Engaged
5714,Community Event,2025-08-12,Backpacks and Beats,E74,Number Kids Engaged
5715,Community Event,2025-08-12,Backpacks and Beats,E74,Number Kids Engaged
5716,Community Event,2025-08-12,Backpacks and Beats,E74,Number Kids Engaged
5717,Community Event,2025-08-12,Backpacks and Beats,E74,Number Kids Engaged
5718,Community Event,2025-08-12,Backpacks and Beats,E74,Number Kids Engaged
5719,Community Event,2025-08-12,Backpacks and Beats,E74,Number Kids Engaged
5720,Community Event,2025-08-12,Backpacks and Beats,E74,Number Kids Engaged
5721,Community Event,2025-08-12,Backpacks and Beats,E74,Number Kids Engaged
5722,Community Event,2025-08-12,Backpacks and Beats,E74,Number Kids Engaged
5723,Community Event,2025-08-12,Backpacks and Beats,E74,Number Kids Engaged
5724,Community Event,2025-08-12,Backpacks and Beats,E74,Number Kids Engaged
5725,Community Event,2025-08-12,Backpacks and Beats,E74,Number Kids Engaged
5726,Community Event,2025-08-12,Backpacks and Beats,E74,Number Kids Engaged
5727,Community Event,2025-08-12,Backpacks and Beats,E74,Number Kids Engaged
5728,Community Event,2025-08-12,Backpacks and Beats,E74,Number Kids Engaged
5729,Community Event,2025-08-12,Backpacks and Beats,E74,Number Kids Engaged
5730,Community Event,2025-08-12,Backpacks and Beats,E74,Number Kids Engaged
5731,Community Event,2025-08-12,Backpacks and Beats,E74,Number Kids Engaged
5732,Community Event,2025-08-12,Backpacks and Beats,E74,Number Kids Engaged
5733,Community Event,2025-08-12,Backpacks and Beats,E74,Number Kids Engaged
5734,Community Event,2025-08-12,Backpacks and Beats,E74,Number Kids Engaged
5735,Community Event,2025-08-12,Backpacks and Beats,E74,Number Kids Engaged
5736,Community Event,2025-08-12,Backpacks and Beats,E74,Number Kids Engaged
5737,Community Event,2025-08-12,Backpacks and Beats,E74,Number Kids Engaged
5738,Community Event,2025-08-12,Backpacks and Beats,E74,Number Kids Engaged
5739,Community Event,2025-08-12,Backpacks and Beats,E74,Number Kids Engaged
5740,Community Event,2025-08-12,Backpacks and Beats,E74,Number Kids Engaged
5741,Community Event,2025-08-12,Backpacks and Beats,E74,Number Kids Engaged
5742,Community Event,2025-08-12,Backpacks and Beats,E74,Number Kids Engaged
5743,Community Event,2025-08-12,Backpacks and Beats,E74,Number Kids Engaged
5744,Community Event,2025-08-12,Backpacks and Beats,E74,Number Kids Engaged
5745,Community Event,2025-08-12,Backpacks and Beats,E74,Number Kids Engaged
5746,Community Event,2025-08-12,Backpacks and Beats,E74,Number Kids Engaged
5747,Community Event,2025-08-12,Backpacks and Beats,E74,Number Kids Engaged
5748,Community Event,2025-08-12,Backpacks and Beats,E74,Number Kids Engaged
5749,Community Event,2025-08-12,Backpacks and Beats,E74,Number Kids Engaged
5750,Community Event,2025-08-12,Backpacks and Beats,E74,Number Kids Engaged
5751,Community Event,2025-08-12,Backpacks and Beats,E74,Number Kids Engaged
5752,Community Event,2025-08-12,Backpacks and Beats,E74,Number Kids Engaged
5753,Community Event,2025-08-12,Backpacks and Beats,E74,Number Kids Engaged
5754,Community Event,2025-08-12,Backpacks and Beats,E74,Number Kids Engaged
5755,Community Event,2025-08-12,Backpacks and Beats,E74,Number Kids Engaged
5756,Community Event,2025-08-12,Backpacks and Beats,E74,Number Kids Engaged
5757,Community Event,2025-08-12,Backpacks and Beats,E74,Number Kids Engaged
5758,Community Event,2025-08-12,Backpacks and Beats,E74,Number Kids Engaged
5759,Community Event,2025-08-12,Backpacks and Beats,E74,Number Kids Engaged
5760,Community Event,2025-08-12,Backpacks and Beats,E74,Number Kids Engaged
5761,Community Event,2025-08-12,Backpacks and Beats,E74,Number Kids Engaged
5762,Community Event,2025-08-12,Backpacks and Beats,E74,Number Kids Engaged
5763,Community Event,2025-08-12,Backpacks and Beats,E74,Number Kids Engaged
5764,Community Event,2025-08-12,Backpacks and Beats,E74,Number Kids Engaged
5765,Community Event,2025-08-12,Backpacks and Beats,E74,Number Kids Engaged
5766,Community Event,2025-08-12,Backpacks and Beats,E74,Number Kids Engaged
5767,Community Event,2025-08-12,Backpacks and Beats,E74,Number Kids Engaged
5768,Community Event,2025-08-12,Backpacks and Beats,E74,Number Kids Engaged
5769,Community Event,2025-08-12,Backpacks and Beats,E74,Number Kids Engaged
5770,Community Event,2025-08-12,Backpacks and Beats,E74,Number Kids Engaged
5771,Community Event,2025-08-12,Backpacks and Beats,E74,Number Kids Engaged
5772,Community Event,2025-08-12,Backpacks and Beats,E74,Number Kids Engaged
5773,Community Event,2025-08-12,Backpacks and Beats,E74,Number Kids Engaged
5774,Community Event,2025-08-12,Backpacks and Beats,E74,Number Kids Engaged
5775,Community Event,2025-08-12,Backpacks and Beats,E74,Number Kids Engaged
5776,Community Event,2025-08-12,Backpacks and Beats,E74,Number Kids Engaged
5777,Community Event,2025-08-12,Backpacks and Beats,E74,Number Kids Engaged
5778,Community Event,2025-08-12,Backpacks and Beats,E74,Number Kids Engaged
5779,Community Event,2025-08-12,Backpacks and Beats,E74,Number Kids Engaged
5780,Community Event,2025-08-12,Backpacks and Beats,E74,Number Kids Engaged
5781,Community Event,2025-08-12,Backpacks and Beats,E74,Number Kids Engaged
5782,Community Event,2025-08-12,Backpacks and Beats,E74,Number Kids Engaged
5783,Community Event,2025-08-12,Backpacks and Beats,E74,Number Kids Engaged
5784,Community Event,2025-08-12,Backpacks and Beats,E74,Number Kids Engaged
5785,Community Event,2025-08-12,Backpacks and Beats,E74,Number Kids Engaged
5786,Community Event,2025-08-12,Backpacks and Beats,E74,Number Kids Engaged
5787,Community Event,2025-08-12,Backpacks and Beats,E74,Number Kids Engaged
5788,Community Event,2025-08-12,Backpacks and Beats,E74,Number Kids Engaged
5789,Community Event,2025-08-12,Backpacks and Beats,E74,Number Kids Engaged
5790,Community Event,2025-08-12,Backpacks and Beats,E74,Number Kids Engaged
5791,Community Event,2025-08-12,Backpacks and Beats,E74,Number Kids Engaged
5792,Community Event,2025-08-12,Backpacks and Beats,E74,Number Kids Engaged
5793,Community Event,2025-08-12,Backpacks and Beats,E74,Number Kids Engaged
5794,Community Event,2025-08-12,Backpacks and Beats,E74,Number Kids Engaged
5795,Community Event,2025-08-12,Backpacks and Beats,E74,Number Kids Engaged
5796,Community Event,2025-08-12,Backpacks and Beats,E74,Number Kids Engaged
5797,Community Event,2025-08-12,Backpacks and Beats,E74,Number Kids Engaged
5798,Community Event,2025-08-12,Backpacks and Beats,E74,Number Kids Engaged
5799,Community Event,2025-08-12,Backpacks and Beats,E74,Number Kids Engaged
5800,Community Event,2025-08-12,Backpacks and Beats,E74,Number Kids Engaged
5801,Community Event,2025-08-12,Backpacks and Beats,E74,Number Kids Engaged
5802,Community Event,2025-08-12,Backpacks and Beats,E74,Number Kids Engaged
5803,Community Event,2025-08-12,Backpacks and Beats,E74,Number Kids Engaged
5804,Community Event,2025-08-12,Backpacks and Beats,E74,Number Kids Engaged
5805,Community Event,2025-08-12,Backpacks and Beats,E74,Number Adults Engaged
5806,Community Event,2025-08-12,Backpacks and Beats,E74,Number Adults Engaged
5807,Community Event,2025-08-12,Backpacks and Beats,E74,Number Adults Engaged
5808,Community Event,2025-08-12,Backpacks and Beats,E74,Number Adults Engaged
5809,Community Event,2025-08-12,Backpacks and Beats,E74,Number Adults Engaged
5810,Community Event,2025-08-12,Backpacks and Beats,E74,Number Adults Engaged
5811,Community Event,2025-08-12,Backpacks and Beats,E74,Number Adults Engaged
5812,Community Event,2025-08-12,Backpacks and Beats,E74,Number Adults Engaged
5813,Community Event,2025-08-12,Backpacks and Beats,E74,Number Adults Engaged
5814,Community Event,2025-08-12,Backpacks and Beats,E74,Number Adults Engaged
5815,Community Event,2025-08-12,Backpacks and Beats,E74,Number Adults Engaged
5816,Community Event,2025-08-12,Backpacks and Beats,E74,Number Adults Engaged
5817,Community Event,2025-08-12,Backpacks and Beats,E74,Number Adults Engaged
5818,Community Event,2025-08-12,Backpacks and Beats,E74,Number Adults Engaged
5819,Community Event,2025-08-12,Backpacks and Beats,E74,Number Adults Engaged
5820,Community Event,2025-08-12,Backpacks and Beats,E74,Number Adults Engaged
5821,Community Event,2025-08-12,Backpacks and Beats,E74,Number Adults Engaged
5822,Community Event,2025-08-12,Backpacks and Beats,E74,Number Adults Engaged
5823,Community Event,2025-08-12,Backpacks and Beats,E74,Number Adults Engaged
5824,Community Event,2025-08-12,Backpacks and Beats,E74,Number Adults Engaged
5825,Community Event,2025-08-12,Backpacks and Beats,E74,Number Adults Engaged
5826,Community Event,2025-08-12,Backpacks and Beats,E74,Number Adults Engaged
5827,Community Event,2025-08-12,Backpacks and Beats,E74,Number Adults Engaged
5828,Community Event,2025-08-12,Backpacks and Beats,E74,Number Adults Engaged
5829,Community Event,2025-08-12,Backpacks and Beats,E74,Number Adults Engaged
5830,Community Event,2025-08-12,Backpacks and Beats,E74,Number Adults Engaged
5831,Community Event,2025-08-12,Backpacks and Beats,E74,Number Adults Engaged
5832,Community Event,2025-08-12,Backpacks and Beats,E74,Number Adults Engaged
5833,Community Event,2025-08-12,Backpacks and Beats,E74,Number Adults Engaged
5834,Community Event,2025-08-12,Backpacks and Beats,E74,Number Adults Engaged
5835,Community Event,2025-08-12,Backpacks and Beats,E74,Number Adults Engaged
5836,Community Event,2025-08-12,Backpacks and Beats,E74,Number Adults Engaged
5837,Community Event,2025-08-12,Backpacks and Beats,E74,Number Adults Engaged
5838,Community Event,2025-08-12,Backpacks and Beats,E74,Number Adults Engaged
5839,Community Event,2025-08-12,Backpacks and Beats,E74,Number Adults Engaged
5840,Community Event,2025-08-12,Backpacks and Beats,E74,Number Adults Engaged
5841,Community Event,2025-08-12,Backpacks and Beats,E74,Number Adults Engaged
5842,Community Event,2025-08-12,Backpacks and Beats,E74,Number Adults Engaged
5843,Community Event,2025-08-12,Backpacks and Beats,E74,Number Adults Engaged
5844,Community Event,2025-08-12,Backpacks and Beats,E74,Number Adults Engaged
5845,Community Event,2025-08-12,Backpacks and Beats,E74,Number Adults Engaged
5846,Community Event,2025-08-12,Backpacks and Beats,E74,Number Adults Engaged
5847,Community Event,2025-08-12,Backpacks and Beats,E74,Number Adults Engaged
5848,Community Event,2025-08-12,Backpacks and Beats,E74,Number Adults Engaged
5849,Community Event,2025-08-12,Backpacks and Beats,E74,Number Adults Engaged
5850,Community Event,2025-08-12,Backpacks and Beats,E74,Number Adults Engaged
5851,Community Event,2025-08-12,Backpacks and Beats,E74,Number Adults Engaged
5852,Community Event,2025-08-12,Backpacks and Beats,E74,Number Adults Engaged
5853,Community Event,2025-08-12,Backpacks and Beats,E74,Number Adults Engaged
5854,Community Event,2025-08-12,Backpacks and Beats,E74,Number Adults Engaged
5855,Community Event,2025-08-12,Backpacks and Beats,E74,Number Adults Engaged
5856,Community Event,2025-08-12,Backpacks and Beats,E74,Number Adults Engaged
5857,Community Event,2025-08-12,Backpacks and Beats,E74,Number Adults Engaged
5858,Community Event,2025-08-12,Backpacks and Beats,E74,Number Adults Engaged
5859,Community Event,2025-08-12,Backpacks and Beats,E74,Number Adults Engaged
5860,Community Event,2025-08-12,Backpacks and Beats,E74,Number Adults Engaged
5861,Community Event,2025-08-12,Backpacks and Beats,E74,Number Adults Engaged
5862,Community Event,2025-08-12,Backpacks and Beats,E74,Number Adults Engaged
5863,Community Event,2025-08-12,Backpacks and Beats,E74,Number Adults Engaged
5864,Community Event,2025-08-12,Backpacks and Beats,E74,Number Adults Engaged
5865,Community Event,2025-08-12,Backpacks and Beats,E74,Number Adults Engaged
5866,Community Event,2025-08-12,Backpacks and Beats,E74,Number Adults Engaged
5867,Community Event,2025-08-12,Backpacks and Beats,E74,Number Adults Engaged
5868,Community Event,2025-08-12,Backpacks and Beats,E74,Number Adults Engaged
5869,Community Event,2025-08-12,Backpacks and Beats,E74,Number Adults Engaged
5870,Community Event,2025-08-12,Backpacks and Beats,E74,Number Adults Engaged
5871,Community Event,2025-08-12,Backpacks and Beats,E74,Number Adults Engaged
5872,Community Event,2025-08-12,Backpacks and Beats,E74,Number Adults Engaged
5873,Community Event,2025-08-12,Backpacks and Beats,E74,Number Adults Engaged
5874,Community Event,2025-08-12,Backpacks and Beats,E74,Number Adults Engaged
5875,Community Event,2025-08-12,Backpacks and Beats,E74,Number Adults Engaged
5876,Community Event,2025-08-12,Backpacks and Beats,E74,Number Adults Engaged
5877,Community Event,2025-08-12,Backpacks and Beats,E74,Number Adults Engaged
5878,Community Event,2025-08-12,Backpacks and Beats,E74,Number Adults Engaged
5879,Community Event,2025-08-12,Backpacks and Beats,E74,Number Adults Engaged
5880,Community Event,2025-08-12,Backpacks and Beats,E74,Number Adults Engaged
5881,Community Event,2025-08-12,Backpacks and Beats,E74,Number Adults Engaged
5882,Community Event,2025-08-12,Backpacks and Beats,E74,Number Adults Engaged
5883,Community Event,2025-08-12,Backpacks and Beats,E74,Number Adults Engaged
5884,Community Event,2025-08-12,Backpacks and Beats,E74,Number Adults Engaged
5885,Community Event,2025-08-12,Backpacks and Beats,E74,Number Adults Engaged
5886,Community Event,2025-08-12,Backpacks and Beats,E74,Number Adults Engaged
5887,Community Event,2025-08-12,Backpacks and Beats,E74,Number Adults Engaged
5888,Community Event,2025-08-12,Backpacks and Beats,E74,Number Adults Engaged
5889,Community Event,2025-08-12,Backpacks and Beats,E74,Number Adults Engaged
5890,Community Event,2025-08-12,Backpacks and Beats,E74,Number Adults Engaged
5891,Community Event,2025-08-12,Backpacks and Beats,E74,Number Adults Engaged
5892,Community Event,2025-08-12,Backpacks and Beats,E74,Number Adults Engaged
5893,Community Event,2025-08-12,Backpacks and Beats,E74,Number Adults Engaged
5894,Community Event,2025-08-12,Backpacks and Beats,E74,Number Adults Engaged
5895,Community Event,2025-08-12,Backpacks and Beats,E74,Number Adults Engaged
5896,Community Event,2025-08-12,Backpacks and Beats,E74,Number Adults Engaged
5897,Community Event,2025-08-12,Backpacks and Beats,E74,Number Adults Engaged
5898,Community Event,2025-08-12,Backpacks and Beats,E74,Number Adults Engaged
5899,Community Event,2025-08-12,Backpacks and Beats,E74,Number Adults Engaged
5900,Community Event,2025-08-12,Backpacks and Beats,E74,Number Adults Engaged
5901,Community Event,2025-08-12,Backpacks and Beats,E74,Number Adults Engaged
5902,Community Event,2025-08-12,Backpacks and Beats,E74,Number Adults Engaged
5903,Community Event,2025-08-12,Backpacks and Beats,E74,Number Adults Engaged
5904,Community Event,2025-08-12,Backpacks and Beats,E74,Number Adults Engaged
5905,Community Event,2025-08-12,Backpacks and Beats,E74,Number Adults Engaged
5906,Community Event,2025-08-12,Backpacks and Beats,E74,Number Adults Engaged
5907,Community Event,2025-08-12,Backpacks and Beats,E74,Number Adults Engaged
5908,Community Event,2025-08-12,Backpacks and Beats,E74,Number Adults Engaged
5909,Community Event,2025-08-12,Backpacks and Beats,E74,Number Adults Engaged
5910,Community Event,2025-08-13,Kent City Migrant Head Start Parenting Talk,E75,Number Adults Engaged
5911,Community Event,2025-08-13,Kent City Migrant Head Start Parenting Talk,E75,Number Adults Engaged
5912,Community Event,2025-08-13,Kent City Migrant Head Start Parenting Talk,E75,Number Adults Engaged
5913,Community Event,2025-08-13,Kent City Migrant Head Start Parenting Talk,E75,Number Adults Engaged
5914,Community Event,2025-08-13,Kent City Migrant Head Start Parenting Talk,E75,Number Adults Engaged
5915,Community Event,2025-08-13,Kent City Migrant Head Start Parenting Talk,E75,Number Adults Engaged
5916,Community Event,2025-08-13,Kent City Migrant Head Start Parenting Talk,E75,Number Adults Engaged
5917,Community Event,2025-08-13,Kent City Migrant Head Start Parenting Talk,E75,Number Adults Engaged
5918,Community Event,2025-08-13,Kent City Migrant Head Start Parenting Talk,E75,Number Adults Engaged
5919,Community Event,2025-08-13,Kent City Migrant Head Start Parenting Talk,E75,Number Adults Engaged
5920,Community Event,2025-08-13,Kent City Migrant Head Start Parenting Talk,E75,Number Adults Engaged
5921,Community Event,2025-08-13,Kent City Migrant Head Start Parenting Talk,E75,Number Adults Engaged
5922,Community Event,2025-08-13,Kent City Migrant Head Start Parenting Talk,E75,Number Adults Engaged
5923,Community Event,2025-08-13,Kent City Migrant Head Start Parenting Talk,E75,Number Adults Engaged
5924,Community Event,2025-08-13,Kent City Migrant Head Start Parenting Talk,E75,Number Adults Engaged
5925,Community Event,2025-08-13,Kent City Migrant Head Start Parenting Talk,E75,Number Adults Engaged
5926,Community Event,2025-08-13,Kent City Migrant Head Start Parenting Talk,E75,Number Adults Engaged
5927,Community Event,2025-08-13,Kent City Migrant Head Start Parenting Talk,E75,Number Adults Engaged
5928,Community Event,2025-08-13,Kent City Migrant Head Start Parenting Talk,E75,Number Adults Engaged
5929,Community Event,2025-08-13,Kent City Migrant Head Start Parenting Talk,E75,Number Adults Engaged
5930,Community Event,2025-08-13,Kent City Migrant Head Start Parenting Talk,E75,Number Adults Engaged
5931,Community Event,2025-08-13,Kent City Migrant Head Start Parenting Talk,E75,Number Adults Engaged
5932,Community Event,2025-08-13,Kent City Migrant Head Start Parenting Talk,E75,Number Adults Engaged
5933,Community Event,2025-08-13,Burton Open House and Orientation,E76,Number Kids Engaged
5934,Community Event,2025-08-13,Burton Open House and Orientation,E76,Number Kids Engaged
5935,Community Event,2025-08-13,Burton Open House and Orientation,E76,Number Kids Engaged
5936,Community Event,2025-08-13,Burton Open House and Orientation,E76,Number Kids Engaged
5937,Community Event,2025-08-13,Burton Open House and Orientation,E76,Number Kids Engaged
5938,Community Event,2025-08-13,Burton Open House and Orientation,E76,Number Kids Engaged
5939,Community Event,2025-08-13,Burton Open House and Orientation,E76,Number Kids Engaged
5940,Community Event,2025-08-13,Burton Open House and Orientation,E76,Number Kids Engaged
5941,Community Event,2025-08-13,Burton Open House and Orientation,E76,Number Kids Engaged
5942,Community Event,2025-08-13,Burton Open House and Orientation,E76,Number Kids Engaged
5943,Community Event,2025-08-13,Burton Open House and Orientation,E76,Number Kids Engaged
5944,Community Event,2025-08-13,Burton Open House and Orientation,E76,Number Kids Engaged
5945,Community Event,2025-08-13,Burton Open House and Orientation,E76,Number Kids Engaged
5946,Community Event,2025-08-13,Burton Open House and Orientation,E76,Number Kids Engaged
5947,Community Event,2025-08-13,Burton Open House and Orientation,E76,Number Kids Engaged
5948,Community Event,2025-08-13,Burton Open House and Orientation,E76,Number Kids Engaged
5949,Community Event,2025-08-13,Burton Open House and Orientation,E76,Number Kids Engaged
5950,Community Event,2025-08-13,Burton Open House and Orientation,E76,Number Kids Engaged
5951,Community Event,2025-08-13,Burton Open House and Orientation,E76,Number Kids Engaged
5952,Community Event,2025-08-13,Burton Open House and Orientation,E76,Number Kids Engaged
5953,Community Event,2025-08-13,Burton Open House and Orientation,E76,Number Kids Engaged
5954,Community Event,2025-08-13,Burton Open House and Orientation,E76,Number Kids Engaged
5955,Community Event,2025-08-13,Burton Open House and Orientation,E76,Number Kids Engaged
5956,Community Event,2025-08-13,Burton Open House and Orientation,E76,Number Kids Engaged
5957,Community Event,2025-08-13,Burton Open House and Orientation,E76,Number Kids Engaged
5958,Community Event,2025-08-13,Burton Open House and Orientation,E76,Number Kids Engaged
5959,Community Event,2025-08-13,Burton Open House and Orientation,E76,Number Kids Engaged
5960,Community Event,2025-08-13,Burton Open House and Orientation,E76,Number Kids Engaged
5961,Community Event,2025-08-13,Burton Open House and Orientation,E76,Number Kids Engaged
5962,Community Event,2025-08-13,Burton Open House and Orientation,E76,Number Kids Engaged
5963,Community Event,2025-08-13,Burton Open House and Orientation,E76,Number Adults Engaged
5964,Community Event,2025-08-13,Burton Open House and Orientation,E76,Number Adults Engaged
5965,Community Event,2025-08-13,Burton Open House and Orientation,E76,Number Adults Engaged
5966,Community Event,2025-08-13,Burton Open House and Orientation,E76,Number Adults Engaged
5967,Community Event,2025-08-13,Burton Open House and Orientation,E76,Number Adults Engaged
5968,Community Event,2025-08-13,Burton Open House and Orientation,E76,Number Adults Engaged
5969,Community Event,2025-08-13,Burton Open House and Orientation,E76,Number Adults Engaged
5970,Community Event,2025-08-13,Burton Open House and Orientation,E76,Number Adults Engaged
5971,Community Event,2025-08-13,Burton Open House and Orientation,E76,Number Adults Engaged
5972,Community Event,2025-08-13,Burton Open House and Orientation,E76,Number Adults Engaged
5973,Community Event,2025-08-13,Burton Open House and Orientation,E76,Number Adults Engaged
5974,Community Event,2025-08-13,Burton Open House and Orientation,E76,Number Adults Engaged
5975,Community Event,2025-08-13,Burton Open House and Orientation,E76,Number Adults Engaged
5976,Community Event,2025-08-13,Burton Open House and Orientation,E76,Number Adults Engaged
5977,Community Event,2025-08-13,Burton Open House and Orientation,E76,Number Adults Engaged
5978,Community Event,2025-08-13,Burton Open House and Orientation,E76,Number Adults Engaged
5979,Partner Tabling,2025-08-13,HELP Pregnancy Aid,E77,Number Kids Engaged
5980,Partner Tabling,2025-08-13,HELP Pregnancy Aid,E77,Number Kids Engaged
5981,Partner Tabling,2025-08-13,HELP Pregnancy Aid,E77,Number Adults Engaged
5982,Partner Tabling,2025-08-13,HELP Pregnancy Aid,E77,Number Adults Engaged
5983,Partner Tabling,2025-08-13,HELP Pregnancy Aid,E77,Number Adults Engaged
5984,Partner Tabling,2025-08-13,HELP Pregnancy Aid,E77,Number Adults Engaged
5985,Partner Tabling,2025-08-13,HELP Pregnancy Aid,E77,Number Adults Engaged
5986,Partner Tabling,2025-08-13,HELP Pregnancy Aid,E77,Number Adults Engaged
5987,Community Event,2025-08-13,Burton Open House and Orientation,E78,Number Kids Engaged
5988,Community Event,2025-08-13,Burton Open House and Orientation,E78,Number Kids Engaged
5989,Community Event,2025-08-13,Burton Open House and Orientation,E78,Number Kids Engaged
5990,Community Event,2025-08-13,Burton Open House and Orientation,E78,Number Kids Engaged
5991,Community Event,2025-08-13,Burton Open House and Orientation,E78,Number Kids Engaged
5992,Community Event,2025-08-13,Burton Open House and Orientation,E78,Number Kids Engaged
5993,Community Event,2025-08-13,Burton Open House and Orientation,E78,Number Kids Engaged
5994,Community Event,2025-08-13,Burton Open House and Orientation,E78,Number Kids Engaged
5995,Community Event,2025-08-13,Burton Open House and Orientation,E78,Number Kids Engaged
5996,Community Event,2025-08-13,Burton Open House and Orientation,E78,Number Kids Engaged
5997,Community Event,2025-08-13,Burton Open House and Orientation,E78,Number Kids Engaged
5998,Community Event,2025-08-13,Burton Open House and Orientation,E78,Number Kids Engaged
5999,Community Event,2025-08-13,Burton Open House and Orientation,E78,Number Kids Engaged
6000,Community Event,2025-08-13,Burton Open House and Orientation,E78,Number Kids Engaged
6001,Community Event,2025-08-13,Burton Open House and Orientation,E78,Number Kids Engaged
6002,Community Event,2025-08-13,Burton Open House and Orientation,E78,Number Kids Engaged
6003,Community Event,2025-08-13,Burton Open House and Orientation,E78,Number Kids Engaged
6004,Community Event,2025-08-13,Burton Open House and Orientation,E78,Number Kids Engaged
6005,Community Event,2025-08-13,Burton Open House and Orientation,E78,Number Kids Engaged
6006,Community Event,2025-08-13,Burton Open House and Orientation,E78,Number Kids Engaged
6007,Community Event,2025-08-13,Burton Open House and Orientation,E78,Number Kids Engaged
6008,Community Event,2025-08-13,Burton Open House and Orientation,E78,Number Kids Engaged
6009,Community Event,2025-08-13,Burton Open House and Orientation,E78,Number Kids Engaged
6010,Community Event,2025-08-13,Burton Open House and Orientation,E78,Number Kids Engaged
6011,Community Event,2025-08-13,Burton Open House and Orientation,E78,Number Kids Engaged
6012,Community Event,2025-08-13,Burton Open House and Orientation,E78,Number Kids Engaged
6013,Community Event,2025-08-13,Burton Open House and Orientation,E78,Number Kids Engaged
6014,Community Event,2025-08-13,Burton Open House and Orientation,E78,Number Kids Engaged
6015,Community Event,2025-08-13,Burton Open House and Orientation,E78,Number Kids Engaged
6016,Community Event,2025-08-13,Burton Open House and Orientation,E78,Number Kids Engaged
6017,Community Event,2025-08-13,Burton Open House and Orientation,E78,Number Adults Engaged
6018,Community Event,2025-08-13,Burton Open House and Orientation,E78,Number Adults Engaged
6019,Community Event,2025-08-13,Burton Open House and Orientation,E78,Number Adults Engaged
6020,Community Event,2025-08-13,Burton Open House and Orientation,E78,Number Adults Engaged
6021,Community Event,2025-08-13,Burton Open House and Orientation,E78,Number Adults Engaged
6022,Community Event,2025-08-13,Burton Open House and Orientation,E78,Number Adults Engaged
6023,Community Event,2025-08-13,Burton Open House and Orientation,E78,Number Adults Engaged
6024,Community Event,2025-08-13,Burton Open House and Orientation,E78,Number Adults Engaged
6025,Community Event,2025-08-13,Burton Open House and Orientation,E78,Number Adults Engaged
6026,Community Event,2025-08-13,Burton Open House and Orientation,E78,Number Adults Engaged
6027,Community Event,2025-08-13,Burton Open House and Orientation,E78,Number Adults Engaged
6028,Community Event,2025-08-13,Burton Open House and Orientation,E78,Number Adults Engaged
6029,Community Event,2025-08-13,Burton Open House and Orientation,E78,Number Adults Engaged
6030,Community Event,2025-08-13,Burton Open House and Orientation,E78,Number Adults Engaged
6031,Community Event,2025-08-13,Burton Open House and Orientation,E78,Number Adults Engaged
6032,Community Event,2025-08-13,Burton Open House and Orientation,E78,Number Adults Engaged
6033,Community Event,2025-08-14,Coit Elementary Orientation,E79,Number Kids Engaged
6034,Community Event,2025-08-14,Coit Elementary Orientation,E79,Number Kids Engaged
6035,Community Event,2025-08-14,Coit Elementary Orientation,E79,Number Kids Engaged
6036,Community Event,2025-08-14,Coit Elementary Orientation,E79,Number Kids Engaged
6037,Community Event,2025-08-14,Coit Elementary Orientation,E79,Number Kids Engaged
6038,Community Event,2025-08-14,Coit Elementary Orientation,E79,Number Kids Engaged
6039,Community Event,2025-08-14,Coit Elementary Orientation,E79,Number Kids Engaged
6040,Community Event,2025-08-14,Coit Elementary Orientation,E79,Number Kids Engaged
6041,Community Event,2025-08-14,Coit Elementary Orientation,E79,Number Kids Engaged
6042,Community Event,2025-08-14,Coit Elementary Orientation,E79,Number Kids Engaged
6043,Community Event,2025-08-14,Coit Elementary Orientation,E79,Number Kids Engaged
6044,Community Event,2025-08-14,Coit Elementary Orientation,E79,Number Kids Engaged
6045,Community Event,2025-08-14,Coit Elementary Orientation,E79,Number Kids Engaged
6046,Community Event,2025-08-14,Coit Elementary Orientation,E79,Number Kids Engaged
6047,Community Event,2025-08-14,Coit Elementary Orientation,E79,Number Kids Engaged
6048,Community Event,2025-08-14,Coit Elementary Orientation,E79,Number Kids Engaged
6049,Community Event,2025-08-14,Coit Elementary Orientation,E79,Number Kids Engaged
6050,Community Event,2025-08-14,Coit Elementary Orientation,E79,Number Kids Engaged
6051,Community Event,2025-08-14,Coit Elementary Orientation,E79,Number Kids Engaged
6052,Community Event,2025-08-14,Coit Elementary Orientation,E79,Number Kids Engaged
6053,Community Event,2025-08-14,Coit Elementary Orientation,E79,Number Kids Engaged
6054,Community Event,2025-08-14,Coit Elementary Orientation,E79,Number Kids Engaged
6055,Community Event,2025-08-14,Coit Elementary Orientation,E79,Number Kids Engaged
6056,Community Event,2025-08-14,Coit Elementary Orientation,E79,Number Kids Engaged
6057,Community Event,2025-08-14,Coit Elementary Orientation,E79,Number Kids Engaged
6058,Community Event,2025-08-14,Coit Elementary Orientation,E79,Number Kids Engaged
6059,Community Event,2025-08-14,Coit Elementary Orientation,E79,Number Kids Engaged
6060,Community Event,2025-08-14,Coit Elementary Orientation,E79,Number Kids Engaged
6061,Community Event,2025-08-14,Coit Elementary Orientation,E79,Number Kids Engaged
6062,Community Event,2025-08-14,Coit Elementary Orientation,E79,Number Kids Engaged
6063,Community Event,2025-08-14,Coit Elementary Orientation,E79,Number Kids Engaged
6064,Community Event,2025-08-14,Coit Elementary Orientation,E79,Number Kids Engaged
6065,Community Event,2025-08-14,Coit Elementary Orientation,E79,Number Kids Engaged
6066,Community Event,2025-08-14,Coit Elementary Orientation,E79,Number Kids Engaged
6067,Community Event,2025-08-14,Coit Elementary Orientation,E79,Number Kids Engaged
6068,Community Event,2025-08-14,Coit Elementary Orientation,E79,Number Kids Engaged
6069,Community Event,2025-08-14,Coit Elementary Orientation,E79,Number Kids Engaged
6070,Community Event,2025-08-14,Coit Elementary Orientation,E79,Number Kids Engaged
6071,Community Event,2025-08-14,Coit Elementary Orientation,E79,Number Kids Engaged
6072,Community Event,2025-08-14,Coit Elementary Orientation,E79,Number Kids Engaged
6073,Community Event,2025-08-14,Coit Elementary Orientation,E79,Number Kids Engaged
6074,Community Event,2025-08-14,Coit Elementary Orientation,E79,Number Kids Engaged
6075,Community Event,2025-08-14,Coit Elementary Orientation,E79,Number Kids Engaged
6076,Community Event,2025-08-14,Coit Elementary Orientation,E79,Number Kids Engaged
6077,Community Event,2025-08-14,Coit Elementary Orientation,E79,Number Kids Engaged
6078,Community Event,2025-08-14,Coit Elementary Orientation,E79,Number Kids Engaged
6079,Community Event,2025-08-14,Coit Elementary Orientation,E79,Number Kids Engaged
6080,Community Event,2025-08-14,Coit Elementary Orientation,E79,Number Kids Engaged
6081,Community Event,2025-08-14,Coit Elementary Orientation,E79,Number Kids Engaged
6082,Community Event,2025-08-14,Coit Elementary Orientation,E79,Number Kids Engaged
6083,Community Event,2025-08-14,Coit Elementary Orientation,E79,Number Kids Engaged
6084,Community Event,2025-08-14,Coit Elementary Orientation,E79,Number Kids Engaged
6085,Community Event,2025-08-14,Coit Elementary Orientation,E79,Number Kids Engaged
6086,Community Event,2025-08-14,Coit Elementary Orientation,E79,Number Kids Engaged
6087,Community Event,2025-08-14,Coit Elementary Orientation,E79,Number Kids Engaged
6088,Community Event,2025-08-14,Coit Elementary Orientation,E79,Number Kids Engaged
6089,Community Event,2025-08-14,Coit Elementary Orientation,E79,Number Kids Engaged
6090,Community Event,2025-08-14,Coit Elementary Orientation,E79,Number Kids Engaged
6091,Community Event,2025-08-14,Coit Elementary Orientation,E79,Number Kids Engaged
6092,Community Event,2025-08-14,Coit Elementary Orientation,E79,Number Kids Engaged
6093,Community Event,2025-08-14,Coit Elementary Orientation,E79,Number Kids Engaged
6094,Community Event,2025-08-14,Coit Elementary Orientation,E79,Number Kids Engaged
6095,Community Event,2025-08-14,Coit Elementary Orientation,E79,Number Kids Engaged
6096,Community Event,2025-08-14,Coit Elementary Orientation,E79,Number Kids Engaged
6097,Community Event,2025-08-14,Coit Elementary Orientation,E79,Number Kids Engaged
6098,Community Event,2025-08-14,Coit Elementary Orientation,E79,Number Kids Engaged
6099,Community Event,2025-08-14,Coit Elementary Orientation,E79,Number Kids Engaged
6100,Community Event,2025-08-14,Coit Elementary Orientation,E79,Number Kids Engaged
6101,Community Event,2025-08-14,Coit Elementary Orientation,E79,Number Adults Engaged
6102,Community Event,2025-08-14,Coit Elementary Orientation,E79,Number Adults Engaged
6103,Community Event,2025-08-14,Coit Elementary Orientation,E79,Number Adults Engaged
6104,Community Event,2025-08-14,Coit Elementary Orientation,E79,Number Adults Engaged
6105,Community Event,2025-08-14,Coit Elementary Orientation,E79,Number Adults Engaged
6106,Community Event,2025-08-14,Coit Elementary Orientation,E79,Number Adults Engaged
6107,Community Event,2025-08-14,Coit Elementary Orientation,E79,Number Adults Engaged
6108,Community Event,2025-08-14,Coit Elementary Orientation,E79,Number Adults Engaged
6109,Community Event,2025-08-14,Coit Elementary Orientation,E79,Number Adults Engaged
6110,Community Event,2025-08-14,Coit Elementary Orientation,E79,Number Adults Engaged
6111,Community Event,2025-08-14,Coit Elementary Orientation,E79,Number Adults Engaged
6112,Community Event,2025-08-14,Coit Elementary Orientation,E79,Number Adults Engaged
6113,Community Event,2025-08-14,Coit Elementary Orientation,E79,Number Adults Engaged
6114,Community Event,2025-08-14,Coit Elementary Orientation,E79,Number Adults Engaged
6115,Community Event,2025-08-14,Coit Elementary Orientation,E79,Number Adults Engaged
6116,Community Event,2025-08-14,Coit Elementary Orientation,E79,Number Adults Engaged
6117,Community Event,2025-08-14,Coit Elementary Orientation,E79,Number Adults Engaged
6118,Community Event,2025-08-14,Coit Elementary Orientation,E79,Number Adults Engaged
6119,Community Event,2025-08-14,Coit Elementary Orientation,E79,Number Adults Engaged
6120,Community Event,2025-08-14,Coit Elementary Orientation,E79,Number Adults Engaged
6121,Community Event,2025-08-14,Coit Elementary Orientation,E79,Number Adults Engaged
6122,Community Event,2025-08-14,Coit Elementary Orientation,E79,Number Adults Engaged
6123,Community Event,2025-08-14,Coit Elementary Orientation,E79,Number Adults Engaged
6124,Community Event,2025-08-14,Coit Elementary Orientation,E79,Number Adults Engaged
6125,Community Event,2025-08-14,Coit Elementary Orientation,E79,Number Adults Engaged
6126,Community Event,2025-08-14,Coit Elementary Orientation,E79,Number Adults Engaged
6127,Community Event,2025-08-14,Coit Elementary Orientation,E79,Number Adults Engaged
6128,Community Event,2025-08-14,Coit Elementary Orientation,E79,Number Adults Engaged
6129,Community Event,2025-08-14,Coit Elementary Orientation,E79,Number Adults Engaged
6130,Community Event,2025-08-14,Coit Elementary Orientation,E79,Number Adults Engaged
6131,Community Event,2025-08-14,Coit Elementary Orientation,E79,Number Adults Engaged
6132,Community Event,2025-08-14,Coit Elementary Orientation,E79,Number Adults Engaged
6133,Community Event,2025-08-14,Coit Elementary Orientation,E79,Number Adults Engaged
6134,Community Event,2025-08-14,Coit Elementary Orientation,E79,Number Adults Engaged
6135,Community Event,2025-08-14,Coit Elementary Orientation,E79,Number Adults Engaged
6136,Community Event,2025-08-14,Coit Elementary Orientation,E79,Number Adults Engaged
6137,Community Event,2025-08-14,Coit Elementary Orientation,E79,Number Adults Engaged
6138,Community Event,2025-08-14,Coit Elementary Orientation,E79,Number Adults Engaged
6139,Community Event,2025-08-14,Coit Elementary Orientation,E79,Number Adults Engaged
6140,Community Event,2025-08-14,Coit Elementary Orientation,E79,Number Adults Engaged
6141,Community Event,2025-08-14,Coit Elementary Orientation,E79,Number Adults Engaged
6142,Community Event,2025-08-14,Coit Elementary Orientation,E79,Number Adults Engaged
6143,Community Event,2025-08-14,Coit Elementary Orientation,E79,Number Adults Engaged
6144,Community Event,2025-08-14,Coit Elementary Orientation,E79,Number Adults Engaged
6145,Community Event,2025-08-14,Coit Elementary Orientation,E79,Number Adults Engaged
6146,Community Event,2025-08-14,Coit Elementary Orientation,E79,Number Adults Engaged
6147,Community Event,2025-08-14,Coit Elementary Orientation,E79,Number Adults Engaged
6148,Community Event,2025-08-14,Coit Elementary Orientation,E79,Number Adults Engaged
6149,Community Event,2025-08-14,Coit Elementary Orientation,E79,Number Adults Engaged
6150,Community Event,2025-08-14,Coit Elementary Orientation,E79,Number Adults Engaged
6151,Community Event,2025-08-14,Coit Elementary Orientation,E79,Number Adults Engaged
6152,Community Event,2025-08-14,Coit Elementary Orientation,E79,Number Adults Engaged
6153,Community Event,2025-08-15,SHOES Program,E80,Number Kids Engaged
6154,Community Event,2025-08-15,SHOES Program,E80,Number Kids Engaged
6155,Community Event,2025-08-15,SHOES Program,E80,Number Kids Engaged
6156,Community Event,2025-08-15,SHOES Program,E80,Number Kids Engaged
6157,Community Event,2025-08-15,SHOES Program,E80,Number Kids Engaged
6158,Community Event,2025-08-15,SHOES Program,E80,Number Kids Engaged
6159,Community Event,2025-08-15,SHOES Program,E80,Number Kids Engaged
6160,Community Event,2025-08-15,SHOES Program,E80,Number Kids Engaged
6161,Community Event,2025-08-15,SHOES Program,E80,Number Kids Engaged
6162,Community Event,2025-08-15,SHOES Program,E80,Number Kids Engaged
6163,Community Event,2025-08-15,SHOES Program,E80,Number Kids Engaged
6164,Community Event,2025-08-15,SHOES Program,E80,Number Kids Engaged
6165,Community Event,2025-08-15,SHOES Program,E80,Number Kids Engaged
6166,Community Event,2025-08-15,SHOES Program,E80,Number Kids Engaged
6167,Community Event,2025-08-15,SHOES Program,E80,Number Kids Engaged
6168,Community Event,2025-08-15,SHOES Program,E80,Number Kids Engaged
6169,Community Event,2025-08-15,SHOES Program,E80,Number Kids Engaged
6170,Community Event,2025-08-15,SHOES Program,E80,Number Kids Engaged
6171,Community Event,2025-08-15,SHOES Program,E80,Number Kids Engaged
6172,Community Event,2025-08-15,SHOES Program,E80,Number Kids Engaged
6173,Community Event,2025-08-15,SHOES Program,E80,Number Kids Engaged
6174,Community Event,2025-08-15,SHOES Program,E80,Number Kids Engaged
6175,Community Event,2025-08-15,SHOES Program,E80,Number Kids Engaged
6176,Community Event,2025-08-15,SHOES Program,E80,Number Kids Engaged
6177,Community Event,2025-08-15,SHOES Program,E80,Number Kids Engaged
6178,Community Event,2025-08-15,SHOES Program,E80,Number Kids Engaged
6179,Community Event,2025-08-15,SHOES Program,E80,Number Kids Engaged
6180,Community Event,2025-08-15,SHOES Program,E80,Number Kids Engaged
6181,Community Event,2025-08-15,SHOES Program,E80,Number Kids Engaged
6182,Community Event,2025-08-15,SHOES Program,E80,Number Kids Engaged
6183,Community Event,2025-08-15,SHOES Program,E80,Number Kids Engaged
6184,Community Event,2025-08-15,SHOES Program,E80,Number Kids Engaged
6185,Community Event,2025-08-15,SHOES Program,E80,Number Kids Engaged
6186,Community Event,2025-08-15,SHOES Program,E80,Number Kids Engaged
6187,Community Event,2025-08-15,SHOES Program,E80,Number Kids Engaged
6188,Community Event,2025-08-15,SHOES Program,E80,Number Kids Engaged
6189,Community Event,2025-08-15,SHOES Program,E80,Number Kids Engaged
6190,Community Event,2025-08-15,SHOES Program,E80,Number Kids Engaged
6191,Community Event,2025-08-15,SHOES Program,E80,Number Kids Engaged
6192,Community Event,2025-08-15,SHOES Program,E80,Number Kids Engaged
6193,Community Event,2025-08-15,SHOES Program,E80,Number Kids Engaged
6194,Community Event,2025-08-15,SHOES Program,E80,Number Kids Engaged
6195,Community Event,2025-08-15,SHOES Program,E80,Number Kids Engaged
6196,Community Event,2025-08-15,SHOES Program,E80,Number Kids Engaged
6197,Community Event,2025-08-15,SHOES Program,E80,Number Kids Engaged
6198,Community Event,2025-08-15,SHOES Program,E80,Number Kids Engaged
6199,Community Event,2025-08-15,SHOES Program,E80,Number Kids Engaged
6200,Community Event,2025-08-15,SHOES Program,E80,Number Kids Engaged
6201,Community Event,2025-08-15,SHOES Program,E80,Number Kids Engaged
6202,Community Event,2025-08-15,SHOES Program,E80,Number Kids Engaged
6203,Community Event,2025-08-15,SHOES Program,E80,Number Kids Engaged
6204,Community Event,2025-08-15,SHOES Program,E80,Number Kids Engaged
6205,Community Event,2025-08-15,SHOES Program,E80,Number Kids Engaged
6206,Community Event,2025-08-15,SHOES Program,E80,Number Kids Engaged
6207,Community Event,2025-08-15,SHOES Program,E80,Number Kids Engaged
6208,Community Event,2025-08-15,SHOES Program,E80,Number Kids Engaged
6209,Community Event,2025-08-15,SHOES Program,E80,Number Kids Engaged
6210,Community Event,2025-08-15,SHOES Program,E80,Number Kids Engaged
6211,Community Event,2025-08-15,SHOES Program,E80,Number Kids Engaged
6212,Community Event,2025-08-15,SHOES Program,E80,Number Kids Engaged
6213,Community Event,2025-08-15,SHOES Program,E80,Number Kids Engaged
6214,Community Event,2025-08-15,SHOES Program,E80,Number Kids Engaged
6215,Community Event,2025-08-15,SHOES Program,E80,Number Kids Engaged
6216,Community Event,2025-08-15,SHOES Program,E80,Number Kids Engaged
6217,Community Event,2025-08-15,SHOES Program,E80,Number Kids Engaged
6218,Community Event,2025-08-15,SHOES Program,E80,Number Kids Engaged
6219,Community Event,2025-08-15,SHOES Program,E80,Number Kids Engaged
6220,Community Event,2025-08-15,SHOES Program,E80,Number Kids Engaged
6221,Community Event,2025-08-15,SHOES Program,E80,Number Kids Engaged
6222,Community Event,2025-08-15,SHOES Program,E80,Number Kids Engaged
6223,Community Event,2025-08-15,SHOES Program,E80,Number Kids Engaged
6224,Community Event,2025-08-15,SHOES Program,E80,Number Kids Engaged
6225,Community Event,2025-08-15,SHOES Program,E80,Number Kids Engaged
6226,Community Event,2025-08-15,SHOES Program,E80,Number Kids Engaged
6227,Community Event,2025-08-15,SHOES Program,E80,Number Kids Engaged
6228,Community Event,2025-08-15,SHOES Program,E80,Number Kids Engaged
6229,Community Event,2025-08-15,SHOES Program,E80,Number Kids Engaged
6230,Community Event,2025-08-15,SHOES Program,E80,Number Kids Engaged
6231,Community Event,2025-08-15,SHOES Program,E80,Number Kids Engaged
6232,Community Event,2025-08-15,SHOES Program,E80,Number Kids Engaged
6233,Community Event,2025-08-15,SHOES Program,E80,Number Kids Engaged
6234,Community Event,2025-08-15,SHOES Program,E80,Number Kids Engaged
6235,Community Event,2025-08-15,SHOES Program,E80,Number Kids Engaged
6236,Community Event,2025-08-15,SHOES Program,E80,Number Kids Engaged
6237,Community Event,2025-08-15,SHOES Program,E80,Number Kids Engaged
6238,Community Event,2025-08-15,SHOES Program,E80,Number Kids Engaged
6239,Community Event,2025-08-15,SHOES Program,E80,Number Kids Engaged
6240,Community Event,2025-08-15,SHOES Program,E80,Number Kids Engaged
6241,Community Event,2025-08-15,SHOES Program,E80,Number Kids Engaged
6242,Community Event,2025-08-15,SHOES Program,E80,Number Kids Engaged
6243,Community Event,2025-08-15,SHOES Program,E80,Number Kids Engaged
6244,Community Event,2025-08-15,SHOES Program,E80,Number Kids Engaged
6245,Community Event,2025-08-15,SHOES Program,E80,Number Kids Engaged
6246,Community Event,2025-08-15,SHOES Program,E80,Number Kids Engaged
6247,Community Event,2025-08-15,SHOES Program,E80,Number Kids Engaged
6248,Community Event,2025-08-15,SHOES Program,E80,Number Kids Engaged
6249,Community Event,2025-08-15,SHOES Program,E80,Number Kids Engaged
6250,Community Event,2025-08-15,SHOES Program,E80,Number Kids Engaged
6251,Community Event,2025-08-15,SHOES Program,E80,Number Kids Engaged
6252,Community Event,2025-08-15,SHOES Program,E80,Number Kids Engaged
6253,Community Event,2025-08-15,SHOES Program,E80,Number Kids Engaged
6254,Community Event,2025-08-15,SHOES Program,E80,Number Kids Engaged
6255,Community Event,2025-08-15,SHOES Program,E80,Number Kids Engaged
6256,Community Event,2025-08-15,SHOES Program,E80,Number Kids Engaged
6257,Community Event,2025-08-15,SHOES Program,E80,Number Kids Engaged
6258,Community Event,2025-08-15,SHOES Program,E80,Number Kids Engaged
6259,Community Event,2025-08-15,SHOES Program,E80,Number Kids Engaged
6260,Community Event,2025-08-15,SHOES Program,E80,Number Kids Engaged
6261,Community Event,2025-08-15,SHOES Program,E80,Number Kids Engaged
6262,Community Event,2025-08-15,SHOES Program,E80,Number Kids Engaged
6263,Community Event,2025-08-15,SHOES Program,E80,Number Kids Engaged
6264,Community Event,2025-08-15,SHOES Program,E80,Number Kids Engaged
6265,Community Event,2025-08-15,SHOES Program,E80,Number Kids Engaged
6266,Community Event,2025-08-15,SHOES Program,E80,Number Kids Engaged
6267,Community Event,2025-08-15,SHOES Program,E80,Number Kids Engaged
6268,Community Event,2025-08-15,SHOES Program,E80,Number Kids Engaged
6269,Community Event,2025-08-15,SHOES Program,E80,Number Kids Engaged
6270,Community Event,2025-08-15,SHOES Program,E80,Number Kids Engaged
6271,Community Event,2025-08-15,SHOES Program,E80,Number Kids Engaged
6272,Community Event,2025-08-15,SHOES Program,E80,Number Kids Engaged
6273,Community Event,2025-08-15,SHOES Program,E80,Number Kids Engaged
6274,Community Event,2025-08-15,SHOES Program,E80,Number Kids Engaged
6275,Community Event,2025-08-15,SHOES Program,E80,Number Kids Engaged
6276,Community Event,2025-08-15,SHOES Program,E80,Number Kids Engaged
6277,Community Event,2025-08-15,SHOES Program,E80,Number Kids Engaged
6278,Community Event,2025-08-15,SHOES Program,E80,Number Kids Engaged
6279,Community Event,2025-08-15,SHOES Program,E80,Number Kids Engaged
6280,Community Event,2025-08-15,SHOES Program,E80,Number Kids Engaged
6281,Community Event,2025-08-15,SHOES Program,E80,Number Kids Engaged
6282,Community Event,2025-08-15,SHOES Program,E80,Number Kids Engaged
6283,Community Event,2025-08-15,SHOES Program,E80,Number Kids Engaged
6284,Community Event,2025-08-15,SHOES Program,E80,Number Kids Engaged
6285,Community Event,2025-08-15,SHOES Program,E80,Number Kids Engaged
6286,Community Event,2025-08-15,SHOES Program,E80,Number Kids Engaged
6287,Community Event,2025-08-15,SHOES Program,E80,Number Kids Engaged
6288,Community Event,2025-08-15,SHOES Program,E80,Number Kids Engaged
6289,Community Event,2025-08-15,SHOES Program,E80,Number Kids Engaged
6290,Community Event,2025-08-15,SHOES Program,E80,Number Kids Engaged
6291,Community Event,2025-08-15,SHOES Program,E80,Number Kids Engaged
6292,Community Event,2025-08-15,SHOES Program,E80,Number Kids Engaged
6293,Community Event,2025-08-15,SHOES Program,E80,Number Kids Engaged
6294,Community Event,2025-08-15,SHOES Program,E80,Number Kids Engaged
6295,Community Event,2025-08-15,SHOES Program,E80,Number Kids Engaged
6296,Community Event,2025-08-15,SHOES Program,E80,Number Kids Engaged
6297,Community Event,2025-08-15,SHOES Program,E80,Number Kids Engaged
6298,Community Event,2025-08-15,SHOES Program,E80,Number Kids Engaged
6299,Community Event,2025-08-15,SHOES Program,E80,Number Kids Engaged
6300,Community Event,2025-08-15,SHOES Program,E80,Number Kids Engaged
6301,Community Event,2025-08-15,SHOES Program,E80,Number Kids Engaged
6302,Community Event,2025-08-15,SHOES Program,E80,Number Kids Engaged
6303,Community Event,2025-08-15,SHOES Program,E80,Number Kids Engaged
6304,Community Event,2025-08-15,SHOES Program,E80,Number Kids Engaged
6305,Community Event,2025-08-15,SHOES Program,E80,Number Kids Engaged
6306,Community Event,2025-08-15,SHOES Program,E80,Number Kids Engaged
6307,Community Event,2025-08-15,SHOES Program,E80,Number Kids Engaged
6308,Community Event,2025-08-15,SHOES Program,E80,Number Kids Engaged
6309,Community Event,2025-08-15,SHOES Program,E80,Number Kids Engaged
6310,Community Event,2025-08-15,SHOES Program,E80,Number Kids Engaged
6311,Community Event,2025-08-15,SHOES Program,E80,Number Kids Engaged
6312,Community Event,2025-08-15,SHOES Program,E80,Number Kids Engaged
6313,Community Event,2025-08-15,SHOES Program,E80,Number Kids Engaged
6314,Community Event,2025-08-15,SHOES Program,E80,Number Kids Engaged
6315,Community Event,2025-08-15,SHOES Program,E80,Number Kids Engaged
6316,Community Event,2025-08-15,SHOES Program,E80,Number Kids Engaged
6317,Community Event,2025-08-15,SHOES Program,E80,Number Kids Engaged
6318,Community Event,2025-08-15,SHOES Program,E80,Number Kids Engaged
6319,Community Event,2025-08-15,SHOES Program,E80,Number Kids Engaged
6320,Community Event,2025-08-15,SHOES Program,E80,Number Kids Engaged
6321,Community Event,2025-08-15,SHOES Program,E80,Number Kids Engaged
6322,Community Event,2025-08-15,SHOES Program,E80,Number Kids Engaged
6323,Community Event,2025-08-15,SHOES Program,E80,Number Kids Engaged
6324,Community Event,2025-08-15,SHOES Program,E80,Number Kids Engaged
6325,Community Event,2025-08-15,SHOES Program,E80,Number Kids Engaged
6326,Community Event,2025-08-15,SHOES Program,E80,Number Kids Engaged
6327,Community Event,2025-08-15,SHOES Program,E80,Number Kids Engaged
6328,Community Event,2025-08-15,SHOES Program,E80,Number Kids Engaged
6329,Community Event,2025-08-15,SHOES Program,E80,Number Kids Engaged
6330,Community Event,2025-08-15,SHOES Program,E80,Number Kids Engaged
6331,Community Event,2025-08-15,SHOES Program,E80,Number Kids Engaged
6332,Community Event,2025-08-15,SHOES Program,E80,Number Kids Engaged
6333,Community Event,2025-08-15,SHOES Program,E80,Number Adults Engaged
6334,Community Event,2025-08-15,SHOES Program,E80,Number Adults Engaged
6335,Community Event,2025-08-15,SHOES Program,E80,Number Adults Engaged
6336,Community Event,2025-08-15,SHOES Program,E80,Number Adults Engaged
6337,Community Event,2025-08-15,SHOES Program,E80,Number Adults Engaged
6338,Community Event,2025-08-15,SHOES Program,E80,Number Adults Engaged
6339,Community Event,2025-08-15,SHOES Program,E80,Number Adults Engaged
6340,Community Event,2025-08-15,SHOES Program,E80,Number Adults Engaged
6341,Community Event,2025-08-15,SHOES Program,E80,Number Adults Engaged
6342,Community Event,2025-08-15,SHOES Program,E80,Number Adults Engaged
6343,Community Event,2025-08-15,SHOES Program,E80,Number Adults Engaged
6344,Community Event,2025-08-15,SHOES Program,E80,Number Adults Engaged
6345,Community Event,2025-08-15,SHOES Program,E80,Number Adults Engaged
6346,Community Event,2025-08-15,SHOES Program,E80,Number Adults Engaged
6347,Community Event,2025-08-15,SHOES Program,E80,Number Adults Engaged
6348,Community Event,2025-08-15,SHOES Program,E80,Number Adults Engaged
6349,Community Event,2025-08-15,SHOES Program,E80,Number Adults Engaged
6350,Community Event,2025-08-15,SHOES Program,E80,Number Adults Engaged
6351,Community Event,2025-08-15,SHOES Program,E80,Number Adults Engaged
6352,Community Event,2025-08-15,SHOES Program,E80,Number Adults Engaged
6353,Community Event,2025-08-15,SHOES Program,E80,Number Adults Engaged
6354,Community Event,2025-08-15,SHOES Program,E80,Number Adults Engaged
6355,Community Event,2025-08-15,SHOES Program,E80,Number Adults Engaged
6356,Community Event,2025-08-15,SHOES Program,E80,Number Adults Engaged
6357,Community Event,2025-08-15,SHOES Program,E80,Number Adults Engaged
6358,Community Event,2025-08-15,SHOES Program,E80,Number Adults Engaged
6359,Community Event,2025-08-15,SHOES Program,E80,Number Adults Engaged
6360,Community Event,2025-08-15,SHOES Program,E80,Number Adults Engaged
6361,Community Event,2025-08-15,SHOES Program,E80,Number Adults Engaged
6362,Community Event,2025-08-15,SHOES Program,E80,Number Adults Engaged
6363,Community Event,2025-08-15,SHOES Program,E80,Number Adults Engaged
6364,Community Event,2025-08-15,SHOES Program,E80,Number Adults Engaged
6365,Community Event,2025-08-15,SHOES Program,E80,Number Adults Engaged
6366,Community Event,2025-08-15,SHOES Program,E80,Number Adults Engaged
6367,Community Event,2025-08-15,SHOES Program,E80,Number Adults Engaged
6368,Community Event,2025-08-15,SHOES Program,E80,Number Adults Engaged
6369,Community Event,2025-08-15,SHOES Program,E80,Number Adults Engaged
6370,Community Event,2025-08-15,SHOES Program,E80,Number Adults Engaged
6371,Community Event,2025-08-15,SHOES Program,E80,Number Adults Engaged
6372,Community Event,2025-08-15,SHOES Program,E80,Number Adults Engaged
6373,Community Event,2025-08-15,SHOES Program,E80,Number Adults Engaged
6374,Community Event,2025-08-15,SHOES Program,E80,Number Adults Engaged
6375,Community Event,2025-08-15,SHOES Program,E80,Number Adults Engaged
6376,Community Event,2025-08-15,SHOES Program,E80,Number Adults Engaged
6377,Community Event,2025-08-15,SHOES Program,E80,Number Adults Engaged
6378,Community Event,2025-08-15,SHOES Program,E80,Number Adults Engaged
6379,Community Event,2025-08-15,SHOES Program,E80,Number Adults Engaged
6380,Community Event,2025-08-15,SHOES Program,E80,Number Adults Engaged
6381,Community Event,2025-08-15,SHOES Program,E80,Number Adults Engaged
6382,Community Event,2025-08-15,SHOES Program,E80,Number Adults Engaged
6383,Community Event,2025-08-15,SHOES Program,E80,Number Adults Engaged
6384,Community Event,2025-08-15,SHOES Program,E80,Number Adults Engaged
6385,Community Event,2025-08-15,SHOES Program,E80,Number Adults Engaged
6386,Community Event,2025-08-15,SHOES Program,E80,Number Adults Engaged
6387,Community Event,2025-08-15,SHOES Program,E80,Number Adults Engaged
6388,Community Event,2025-08-15,SHOES Program,E80,Number Adults Engaged
6389,Community Event,2025-08-15,SHOES Program,E80,Number Adults Engaged
6390,Community Event,2025-08-15,SHOES Program,E80,Number Adults Engaged
6391,Community Event,2025-08-15,SHOES Program,E80,Number Adults Engaged
6392,Community Event,2025-08-15,SHOES Program,E80,Number Adults Engaged
6393,Community Event,2025-08-15,SHOES Program,E80,Number Adults Engaged
6394,Community Event,2025-08-15,SHOES Program,E80,Number Adults Engaged
6395,Community Event,2025-08-15,SHOES Program,E80,Number Adults Engaged
6396,Community Event,2025-08-15,SHOES Program,E80,Number Adults Engaged
6397,Community Event,2025-08-15,SHOES Program,E80,Number Adults Engaged
6398,Community Event,2025-08-15,SHOES Program,E80,Number Adults Engaged
6399,Community Event,2025-08-15,SHOES Program,E80,Number Adults Engaged
6400,Community Event,2025-08-15,SHOES Program,E80,Number Adults Engaged
6401,Community Event,2025-08-15,SHOES Program,E80,Number Adults Engaged
6402,Community Event,2025-08-15,SHOES Program,E80,Number Adults Engaged
6403,Community Event,2025-08-15,SHOES Program,E80,Number Adults Engaged
6404,Community Event,2025-08-15,SHOES Program,E80,Number Adults Engaged
6405,Community Event,2025-08-15,SHOES Program,E80,Number Adults Engaged
6406,Community Event,2025-08-15,SHOES Program,E80,Number Adults Engaged
6407,Community Event,2025-08-15,SHOES Program,E80,Number Adults Engaged
6408,Community Event,2025-08-15,SHOES Program,E80,Number Adults Engaged
6409,Community Event,2025-08-15,SHOES Program,E80,Number Adults Engaged
6410,Community Event,2025-08-15,SHOES Program,E80,Number Adults Engaged
6411,Community Event,2025-08-15,SHOES Program,E80,Number Adults Engaged
6412,Community Event,2025-08-15,SHOES Program,E80,Number Adults Engaged
6413,Community Event,2025-08-15,SHOES Program,E80,Number Adults Engaged
6414,Community Event,2025-08-15,SHOES Program,E80,Number Adults Engaged
6415,Community Event,2025-08-15,SHOES Program,E80,Number Adults Engaged
6416,Community Event,2025-08-15,SHOES Program,E80,Number Adults Engaged
6417,Community Event,2025-08-15,SHOES Program,E80,Number Adults Engaged
6418,Community Event,2025-08-15,SHOES Program,E80,Number Adults Engaged
6419,Community Event,2025-08-15,SHOES Program,E80,Number Adults Engaged
6420,Community Event,2025-08-15,SHOES Program,E80,Number Adults Engaged
6421,Community Event,2025-08-15,SHOES Program,E80,Number Adults Engaged
6422,Community Event,2025-08-15,SHOES Program,E80,Number Adults Engaged
6423,Community Event,2025-08-15,SHOES Program,E80,Number Adults Engaged
6424,Community Event,2025-08-15,SHOES Program,E80,Number Adults Engaged
6425,Community Event,2025-08-15,SHOES Program,E80,Number Adults Engaged
6426,Community Event,2025-08-15,SHOES Program,E80,Number Adults Engaged
6427,Community Event,2025-08-15,SHOES Program,E80,Number Adults Engaged
6428,Community Event,2025-08-15,SHOES Program,E80,Number Adults Engaged
6429,Community Event,2025-08-15,SHOES Program,E80,Number Adults Engaged
6430,Community Event,2025-08-15,SHOES Program,E80,Number Adults Engaged
6431,Community Event,2025-08-15,SHOES Program,E80,Number Adults Engaged
6432,Community Event,2025-08-15,SHOES Program,E80,Number Adults Engaged
6433,Community Event,2025-08-15,SHOES Program,E80,Number Adults Engaged
6434,Community Event,2025-08-15,Family Fiesta,E81,Number Kids Engaged
6435,Community Event,2025-08-15,Family Fiesta,E81,Number Kids Engaged
6436,Community Event,2025-08-15,Family Fiesta,E81,Number Kids Engaged
6437,Community Event,2025-08-15,Family Fiesta,E81,Number Kids Engaged
6438,Community Event,2025-08-15,Family Fiesta,E81,Number Kids Engaged
6439,Community Event,2025-08-15,Family Fiesta,E81,Number Kids Engaged
6440,Community Event,2025-08-15,Family Fiesta,E81,Number Kids Engaged
6441,Community Event,2025-08-15,Family Fiesta,E81,Number Kids Engaged
6442,Community Event,2025-08-15,Family Fiesta,E81,Number Kids Engaged
6443,Community Event,2025-08-15,Family Fiesta,E81,Number Kids Engaged
6444,Community Event,2025-08-15,Family Fiesta,E81,Number Kids Engaged
6445,Community Event,2025-08-15,Family Fiesta,E81,Number Kids Engaged
6446,Community Event,2025-08-15,Family Fiesta,E81,Number Kids Engaged
6447,Community Event,2025-08-15,Family Fiesta,E81,Number Kids Engaged
6448,Community Event,2025-08-15,Family Fiesta,E81,Number Kids Engaged
6449,Community Event,2025-08-15,Family Fiesta,E81,Number Kids Engaged
6450,Community Event,2025-08-15,Family Fiesta,E81,Number Kids Engaged
6451,Community Event,2025-08-15,Family Fiesta,E81,Number Kids Engaged
6452,Community Event,2025-08-15,Family Fiesta,E81,Number Kids Engaged
6453,Community Event,2025-08-15,Family Fiesta,E81,Number Kids Engaged
6454,Community Event,2025-08-15,Family Fiesta,E81,Number Kids Engaged
6455,Community Event,2025-08-15,Family Fiesta,E81,Number Kids Engaged
6456,Community Event,2025-08-15,Family Fiesta,E81,Number Kids Engaged
6457,Community Event,2025-08-15,Family Fiesta,E81,Number Kids Engaged
6458,Community Event,2025-08-15,Family Fiesta,E81,Number Kids Engaged
6459,Community Event,2025-08-15,Family Fiesta,E81,Number Kids Engaged
6460,Community Event,2025-08-15,Family Fiesta,E81,Number Kids Engaged
6461,Community Event,2025-08-15,Family Fiesta,E81,Number Kids Engaged
6462,Community Event,2025-08-15,Family Fiesta,E81,Number Kids Engaged
6463,Community Event,2025-08-15,Family Fiesta,E81,Number Kids Engaged
6464,Community Event,2025-08-15,Family Fiesta,E81,Number Kids Engaged
6465,Community Event,2025-08-15,Family Fiesta,E81,Number Kids Engaged
6466,Community Event,2025-08-15,Family Fiesta,E81,Number Kids Engaged
6467,Community Event,2025-08-15,Family Fiesta,E81,Number Kids Engaged
6468,Community Event,2025-08-15,Family Fiesta,E81,Number Kids Engaged
6469,Community Event,2025-08-15,Family Fiesta,E81,Number Kids Engaged
6470,Community Event,2025-08-15,Family Fiesta,E81,Number Kids Engaged
6471,Community Event,2025-08-15,Family Fiesta,E81,Number Kids Engaged
6472,Community Event,2025-08-15,Family Fiesta,E81,Number Kids Engaged
6473,Community Event,2025-08-15,Family Fiesta,E81,Number Kids Engaged
6474,Community Event,2025-08-15,Family Fiesta,E81,Number Kids Engaged
6475,Community Event,2025-08-15,Family Fiesta,E81,Number Kids Engaged
6476,Community Event,2025-08-15,Family Fiesta,E81,Number Kids Engaged
6477,Community Event,2025-08-15,Family Fiesta,E81,Number Kids Engaged
6478,Community Event,2025-08-15,Family Fiesta,E81,Number Kids Engaged
6479,Community Event,2025-08-15,Family Fiesta,E81,Number Kids Engaged
6480,Community Event,2025-08-15,Family Fiesta,E81,Number Kids Engaged
6481,Community Event,2025-08-15,Family Fiesta,E81,Number Kids Engaged
6482,Community Event,2025-08-15,Family Fiesta,E81,Number Kids Engaged
6483,Community Event,2025-08-15,Family Fiesta,E81,Number Kids Engaged
6484,Community Event,2025-08-15,Family Fiesta,E81,Number Kids Engaged
6485,Community Event,2025-08-15,Family Fiesta,E81,Number Kids Engaged
6486,Community Event,2025-08-15,Family Fiesta,E81,Number Adults Engaged
6487,Community Event,2025-08-15,Family Fiesta,E81,Number Adults Engaged
6488,Community Event,2025-08-15,Family Fiesta,E81,Number Adults Engaged
6489,Community Event,2025-08-15,Family Fiesta,E81,Number Adults Engaged
6490,Community Event,2025-08-15,Family Fiesta,E81,Number Adults Engaged
6491,Community Event,2025-08-15,Family Fiesta,E81,Number Adults Engaged
6492,Community Event,2025-08-15,Family Fiesta,E81,Number Adults Engaged
6493,Community Event,2025-08-15,Family Fiesta,E81,Number Adults Engaged
6494,Community Event,2025-08-15,Family Fiesta,E81,Number Adults Engaged
6495,Community Event,2025-08-15,Family Fiesta,E81,Number Adults Engaged
6496,Community Event,2025-08-15,Family Fiesta,E81,Number Adults Engaged
6497,Community Event,2025-08-15,Family Fiesta,E81,Number Adults Engaged
6498,Community Event,2025-08-15,Family Fiesta,E81,Number Adults Engaged
6499,Community Event,2025-08-15,Family Fiesta,E81,Number Adults Engaged
6500,Community Event,2025-08-15,Family Fiesta,E81,Number Adults Engaged
6501,Community Event,2025-08-15,Family Fiesta,E81,Number Adults Engaged
6502,Community Event,2025-08-15,Family Fiesta,E81,Number Adults Engaged
6503,Community Event,2025-08-15,Family Fiesta,E81,Number Adults Engaged
6504,Community Event,2025-08-15,Family Fiesta,E81,Number Adults Engaged
6505,Community Event,2025-08-15,Family Fiesta,E81,Number Adults Engaged
6506,Community Event,2025-08-15,Family Fiesta,E81,Number Adults Engaged
6507,Community Event,2025-08-15,Family Fiesta,E81,Number Adults Engaged
6508,Community Event,2025-08-15,Family Fiesta,E81,Number Adults Engaged
6509,Community Event,2025-08-15,Family Fiesta,E81,Number Adults Engaged
6510,Community Event,2025-08-15,Family Fiesta,E81,Number Adults Engaged
6511,Community Event,2025-08-15,Family Fiesta,E81,Number Adults Engaged
6512,Community Event,2025-08-15,Family Fiesta,E81,Number Adults Engaged
6513,Community Event,2025-08-15,Family Fiesta,E81,Number Adults Engaged
6514,Community Event,2025-08-15,Family Fiesta,E81,Number Adults Engaged
6515,Community Event,2025-08-15,Family Fiesta,E81,Number Adults Engaged
6516,Community Event,2025-08-15,Family Fiesta,E81,Number Adults Engaged
6517,Community Event,2025-08-15,Family Fiesta,E81,Number Adults Engaged
6518,Community Event,2025-08-15,Family Fiesta,E81,Number Adults Engaged
6519,Community Event,2025-08-15,Family Fiesta,E81,Number Adults Engaged
6520,Community Event,2025-08-15,Family Fiesta,E81,Number Adults Engaged
6521,Community Event,2025-08-15,Family Fiesta,E81,Number Adults Engaged
6522,Community Event,2025-08-15,Family Fiesta,E81,Number Adults Engaged
6523,Community Event,2025-08-15,Family Fiesta,E81,Number Adults Engaged
6524,Community Event,2025-08-15,Family Fiesta,E81,Number Adults Engaged
6525,Community Event,2025-08-15,Family Fiesta,E81,Number Adults Engaged
6526,Community Event,2025-08-15,Family Fiesta,E81,Number Adults Engaged
6527,Community Event,2025-08-15,Family Fiesta,E81,Number Adults Engaged
6528,Community Event,2025-08-15,Family Fiesta,E81,Number Adults Engaged
6529,Community Event,2025-08-15,Family Fiesta,E81,Number Adults Engaged
6530,Community Event,2025-08-15,Family Fiesta,E81,Number Adults Engaged
6531,Community Event,2025-08-15,Family Fiesta,E81,Number Adults Engaged
6532,Community Event,2025-08-15,Family Fiesta,E81,Number Adults Engaged
6533,Community Event,2025-08-15,Family Fiesta,E81,Number Adults Engaged
6534,Community Event,2025-08-15,Family Fiesta,E81,Number Adults Engaged
6535,Community Event,2025-08-15,Family Fiesta,E81,Number Adults Engaged
6536,Community Event,2025-08-15,Family Fiesta,E81,Number Adults Engaged
6537,Community Event,2025-08-15,Family Fiesta,E81,Number Adults Engaged
6538,Community Event,2025-08-15,Family Fiesta,E81,Number Adults Engaged
6539,Community Event,2025-08-15,Family Fiesta,E81,Number Adults Engaged
6540,Community Event,2025-08-15,Family Fiesta,E81,Number Adults Engaged
6541,Community Event,2025-08-15,Family Fiesta,E81,Number Adults Engaged
6542,Community Event,2025-08-15,Family Fiesta,E81,Number Adults Engaged
6543,Community Event,2025-08-15,Family Fiesta,E81,Number Adults Engaged
6544,Community Event,2025-08-15,Family Fiesta,E81,Number Adults Engaged
6545,Community Event,2025-08-15,Family Fiesta,E81,Number Adults Engaged
6546,Community Event,2025-08-15,SHOES Program,E82,Number Kids Engaged
6547,Community Event,2025-08-15,SHOES Program,E82,Number Kids Engaged
6548,Community Event,2025-08-15,SHOES Program,E82,Number Kids Engaged
6549,Community Event,2025-08-15,SHOES Program,E82,Number Kids Engaged
6550,Community Event,2025-08-15,SHOES Program,E82,Number Kids Engaged
6551,Community Event,2025-08-15,SHOES Program,E82,Number Kids Engaged
6552,Community Event,2025-08-15,SHOES Program,E82,Number Kids Engaged
6553,Community Event,2025-08-15,SHOES Program,E82,Number Kids Engaged
6554,Community Event,2025-08-15,SHOES Program,E82,Number Kids Engaged
6555,Community Event,2025-08-15,SHOES Program,E82,Number Kids Engaged
6556,Community Event,2025-08-15,SHOES Program,E82,Number Kids Engaged
6557,Community Event,2025-08-15,SHOES Program,E82,Number Kids Engaged
6558,Community Event,2025-08-15,SHOES Program,E82,Number Kids Engaged
6559,Community Event,2025-08-15,SHOES Program,E82,Number Kids Engaged
6560,Community Event,2025-08-15,SHOES Program,E82,Number Kids Engaged
6561,Community Event,2025-08-15,SHOES Program,E82,Number Kids Engaged
6562,Community Event,2025-08-15,SHOES Program,E82,Number Kids Engaged
6563,Community Event,2025-08-15,SHOES Program,E82,Number Kids Engaged
6564,Community Event,2025-08-15,SHOES Program,E82,Number Kids Engaged
6565,Community Event,2025-08-15,SHOES Program,E82,Number Kids Engaged
6566,Community Event,2025-08-15,SHOES Program,E82,Number Kids Engaged
6567,Community Event,2025-08-15,SHOES Program,E82,Number Kids Engaged
6568,Community Event,2025-08-15,SHOES Program,E82,Number Kids Engaged
6569,Community Event,2025-08-15,SHOES Program,E82,Number Kids Engaged
6570,Community Event,2025-08-15,SHOES Program,E82,Number Kids Engaged
6571,Community Event,2025-08-15,SHOES Program,E82,Number Kids Engaged
6572,Community Event,2025-08-15,SHOES Program,E82,Number Kids Engaged
6573,Community Event,2025-08-15,SHOES Program,E82,Number Kids Engaged
6574,Community Event,2025-08-15,SHOES Program,E82,Number Kids Engaged
6575,Community Event,2025-08-15,SHOES Program,E82,Number Kids Engaged
6576,Community Event,2025-08-15,SHOES Program,E82,Number Kids Engaged
6577,Community Event,2025-08-15,SHOES Program,E82,Number Kids Engaged
6578,Community Event,2025-08-15,SHOES Program,E82,Number Kids Engaged
6579,Community Event,2025-08-15,SHOES Program,E82,Number Kids Engaged
6580,Community Event,2025-08-15,SHOES Program,E82,Number Kids Engaged
6581,Community Event,2025-08-15,SHOES Program,E82,Number Kids Engaged
6582,Community Event,2025-08-15,SHOES Program,E82,Number Kids Engaged
6583,Community Event,2025-08-15,SHOES Program,E82,Number Kids Engaged
6584,Community Event,2025-08-15,SHOES Program,E82,Number Kids Engaged
6585,Community Event,2025-08-15,SHOES Program,E82,Number Kids Engaged
6586,Community Event,2025-08-15,SHOES Program,E82,Number Kids Engaged
6587,Community Event,2025-08-15,SHOES Program,E82,Number Kids Engaged
6588,Community Event,2025-08-15,SHOES Program,E82,Number Kids Engaged
6589,Community Event,2025-08-15,SHOES Program,E82,Number Kids Engaged
6590,Community Event,2025-08-15,SHOES Program,E82,Number Kids Engaged
6591,Community Event,2025-08-15,SHOES Program,E82,Number Kids Engaged
6592,Community Event,2025-08-15,SHOES Program,E82,Number Kids Engaged
6593,Community Event,2025-08-15,SHOES Program,E82,Number Kids Engaged
6594,Community Event,2025-08-15,SHOES Program,E82,Number Kids Engaged
6595,Community Event,2025-08-15,SHOES Program,E82,Number Kids Engaged
6596,Community Event,2025-08-15,SHOES Program,E82,Number Kids Engaged
6597,Community Event,2025-08-15,SHOES Program,E82,Number Kids Engaged
6598,Community Event,2025-08-15,SHOES Program,E82,Number Kids Engaged
6599,Community Event,2025-08-15,SHOES Program,E82,Number Kids Engaged
6600,Community Event,2025-08-15,SHOES Program,E82,Number Kids Engaged
6601,Community Event,2025-08-15,SHOES Program,E82,Number Kids Engaged
6602,Community Event,2025-08-15,SHOES Program,E82,Number Kids Engaged
6603,Community Event,2025-08-15,SHOES Program,E82,Number Kids Engaged
6604,Community Event,2025-08-15,SHOES Program,E82,Number Kids Engaged
6605,Community Event,2025-08-15,SHOES Program,E82,Number Kids Engaged
6606,Community Event,2025-08-15,SHOES Program,E82,Number Kids Engaged
6607,Community Event,2025-08-15,SHOES Program,E82,Number Kids Engaged
6608,Community Event,2025-08-15,SHOES Program,E82,Number Kids Engaged
6609,Community Event,2025-08-15,SHOES Program,E82,Number Kids Engaged
6610,Community Event,2025-08-15,SHOES Program,E82,Number Kids Engaged
6611,Community Event,2025-08-15,SHOES Program,E82,Number Kids Engaged
6612,Community Event,2025-08-15,SHOES Program,E82,Number Kids Engaged
6613,Community Event,2025-08-15,SHOES Program,E82,Number Kids Engaged
6614,Community Event,2025-08-15,SHOES Program,E82,Number Kids Engaged
6615,Community Event,2025-08-15,SHOES Program,E82,Number Kids Engaged
6616,Community Event,2025-08-15,SHOES Program,E82,Number Kids Engaged
6617,Community Event,2025-08-15,SHOES Program,E82,Number Kids Engaged
6618,Community Event,2025-08-15,SHOES Program,E82,Number Kids Engaged
6619,Community Event,2025-08-15,SHOES Program,E82,Number Kids Engaged
6620,Community Event,2025-08-15,SHOES Program,E82,Number Kids Engaged
6621,Community Event,2025-08-15,SHOES Program,E82,Number Kids Engaged
6622,Community Event,2025-08-15,SHOES Program,E82,Number Kids Engaged
6623,Community Event,2025-08-15,SHOES Program,E82,Number Kids Engaged
6624,Community Event,2025-08-15,SHOES Program,E82,Number Kids Engaged
6625,Community Event,2025-08-15,SHOES Program,E82,Number Kids Engaged
6626,Community Event,2025-08-15,SHOES Program,E82,Number Kids Engaged
6627,Community Event,2025-08-15,SHOES Program,E82,Number Kids Engaged
6628,Community Event,2025-08-15,SHOES Program,E82,Number Kids Engaged
6629,Community Event,2025-08-15,SHOES Program,E82,Number Kids Engaged
6630,Community Event,2025-08-15,SHOES Program,E82,Number Kids Engaged
6631,Community Event,2025-08-15,SHOES Program,E82,Number Kids Engaged
6632,Community Event,2025-08-15,SHOES Program,E82,Number Kids Engaged
6633,Community Event,2025-08-15,SHOES Program,E82,Number Kids Engaged
6634,Community Event,2025-08-15,SHOES Program,E82,Number Kids Engaged
6635,Community Event,2025-08-15,SHOES Program,E82,Number Kids Engaged
6636,Community Event,2025-08-15,SHOES Program,E82,Number Kids Engaged
6637,Community Event,2025-08-15,SHOES Program,E82,Number Kids Engaged
6638,Community Event,2025-08-15,SHOES Program,E82,Number Kids Engaged
6639,Community Event,2025-08-15,SHOES Program,E82,Number Kids Engaged
6640,Community Event,2025-08-15,SHOES Program,E82,Number Kids Engaged
6641,Community Event,2025-08-15,SHOES Program,E82,Number Kids Engaged
6642,Community Event,2025-08-15,SHOES Program,E82,Number Kids Engaged
6643,Community Event,2025-08-15,SHOES Program,E82,Number Kids Engaged
6644,Community Event,2025-08-15,SHOES Program,E82,Number Kids Engaged
6645,Community Event,2025-08-15,SHOES Program,E82,Number Kids Engaged
6646,Community Event,2025-08-15,SHOES Program,E82,Number Kids Engaged
6647,Community Event,2025-08-15,SHOES Program,E82,Number Kids Engaged
6648,Community Event,2025-08-15,SHOES Program,E82,Number Kids Engaged
6649,Community Event,2025-08-15,SHOES Program,E82,Number Kids Engaged
6650,Community Event,2025-08-15,SHOES Program,E82,Number Kids Engaged
6651,Community Event,2025-08-15,SHOES Program,E82,Number Kids Engaged
6652,Community Event,2025-08-15,SHOES Program,E82,Number Kids Engaged
6653,Community Event,2025-08-15,SHOES Program,E82,Number Kids Engaged
6654,Community Event,2025-08-15,SHOES Program,E82,Number Kids Engaged
6655,Community Event,2025-08-15,SHOES Program,E82,Number Kids Engaged
6656,Community Event,2025-08-15,SHOES Program,E82,Number Kids Engaged
6657,Community Event,2025-08-15,SHOES Program,E82,Number Kids Engaged
6658,Community Event,2025-08-15,SHOES Program,E82,Number Kids Engaged
6659,Community Event,2025-08-15,SHOES Program,E82,Number Kids Engaged
6660,Community Event,2025-08-15,SHOES Program,E82,Number Kids Engaged
6661,Community Event,2025-08-15,SHOES Program,E82,Number Kids Engaged
6662,Community Event,2025-08-15,SHOES Program,E82,Number Kids Engaged
6663,Community Event,2025-08-15,SHOES Program,E82,Number Kids Engaged
6664,Community Event,2025-08-15,SHOES Program,E82,Number Kids Engaged
6665,Community Event,2025-08-15,SHOES Program,E82,Number Kids Engaged
6666,Community Event,2025-08-15,SHOES Program,E82,Number Kids Engaged
6667,Community Event,2025-08-15,SHOES Program,E82,Number Kids Engaged
6668,Community Event,2025-08-15,SHOES Program,E82,Number Kids Engaged
6669,Community Event,2025-08-15,SHOES Program,E82,Number Kids Engaged
6670,Community Event,2025-08-15,SHOES Program,E82,Number Kids Engaged
6671,Community Event,2025-08-15,SHOES Program,E82,Number Kids Engaged
6672,Community Event,2025-08-15,SHOES Program,E82,Number Kids Engaged
6673,Community Event,2025-08-15,SHOES Program,E82,Number Kids Engaged
6674,Community Event,2025-08-15,SHOES Program,E82,Number Kids Engaged
6675,Community Event,2025-08-15,SHOES Program,E82,Number Kids Engaged
6676,Community Event,2025-08-15,SHOES Program,E82,Number Kids Engaged
6677,Community Event,2025-08-15,SHOES Program,E82,Number Kids Engaged
6678,Community Event,2025-08-15,SHOES Program,E82,Number Kids Engaged
6679,Community Event,2025-08-15,SHOES Program,E82,Number Kids Engaged
6680,Community Event,2025-08-15,SHOES Program,E82,Number Kids Engaged
6681,Community Event,2025-08-15,SHOES Program,E82,Number Kids Engaged
6682,Community Event,2025-08-15,SHOES Program,E82,Number Kids Engaged
6683,Community Event,2025-08-15,SHOES Program,E82,Number Kids Engaged
6684,Community Event,2025-08-15,SHOES Program,E82,Number Kids Engaged
6685,Community Event,2025-08-15,SHOES Program,E82,Number Kids Engaged
6686,Community Event,2025-08-15,SHOES Program,E82,Number Kids Engaged
6687,Community Event,2025-08-15,SHOES Program,E82,Number Kids Engaged
6688,Community Event,2025-08-15,SHOES Program,E82,Number Kids Engaged
6689,Community Event,2025-08-15,SHOES Program,E82,Number Kids Engaged
6690,Community Event,2025-08-15,SHOES Program,E82,Number Kids Engaged
6691,Community Event,2025-08-15,SHOES Program,E82,Number Kids Engaged
6692,Community Event,2025-08-15,SHOES Program,E82,Number Kids Engaged
6693,Community Event,2025-08-15,SHOES Program,E82,Number Kids Engaged
6694,Community Event,2025-08-15,SHOES Program,E82,Number Kids Engaged
6695,Community Event,2025-08-15,SHOES Program,E82,Number Kids Engaged
6696,Community Event,2025-08-15,SHOES Program,E82,Number Kids Engaged
6697,Community Event,2025-08-15,SHOES Program,E82,Number Kids Engaged
6698,Community Event,2025-08-15,SHOES Program,E82,Number Kids Engaged
6699,Community Event,2025-08-15,SHOES Program,E82,Number Kids Engaged
6700,Community Event,2025-08-15,SHOES Program,E82,Number Kids Engaged
6701,Community Event,2025-08-15,SHOES Program,E82,Number Kids Engaged
6702,Community Event,2025-08-15,SHOES Program,E82,Number Kids Engaged
6703,Community Event,2025-08-15,SHOES Program,E82,Number Kids Engaged
6704,Community Event,2025-08-15,SHOES Program,E82,Number Kids Engaged
6705,Community Event,2025-08-15,SHOES Program,E82,Number Kids Engaged
6706,Community Event,2025-08-15,SHOES Program,E82,Number Kids Engaged
6707,Community Event,2025-08-15,SHOES Program,E82,Number Kids Engaged
6708,Community Event,2025-08-15,SHOES Program,E82,Number Kids Engaged
6709,Community Event,2025-08-15,SHOES Program,E82,Number Kids Engaged
6710,Community Event,2025-08-15,SHOES Program,E82,Number Kids Engaged
6711,Community Event,2025-08-15,SHOES Program,E82,Number Kids Engaged
6712,Community Event,2025-08-15,SHOES Program,E82,Number Kids Engaged
6713,Community Event,2025-08-15,SHOES Program,E82,Number Kids Engaged
6714,Community Event,2025-08-15,SHOES Program,E82,Number Kids Engaged
6715,Community Event,2025-08-15,SHOES Program,E82,Number Kids Engaged
6716,Community Event,2025-08-15,SHOES Program,E82,Number Kids Engaged
6717,Community Event,2025-08-15,SHOES Program,E82,Number Kids Engaged
6718,Community Event,2025-08-15,SHOES Program,E82,Number Kids Engaged
6719,Community Event,2025-08-15,SHOES Program,E82,Number Kids Engaged
6720,Community Event,2025-08-15,SHOES Program,E82,Number Kids Engaged
6721,Community Event,2025-08-15,SHOES Program,E82,Number Kids Engaged
6722,Community Event,2025-08-15,SHOES Program,E82,Number Kids Engaged
6723,Community Event,2025-08-15,SHOES Program,E82,Number Kids Engaged
6724,Community Event,2025-08-15,SHOES Program,E82,Number Kids Engaged
6725,Community Event,2025-08-15,SHOES Program,E82,Number Kids Engaged
6726,Community Event,2025-08-15,SHOES Program,E82,Number Kids Engaged
6727,Community Event,2025-08-15,SHOES Program,E82,Number Kids Engaged
6728,Community Event,2025-08-15,SHOES Program,E82,Number Kids Engaged
6729,Community Event,2025-08-15,SHOES Program,E82,Number Kids Engaged
6730,Community Event,2025-08-15,SHOES Program,E82,Number Kids Engaged
6731,Community Event,2025-08-15,SHOES Program,E82,Number Kids Engaged
6732,Community Event,2025-08-15,SHOES Program,E82,Number Kids Engaged
6733,Community Event,2025-08-15,SHOES Program,E82,Number Kids Engaged
6734,Community Event,2025-08-15,SHOES Program,E82,Number Kids Engaged
6735,Community Event,2025-08-15,SHOES Program,E82,Number Kids Engaged
6736,Community Event,2025-08-15,SHOES Program,E82,Number Kids Engaged
6737,Community Event,2025-08-15,SHOES Program,E82,Number Kids Engaged
6738,Community Event,2025-08-15,SHOES Program,E82,Number Kids Engaged
6739,Community Event,2025-08-15,SHOES Program,E82,Number Kids Engaged
6740,Community Event,2025-08-15,SHOES Program,E82,Number Kids Engaged
6741,Community Event,2025-08-15,SHOES Program,E82,Number Kids Engaged
6742,Community Event,2025-08-15,SHOES Program,E82,Number Kids Engaged
6743,Community Event,2025-08-15,SHOES Program,E82,Number Kids Engaged
6744,Community Event,2025-08-15,SHOES Program,E82,Number Kids Engaged
6745,Community Event,2025-08-15,SHOES Program,E82,Number Kids Engaged
6746,Community Event,2025-08-15,SHOES Program,E82,Number Kids Engaged
6747,Community Event,2025-08-15,SHOES Program,E82,Number Kids Engaged
6748,Community Event,2025-08-15,SHOES Program,E82,Number Kids Engaged
6749,Community Event,2025-08-15,SHOES Program,E82,Number Kids Engaged
6750,Community Event,2025-08-15,SHOES Program,E82,Number Kids Engaged
6751,Community Event,2025-08-15,SHOES Program,E82,Number Kids Engaged
6752,Community Event,2025-08-15,SHOES Program,E82,Number Kids Engaged
6753,Community Event,2025-08-15,SHOES Program,E82,Number Kids Engaged
6754,Community Event,2025-08-15,SHOES Program,E82,Number Kids Engaged
6755,Community Event,2025-08-15,SHOES Program,E82,Number Kids Engaged
6756,Community Event,2025-08-15,SHOES Program,E82,Number Kids Engaged
6757,Community Event,2025-08-15,SHOES Program,E82,Number Kids Engaged
6758,Community Event,2025-08-15,SHOES Program,E82,Number Kids Engaged
6759,Community Event,2025-08-15,SHOES Program,E82,Number Kids Engaged
6760,Community Event,2025-08-15,SHOES Program,E82,Number Kids Engaged
6761,Community Event,2025-08-15,SHOES Program,E82,Number Kids Engaged
6762,Community Event,2025-08-15,SHOES Program,E82,Number Kids Engaged
6763,Community Event,2025-08-15,SHOES Program,E82,Number Kids Engaged
6764,Community Event,2025-08-15,SHOES Program,E82,Number Kids Engaged
6765,Community Event,2025-08-15,SHOES Program,E82,Number Kids Engaged
6766,Community Event,2025-08-15,SHOES Program,E82,Number Kids Engaged
6767,Community Event,2025-08-15,SHOES Program,E82,Number Kids Engaged
6768,Community Event,2025-08-15,SHOES Program,E82,Number Kids Engaged
6769,Community Event,2025-08-15,SHOES Program,E82,Number Kids Engaged
6770,Community Event,2025-08-15,SHOES Program,E82,Number Kids Engaged
6771,Community Event,2025-08-15,SHOES Program,E82,Number Kids Engaged
6772,Community Event,2025-08-15,SHOES Program,E82,Number Kids Engaged
6773,Community Event,2025-08-15,SHOES Program,E82,Number Kids Engaged
6774,Community Event,2025-08-15,SHOES Program,E82,Number Kids Engaged
6775,Community Event,2025-08-15,SHOES Program,E82,Number Kids Engaged
6776,Community Event,2025-08-15,SHOES Program,E82,Number Kids Engaged
6777,Community Event,2025-08-15,SHOES Program,E82,Number Kids Engaged
6778,Community Event,2025-08-15,SHOES Program,E82,Number Kids Engaged
6779,Community Event,2025-08-15,SHOES Program,E82,Number Kids Engaged
6780,Community Event,2025-08-15,SHOES Program,E82,Number Kids Engaged
6781,Community Event,2025-08-15,SHOES Program,E82,Number Kids Engaged
6782,Community Event,2025-08-15,SHOES Program,E82,Number Kids Engaged
6783,Community Event,2025-08-15,SHOES Program,E82,Number Kids Engaged
6784,Community Event,2025-08-15,SHOES Program,E82,Number Kids Engaged
6785,Community Event,2025-08-15,SHOES Program,E82,Number Kids Engaged
6786,Community Event,2025-08-15,SHOES Program,E82,Number Kids Engaged
6787,Community Event,2025-08-15,SHOES Program,E82,Number Kids Engaged
6788,Community Event,2025-08-15,SHOES Program,E82,Number Kids Engaged
6789,Community Event,2025-08-15,SHOES Program,E82,Number Kids Engaged
6790,Community Event,2025-08-15,SHOES Program,E82,Number Kids Engaged
6791,Community Event,2025-08-15,SHOES Program,E82,Number Kids Engaged
6792,Community Event,2025-08-15,SHOES Program,E82,Number Kids Engaged
6793,Community Event,2025-08-15,SHOES Program,E82,Number Kids Engaged
6794,Community Event,2025-08-15,SHOES Program,E82,Number Kids Engaged
6795,Community Event,2025-08-15,SHOES Program,E82,Number Kids Engaged
6796,Community Event,2025-08-15,SHOES Program,E82,Number Kids Engaged
6797,Community Event,2025-08-15,SHOES Program,E82,Number Kids Engaged
6798,Community Event,2025-08-15,SHOES Program,E82,Number Kids Engaged
6799,Community Event,2025-08-15,SHOES Program,E82,Number Kids Engaged
6800,Community Event,2025-08-15,SHOES Program,E82,Number Kids Engaged
6801,Community Event,2025-08-15,SHOES Program,E82,Number Kids Engaged
6802,Community Event,2025-08-15,SHOES Program,E82,Number Kids Engaged
6803,Community Event,2025-08-15,SHOES Program,E82,Number Kids Engaged
6804,Community Event,2025-08-15,SHOES Program,E82,Number Kids Engaged
6805,Community Event,2025-08-15,SHOES Program,E82,Number Kids Engaged
6806,Community Event,2025-08-15,SHOES Program,E82,Number Kids Engaged
6807,Community Event,2025-08-15,SHOES Program,E82,Number Kids Engaged
6808,Community Event,2025-08-15,SHOES Program,E82,Number Kids Engaged
6809,Community Event,2025-08-15,SHOES Program,E82,Number Kids Engaged
6810,Community Event,2025-08-15,SHOES Program,E82,Number Kids Engaged
6811,Community Event,2025-08-15,SHOES Program,E82,Number Kids Engaged
6812,Community Event,2025-08-15,SHOES Program,E82,Number Kids Engaged
6813,Community Event,2025-08-15,SHOES Program,E82,Number Kids Engaged
6814,Community Event,2025-08-15,SHOES Program,E82,Number Kids Engaged
6815,Community Event,2025-08-15,SHOES Program,E82,Number Kids Engaged
6816,Community Event,2025-08-15,SHOES Program,E82,Number Kids Engaged
6817,Community Event,2025-08-15,SHOES Program,E82,Number Kids Engaged
6818,Community Event,2025-08-15,SHOES Program,E82,Number Kids Engaged
6819,Community Event,2025-08-15,SHOES Program,E82,Number Kids Engaged
6820,Community Event,2025-08-15,SHOES Program,E82,Number Kids Engaged
6821,Community Event,2025-08-15,SHOES Program,E82,Number Kids Engaged
6822,Community Event,2025-08-15,SHOES Program,E82,Number Kids Engaged
6823,Community Event,2025-08-15,SHOES Program,E82,Number Kids Engaged
6824,Community Event,2025-08-15,SHOES Program,E82,Number Kids Engaged
6825,Community Event,2025-08-15,SHOES Program,E82,Number Kids Engaged
6826,Community Event,2025-08-15,SHOES Program,E82,Number Kids Engaged
6827,Community Event,2025-08-15,SHOES Program,E82,Number Kids Engaged
6828,Community Event,2025-08-15,SHOES Program,E82,Number Kids Engaged
6829,Community Event,2025-08-15,SHOES Program,E82,Number Kids Engaged
6830,Community Event,2025-08-15,SHOES Program,E82,Number Kids Engaged
6831,Community Event,2025-08-15,SHOES Program,E82,Number Kids Engaged
6832,Community Event,2025-08-15,SHOES Program,E82,Number Kids Engaged
6833,Community Event,2025-08-15,SHOES Program,E82,Number Kids Engaged
6834,Community Event,2025-08-15,SHOES Program,E82,Number Kids Engaged
6835,Community Event,2025-08-15,SHOES Program,E82,Number Kids Engaged
6836,Community Event,2025-08-15,SHOES Program,E82,Number Kids Engaged
6837,Community Event,2025-08-15,SHOES Program,E82,Number Kids Engaged
6838,Community Event,2025-08-15,SHOES Program,E82,Number Kids Engaged
6839,Community Event,2025-08-15,SHOES Program,E82,Number Kids Engaged
6840,Community Event,2025-08-15,SHOES Program,E82,Number Kids Engaged
6841,Community Event,2025-08-15,SHOES Program,E82,Number Kids Engaged
6842,Community Event,2025-08-15,SHOES Program,E82,Number Kids Engaged
6843,Community Event,2025-08-15,SHOES Program,E82,Number Kids Engaged
6844,Community Event,2025-08-15,SHOES Program,E82,Number Kids Engaged
6845,Community Event,2025-08-15,SHOES Program,E82,Number Kids Engaged
6846,Community Event,2025-08-15,SHOES Program,E82,Number Kids Engaged
6847,Community Event,2025-08-15,SHOES Program,E82,Number Kids Engaged
6848,Community Event,2025-08-15,SHOES Program,E82,Number Kids Engaged
6849,Community Event,2025-08-15,SHOES Program,E82,Number Kids Engaged
6850,Community Event,2025-08-15,SHOES Program,E82,Number Kids Engaged
6851,Community Event,2025-08-15,SHOES Program,E82,Number Kids Engaged
6852,Community Event,2025-08-15,SHOES Program,E82,Number Kids Engaged
6853,Community Event,2025-08-15,SHOES Program,E82,Number Kids Engaged
6854,Community Event,2025-08-15,SHOES Program,E82,Number Kids Engaged
6855,Community Event,2025-08-15,SHOES Program,E82,Number Kids Engaged
6856,Community Event,2025-08-15,SHOES Program,E82,Number Kids Engaged
6857,Community Event,2025-08-15,SHOES Program,E82,Number Kids Engaged
6858,Community Event,2025-08-15,SHOES Program,E82,Number Kids Engaged
6859,Community Event,2025-08-15,SHOES Program,E82,Number Kids Engaged
6860,Community Event,2025-08-15,SHOES Program,E82,Number Kids Engaged
6861,Community Event,2025-08-15,SHOES Program,E82,Number Kids Engaged
6862,Community Event,2025-08-15,SHOES Program,E82,Number Kids Engaged
6863,Community Event,2025-08-15,SHOES Program,E82,Number Kids Engaged
6864,Community Event,2025-08-15,SHOES Program,E82,Number Kids Engaged
6865,Community Event,2025-08-15,SHOES Program,E82,Number Kids Engaged
6866,Community Event,2025-08-15,SHOES Program,E82,Number Kids Engaged
6867,Community Event,2025-08-15,SHOES Program,E82,Number Kids Engaged
6868,Community Event,2025-08-15,SHOES Program,E82,Number Kids Engaged
6869,Community Event,2025-08-15,SHOES Program,E82,Number Kids Engaged
6870,Community Event,2025-08-15,SHOES Program,E82,Number Kids Engaged
6871,Community Event,2025-08-15,SHOES Program,E82,Number Kids Engaged
6872,Community Event,2025-08-15,SHOES Program,E82,Number Kids Engaged
6873,Community Event,2025-08-15,SHOES Program,E82,Number Kids Engaged
6874,Community Event,2025-08-15,SHOES Program,E82,Number Kids Engaged
6875,Community Event,2025-08-15,SHOES Program,E82,Number Kids Engaged
6876,Community Event,2025-08-15,SHOES Program,E82,Number Kids Engaged
6877,Community Event,2025-08-15,SHOES Program,E82,Number Kids Engaged
6878,Community Event,2025-08-15,SHOES Program,E82,Number Kids Engaged
6879,Community Event,2025-08-15,SHOES Program,E82,Number Kids Engaged
6880,Community Event,2025-08-15,SHOES Program,E82,Number Kids Engaged
6881,Community Event,2025-08-15,SHOES Program,E82,Number Kids Engaged
6882,Community Event,2025-08-15,SHOES Program,E82,Number Kids Engaged
6883,Community Event,2025-08-15,SHOES Program,E82,Number Kids Engaged
6884,Community Event,2025-08-15,SHOES Program,E82,Number Kids Engaged
6885,Community Event,2025-08-15,SHOES Program,E82,Number Kids Engaged
6886,Community Event,2025-08-15,SHOES Program,E82,Number Kids Engaged
6887,Community Event,2025-08-15,SHOES Program,E82,Number Kids Engaged
6888,Community Event,2025-08-15,SHOES Program,E82,Number Adults Engaged
6889,Community Event,2025-08-15,SHOES Program,E82,Number Adults Engaged
6890,Community Event,2025-08-15,SHOES Program,E82,Number Adults Engaged
6891,Community Event,2025-08-15,SHOES Program,E82,Number Adults Engaged
6892,Community Event,2025-08-15,SHOES Program,E82,Number Adults Engaged
6893,Community Event,2025-08-15,SHOES Program,E82,Number Adults Engaged
6894,Community Event,2025-08-15,SHOES Program,E82,Number Adults Engaged
6895,Community Event,2025-08-15,SHOES Program,E82,Number Adults Engaged
6896,Community Event,2025-08-15,SHOES Program,E82,Number Adults Engaged
6897,Community Event,2025-08-15,SHOES Program,E82,Number Adults Engaged
6898,Community Event,2025-08-15,SHOES Program,E82,Number Adults Engaged
6899,Community Event,2025-08-15,SHOES Program,E82,Number Adults Engaged
6900,Community Event,2025-08-15,SHOES Program,E82,Number Adults Engaged
6901,Community Event,2025-08-15,SHOES Program,E82,Number Adults Engaged
6902,Community Event,2025-08-15,SHOES Program,E82,Number Adults Engaged
6903,Community Event,2025-08-15,SHOES Program,E82,Number Adults Engaged
6904,Community Event,2025-08-15,SHOES Program,E82,Number Adults Engaged
6905,Community Event,2025-08-15,SHOES Program,E82,Number Adults Engaged
6906,Community Event,2025-08-15,SHOES Program,E82,Number Adults Engaged
6907,Community Event,2025-08-15,SHOES Program,E82,Number Adults Engaged
6908,Community Event,2025-08-15,SHOES Program,E82,Number Adults Engaged
6909,Community Event,2025-08-15,SHOES Program,E82,Number Adults Engaged
6910,Community Event,2025-08-15,SHOES Program,E82,Number Adults Engaged
6911,Community Event,2025-08-15,SHOES Program,E82,Number Adults Engaged
6912,Community Event,2025-08-15,SHOES Program,E82,Number Adults Engaged
6913,Community Event,2025-08-15,SHOES Program,E82,Number Adults Engaged
6914,Community Event,2025-08-15,SHOES Program,E82,Number Adults Engaged
6915,Community Event,2025-08-15,SHOES Program,E82,Number Adults Engaged
6916,Community Event,2025-08-15,SHOES Program,E82,Number Adults Engaged
6917,Community Event,2025-08-15,SHOES Program,E82,Number Adults Engaged
6918,Community Event,2025-08-15,SHOES Program,E82,Number Adults Engaged
6919,Community Event,2025-08-15,SHOES Program,E82,Number Adults Engaged
6920,Community Event,2025-08-15,SHOES Program,E82,Number Adults Engaged
6921,Community Event,2025-08-15,SHOES Program,E82,Number Adults Engaged
6922,Community Event,2025-08-15,SHOES Program,E82,Number Adults Engaged
6923,Community Event,2025-08-15,SHOES Program,E82,Number Adults Engaged
6924,Community Event,2025-08-15,SHOES Program,E82,Number Adults Engaged
6925,Community Event,2025-08-15,SHOES Program,E82,Number Adults Engaged
6926,Community Event,2025-08-15,SHOES Program,E82,Number Adults Engaged
6927,Community Event,2025-08-15,SHOES Program,E82,Number Adults Engaged
6928,Community Event,2025-08-15,SHOES Program,E82,Number Adults Engaged
6929,Community Event,2025-08-15,SHOES Program,E82,Number Adults Engaged
6930,Community Event,2025-08-15,SHOES Program,E82,Number Adults Engaged
6931,Community Event,2025-08-15,SHOES Program,E82,Number Adults Engaged
6932,Community Event,2025-08-15,SHOES Program,E82,Number Adults Engaged
6933,Community Event,2025-08-15,SHOES Program,E82,Number Adults Engaged
6934,Community Event,2025-08-15,SHOES Program,E82,Number Adults Engaged
6935,Community Event,2025-08-15,SHOES Program,E82,Number Adults Engaged
6936,Community Event,2025-08-15,SHOES Program,E82,Number Adults Engaged
6937,Community Event,2025-08-15,SHOES Program,E82,Number Adults Engaged
6938,Community Event,2025-08-15,SHOES Program,E82,Number Adults Engaged
6939,Community Event,2025-08-15,SHOES Program,E82,Number Adults Engaged
6940,Community Event,2025-08-15,SHOES Program,E82,Number Adults Engaged
6941,Community Event,2025-08-15,SHOES Program,E82,Number Adults Engaged
6942,Community Event,2025-08-15,SHOES Program,E82,Number Adults Engaged
6943,Community Event,2025-08-15,SHOES Program,E82,Number Adults Engaged
6944,Community Event,2025-08-15,SHOES Program,E82,Number Adults Engaged
6945,Community Event,2025-08-15,SHOES Program,E82,Number Adults Engaged
6946,Community Event,2025-08-15,SHOES Program,E82,Number Adults Engaged
6947,Community Event,2025-08-15,SHOES Program,E82,Number Adults Engaged
6948,Community Event,2025-08-15,SHOES Program,E82,Number Adults Engaged
6949,Community Event,2025-08-15,SHOES Program,E82,Number Adults Engaged
6950,Community Event,2025-08-15,SHOES Program,E82,Number Adults Engaged
6951,Community Event,2025-08-15,SHOES Program,E82,Number Adults Engaged
6952,Community Event,2025-08-15,SHOES Program,E82,Number Adults Engaged
6953,Community Event,2025-08-15,SHOES Program,E82,Number Adults Engaged
6954,Community Event,2025-08-15,SHOES Program,E82,Number Adults Engaged
6955,Community Event,2025-08-15,SHOES Program,E82,Number Adults Engaged
6956,Community Event,2025-08-15,SHOES Program,E82,Number Adults Engaged
6957,Community Event,2025-08-15,SHOES Program,E82,Number Adults Engaged
6958,Community Event,2025-08-15,SHOES Program,E82,Number Adults Engaged
6959,Community Event,2025-08-15,SHOES Program,E82,Number Adults Engaged
6960,Community Event,2025-08-15,SHOES Program,E82,Number Adults Engaged
6961,Community Event,2025-08-15,SHOES Program,E82,Number Adults Engaged
6962,Community Event,2025-08-15,SHOES Program,E82,Number Adults Engaged
6963,Community Event,2025-08-15,SHOES Program,E82,Number Adults Engaged
6964,Community Event,2025-08-15,SHOES Program,E82,Number Adults Engaged
6965,Community Event,2025-08-15,SHOES Program,E82,Number Adults Engaged
6966,Community Event,2025-08-15,SHOES Program,E82,Number Adults Engaged
6967,Community Event,2025-08-15,SHOES Program,E82,Number Adults Engaged
6968,Community Event,2025-08-15,SHOES Program,E82,Number Adults Engaged
6969,Community Event,2025-08-15,SHOES Program,E82,Number Adults Engaged
6970,Community Event,2025-08-15,SHOES Program,E82,Number Adults Engaged
6971,Community Event,2025-08-15,SHOES Program,E82,Number Adults Engaged
6972,Community Event,2025-08-15,SHOES Program,E82,Number Adults Engaged
6973,Community Event,2025-08-15,SHOES Program,E82,Number Adults Engaged
6974,Community Event,2025-08-15,SHOES Program,E82,Number Adults Engaged
6975,Community Event,2025-08-15,SHOES Program,E82,Number Adults Engaged
6976,Community Event,2025-08-15,SHOES Program,E82,Number Adults Engaged
6977,Community Event,2025-08-15,SHOES Program,E82,Number Adults Engaged
6978,Community Event,2025-08-15,SHOES Program,E82,Number Adults Engaged
6979,Community Event,2025-08-15,SHOES Program,E82,Number Adults Engaged
6980,Community Event,2025-08-15,SHOES Program,E82,Number Adults Engaged
6981,Community Event,2025-08-15,SHOES Program,E82,Number Adults Engaged
6982,Community Event,2025-08-15,SHOES Program,E82,Number Adults Engaged
6983,Community Event,2025-08-15,SHOES Program,E82,Number Adults Engaged
6984,Community Event,2025-08-15,SHOES Program,E82,Number Adults Engaged
6985,Community Event,2025-08-15,SHOES Program,E82,Number Adults Engaged
6986,Community Event,2025-08-15,SHOES Program,E82,Number Adults Engaged
6987,Community Event,2025-08-15,SHOES Program,E82,Number Adults Engaged
6988,Community Event,2025-08-15,SHOES Program,E82,Number Adults Engaged
6989,Community Event,2025-08-15,SHOES Program,E82,Number Adults Engaged
6990,Community Event,2025-08-15,SHOES Program,E82,Number Adults Engaged
6991,Community Event,2025-08-15,SHOES Program,E82,Number Adults Engaged
6992,Community Event,2025-08-15,SHOES Program,E82,Number Adults Engaged
6993,Community Event,2025-08-15,SHOES Program,E82,Number Adults Engaged
6994,Community Event,2025-08-15,SHOES Program,E82,Number Adults Engaged
6995,Community Event,2025-08-15,SHOES Program,E82,Number Adults Engaged
6996,Community Event,2025-08-15,SHOES Program,E82,Number Adults Engaged
6997,Community Event,2025-08-15,SHOES Program,E82,Number Adults Engaged
6998,Community Event,2025-08-15,SHOES Program,E82,Number Adults Engaged
6999,Community Event,2025-08-15,SHOES Program,E82,Number Adults Engaged
7000,Community Event,2025-08-15,SHOES Program,E82,Number Adults Engaged
7001,Community Event,2025-08-15,SHOES Program,E82,Number Adults Engaged
7002,Community Event,2025-08-15,SHOES Program,E82,Number Adults Engaged
7003,Community Event,2025-08-15,SHOES Program,E82,Number Adults Engaged
7004,Community Event,2025-08-15,SHOES Program,E82,Number Adults Engaged
7005,Community Event,2025-08-15,SHOES Program,E82,Number Adults Engaged
7006,Community Event,2025-08-15,SHOES Program,E82,Number Adults Engaged
7007,Community Event,2025-08-15,SHOES Program,E82,Number Adults Engaged
7008,Community Event,2025-08-15,SHOES Program,E82,Number Adults Engaged
7009,Community Event,2025-08-15,SHOES Program,E82,Number Adults Engaged
7010,Community Event,2025-08-15,SHOES Program,E82,Number Adults Engaged
7011,Community Event,2025-08-15,SHOES Program,E82,Number Adults Engaged
7012,Community Event,2025-08-15,SHOES Program,E82,Number Adults Engaged
7013,Community Event,2025-08-15,SHOES Program,E82,Number Adults Engaged
7014,Community Event,2025-08-15,SHOES Program,E82,Number Adults Engaged
7015,Community Event,2025-08-15,SHOES Program,E82,Number Adults Engaged
7016,Community Event,2025-08-15,SHOES Program,E82,Number Adults Engaged
7017,Community Event,2025-08-15,SHOES Program,E82,Number Adults Engaged
7018,Community Event,2025-08-15,SHOES Program,E82,Number Adults Engaged
7019,Community Event,2025-08-15,SHOES Program,E82,Number Adults Engaged
7020,Community Event,2025-08-15,SHOES Program,E82,Number Adults Engaged
7021,Community Event,2025-08-15,SHOES Program,E82,Number Adults Engaged
7022,Community Event,2025-08-15,SHOES Program,E82,Number Adults Engaged
7023,Community Event,2025-08-15,SHOES Program,E82,Number Adults Engaged
7024,Community Event,2025-08-15,SHOES Program,E82,Number Adults Engaged
7025,Community Event,2025-08-15,SHOES Program,E82,Number Adults Engaged
7026,Community Event,2025-08-15,SHOES Program,E82,Number Adults Engaged
7027,Community Event,2025-08-15,SHOES Program,E82,Number Adults Engaged
7028,Community Event,2025-08-15,SHOES Program,E82,Number Adults Engaged
7029,Community Event,2025-08-15,SHOES Program,E82,Number Adults Engaged
7030,Community Event,2025-08-15,SHOES Program,E82,Number Adults Engaged
7031,Community Event,2025-08-15,SHOES Program,E82,Number Adults Engaged
7032,Community Event,2025-08-15,SHOES Program,E82,Number Adults Engaged
7033,Community Event,2025-08-15,SHOES Program,E82,Number Adults Engaged
7034,Community Event,2025-08-15,SHOES Program,E82,Number Adults Engaged
7035,Community Event,2025-08-15,SHOES Program,E82,Number Adults Engaged
7036,Community Event,2025-08-15,SHOES Program,E82,Number Adults Engaged
7037,Community Event,2025-08-15,SHOES Program,E82,Number Adults Engaged
7038,Community Event,2025-08-15,SHOES Program,E82,Number Adults Engaged
7039,Community Event,2025-08-15,SHOES Program,E82,Number Adults Engaged
7040,Community Event,2025-08-15,SHOES Program,E82,Number Adults Engaged
7041,Community Event,2025-08-15,SHOES Program,E82,Number Adults Engaged
7042,Community Event,2025-08-15,SHOES Program,E82,Number Adults Engaged
7043,Community Event,2025-08-15,SHOES Program,E82,Number Adults Engaged
7044,Community Event,2025-08-15,SHOES Program,E82,Number Adults Engaged
7045,Community Event,2025-08-15,SHOES Program,E82,Number Adults Engaged
7046,Community Event,2025-08-15,SHOES Program,E82,Number Adults Engaged
7047,Community Event,2025-08-15,SHOES Program,E82,Number Adults Engaged
7048,Community Event,2025-08-15,SHOES Program,E82,Number Adults Engaged
7049,Community Event,2025-08-15,SHOES Program,E82,Number Adults Engaged
7050,Community Event,2025-08-15,SHOES Program,E82,Number Adults Engaged
7051,Community Event,2025-08-15,SHOES Program,E82,Number Adults Engaged
7052,Community Event,2025-08-15,SHOES Program,E82,Number Adults Engaged
7053,Community Event,2025-08-15,SHOES Program,E82,Number Adults Engaged
7054,Community Event,2025-08-15,SHOES Program,E82,Number Adults Engaged
7055,Community Event,2025-08-15,SHOES Program,E82,Number Adults Engaged
7056,Community Event,2025-08-15,SHOES Program,E82,Number Adults Engaged
7057,Community Event,2025-08-15,SHOES Program,E82,Number Adults Engaged
7058,Community Event,2025-08-15,SHOES Program,E82,Number Adults Engaged
7059,Community Event,2025-08-15,SHOES Program,E82,Number Adults Engaged
7060,Community Event,2025-08-15,SHOES Program,E82,Number Adults Engaged
7061,Community Event,2025-08-15,SHOES Program,E82,Number Adults Engaged
7062,Community Event,2025-08-15,SHOES Program,E82,Number Adults Engaged
7063,Community Event,2025-08-15,SHOES Program,E82,Number Adults Engaged
7064,Community Event,2025-08-15,SHOES Program,E82,Number Adults Engaged
7065,Community Event,2025-08-15,SHOES Program,E82,Number Adults Engaged
7066,Community Event,2025-08-15,SHOES Program,E82,Number Adults Engaged
7067,Community Event,2025-08-15,SHOES Program,E82,Number Adults Engaged
7068,Community Event,2025-08-15,SHOES Program,E82,Number Adults Engaged
7069,Community Event,2025-08-15,SHOES Program,E82,Number Adults Engaged
7070,Community Event,2025-08-15,SHOES Program,E82,Number Adults Engaged
7071,Community Event,2025-08-15,SHOES Program,E82,Number Adults Engaged
7072,Community Event,2025-08-15,SHOES Program,E82,Number Adults Engaged
7073,Community Event,2025-08-15,SHOES Program,E82,Number Adults Engaged
7074,Community Event,2025-08-15,SHOES Program,E82,Number Adults Engaged
7075,Community Event,2025-08-15,SHOES Program,E82,Number Adults Engaged
7076,Community Event,2025-08-15,SHOES Program,E82,Number Adults Engaged
7077,Community Event,2025-08-15,SHOES Program,E83,Number Kids Engaged
7078,Community Event,2025-08-15,SHOES Program,E83,Number Kids Engaged
7079,Community Event,2025-08-15,SHOES Program,E83,Number Kids Engaged
7080,Community Event,2025-08-15,SHOES Program,E83,Number Kids Engaged
7081,Community Event,2025-08-15,SHOES Program,E83,Number Kids Engaged
7082,Community Event,2025-08-15,SHOES Program,E83,Number Kids Engaged
7083,Community Event,2025-08-15,SHOES Program,E83,Number Kids Engaged
7084,Community Event,2025-08-15,SHOES Program,E83,Number Kids Engaged
7085,Community Event,2025-08-15,SHOES Program,E83,Number Kids Engaged
7086,Community Event,2025-08-15,SHOES Program,E83,Number Kids Engaged
7087,Community Event,2025-08-15,SHOES Program,E83,Number Kids Engaged
7088,Community Event,2025-08-15,SHOES Program,E83,Number Kids Engaged
7089,Community Event,2025-08-15,SHOES Program,E83,Number Kids Engaged
7090,Community Event,2025-08-15,SHOES Program,E83,Number Kids Engaged
7091,Community Event,2025-08-15,SHOES Program,E83,Number Kids Engaged
7092,Community Event,2025-08-15,SHOES Program,E83,Number Kids Engaged
7093,Community Event,2025-08-15,SHOES Program,E83,Number Kids Engaged
7094,Community Event,2025-08-15,SHOES Program,E83,Number Kids Engaged
7095,Community Event,2025-08-15,SHOES Program,E83,Number Kids Engaged
7096,Community Event,2025-08-15,SHOES Program,E83,Number Kids Engaged
7097,Community Event,2025-08-15,SHOES Program,E83,Number Kids Engaged
7098,Community Event,2025-08-15,SHOES Program,E83,Number Kids Engaged
7099,Community Event,2025-08-15,SHOES Program,E83,Number Kids Engaged
7100,Community Event,2025-08-15,SHOES Program,E83,Number Kids Engaged
7101,Community Event,2025-08-15,SHOES Program,E83,Number Kids Engaged
7102,Community Event,2025-08-15,SHOES Program,E83,Number Kids Engaged
7103,Community Event,2025-08-15,SHOES Program,E83,Number Kids Engaged
7104,Community Event,2025-08-15,SHOES Program,E83,Number Kids Engaged
7105,Community Event,2025-08-15,SHOES Program,E83,Number Kids Engaged
7106,Community Event,2025-08-15,SHOES Program,E83,Number Kids Engaged
7107,Community Event,2025-08-15,SHOES Program,E83,Number Kids Engaged
7108,Community Event,2025-08-15,SHOES Program,E83,Number Kids Engaged
7109,Community Event,2025-08-15,SHOES Program,E83,Number Kids Engaged
7110,Community Event,2025-08-15,SHOES Program,E83,Number Kids Engaged
7111,Community Event,2025-08-15,SHOES Program,E83,Number Kids Engaged
7112,Community Event,2025-08-15,SHOES Program,E83,Number Kids Engaged
7113,Community Event,2025-08-15,SHOES Program,E83,Number Kids Engaged
7114,Community Event,2025-08-15,SHOES Program,E83,Number Kids Engaged
7115,Community Event,2025-08-15,SHOES Program,E83,Number Kids Engaged
7116,Community Event,2025-08-15,SHOES Program,E83,Number Kids Engaged
7117,Community Event,2025-08-15,SHOES Program,E83,Number Kids Engaged
7118,Community Event,2025-08-15,SHOES Program,E83,Number Kids Engaged
7119,Community Event,2025-08-15,SHOES Program,E83,Number Kids Engaged
7120,Community Event,2025-08-15,SHOES Program,E83,Number Kids Engaged
7121,Community Event,2025-08-15,SHOES Program,E83,Number Kids Engaged
7122,Community Event,2025-08-15,SHOES Program,E83,Number Kids Engaged
7123,Community Event,2025-08-15,SHOES Program,E83,Number Kids Engaged
7124,Community Event,2025-08-15,SHOES Program,E83,Number Kids Engaged
7125,Community Event,2025-08-15,SHOES Program,E83,Number Kids Engaged
7126,Community Event,2025-08-15,SHOES Program,E83,Number Kids Engaged
7127,Community Event,2025-08-15,SHOES Program,E83,Number Kids Engaged
7128,Community Event,2025-08-15,SHOES Program,E83,Number Kids Engaged
7129,Community Event,2025-08-15,SHOES Program,E83,Number Kids Engaged
7130,Community Event,2025-08-15,SHOES Program,E83,Number Kids Engaged
7131,Community Event,2025-08-15,SHOES Program,E83,Number Kids Engaged
7132,Community Event,2025-08-15,SHOES Program,E83,Number Kids Engaged
7133,Community Event,2025-08-15,SHOES Program,E83,Number Kids Engaged
7134,Community Event,2025-08-15,SHOES Program,E83,Number Kids Engaged
7135,Community Event,2025-08-15,SHOES Program,E83,Number Kids Engaged
7136,Community Event,2025-08-15,SHOES Program,E83,Number Kids Engaged
7137,Community Event,2025-08-15,SHOES Program,E83,Number Kids Engaged
7138,Community Event,2025-08-15,SHOES Program,E83,Number Kids Engaged
7139,Community Event,2025-08-15,SHOES Program,E83,Number Kids Engaged
7140,Community Event,2025-08-15,SHOES Program,E83,Number Kids Engaged
7141,Community Event,2025-08-15,SHOES Program,E83,Number Kids Engaged
7142,Community Event,2025-08-15,SHOES Program,E83,Number Kids Engaged
7143,Community Event,2025-08-15,SHOES Program,E83,Number Kids Engaged
7144,Community Event,2025-08-15,SHOES Program,E83,Number Kids Engaged
7145,Community Event,2025-08-15,SHOES Program,E83,Number Kids Engaged
7146,Community Event,2025-08-15,SHOES Program,E83,Number Kids Engaged
7147,Community Event,2025-08-15,SHOES Program,E83,Number Kids Engaged
7148,Community Event,2025-08-15,SHOES Program,E83,Number Kids Engaged
7149,Community Event,2025-08-15,SHOES Program,E83,Number Kids Engaged
7150,Community Event,2025-08-15,SHOES Program,E83,Number Kids Engaged
7151,Community Event,2025-08-15,SHOES Program,E83,Number Kids Engaged
7152,Community Event,2025-08-15,SHOES Program,E83,Number Kids Engaged
7153,Community Event,2025-08-15,SHOES Program,E83,Number Kids Engaged
7154,Community Event,2025-08-15,SHOES Program,E83,Number Kids Engaged
7155,Community Event,2025-08-15,SHOES Program,E83,Number Kids Engaged
7156,Community Event,2025-08-15,SHOES Program,E83,Number Kids Engaged
7157,Community Event,2025-08-15,SHOES Program,E83,Number Kids Engaged
7158,Community Event,2025-08-15,SHOES Program,E83,Number Kids Engaged
7159,Community Event,2025-08-15,SHOES Program,E83,Number Kids Engaged
7160,Community Event,2025-08-15,SHOES Program,E83,Number Kids Engaged
7161,Community Event,2025-08-15,SHOES Program,E83,Number Kids Engaged
7162,Community Event,2025-08-15,SHOES Program,E83,Number Kids Engaged
7163,Community Event,2025-08-15,SHOES Program,E83,Number Kids Engaged
7164,Community Event,2025-08-15,SHOES Program,E83,Number Kids Engaged
7165,Community Event,2025-08-15,SHOES Program,E83,Number Kids Engaged
7166,Community Event,2025-08-15,SHOES Program,E83,Number Kids Engaged
7167,Community Event,2025-08-15,SHOES Program,E83,Number Kids Engaged
7168,Community Event,2025-08-15,SHOES Program,E83,Number Kids Engaged
7169,Community Event,2025-08-15,SHOES Program,E83,Number Kids Engaged
7170,Community Event,2025-08-15,SHOES Program,E83,Number Kids Engaged
7171,Community Event,2025-08-15,SHOES Program,E83,Number Kids Engaged
7172,Community Event,2025-08-15,SHOES Program,E83,Number Kids Engaged
7173,Community Event,2025-08-15,SHOES Program,E83,Number Kids Engaged
7174,Community Event,2025-08-15,SHOES Program,E83,Number Kids Engaged
7175,Community Event,2025-08-15,SHOES Program,E83,Number Kids Engaged
7176,Community Event,2025-08-15,SHOES Program,E83,Number Kids Engaged
7177,Community Event,2025-08-15,SHOES Program,E83,Number Kids Engaged
7178,Community Event,2025-08-15,SHOES Program,E83,Number Kids Engaged
7179,Community Event,2025-08-15,SHOES Program,E83,Number Kids Engaged
7180,Community Event,2025-08-15,SHOES Program,E83,Number Kids Engaged
7181,Community Event,2025-08-15,SHOES Program,E83,Number Kids Engaged
7182,Community Event,2025-08-15,SHOES Program,E83,Number Kids Engaged
7183,Community Event,2025-08-15,SHOES Program,E83,Number Kids Engaged
7184,Community Event,2025-08-15,SHOES Program,E83,Number Kids Engaged
7185,Community Event,2025-08-15,SHOES Program,E83,Number Kids Engaged
7186,Community Event,2025-08-15,SHOES Program,E83,Number Kids Engaged
7187,Community Event,2025-08-15,SHOES Program,E83,Number Kids Engaged
7188,Community Event,2025-08-15,SHOES Program,E83,Number Kids Engaged
7189,Community Event,2025-08-15,SHOES Program,E83,Number Kids Engaged
7190,Community Event,2025-08-15,SHOES Program,E83,Number Kids Engaged
7191,Community Event,2025-08-15,SHOES Program,E83,Number Kids Engaged
7192,Community Event,2025-08-15,SHOES Program,E83,Number Kids Engaged
7193,Community Event,2025-08-15,SHOES Program,E83,Number Kids Engaged
7194,Community Event,2025-08-15,SHOES Program,E83,Number Kids Engaged
7195,Community Event,2025-08-15,SHOES Program,E83,Number Kids Engaged
7196,Community Event,2025-08-15,SHOES Program,E83,Number Kids Engaged
7197,Community Event,2025-08-15,SHOES Program,E83,Number Kids Engaged
7198,Community Event,2025-08-15,SHOES Program,E83,Number Kids Engaged
7199,Community Event,2025-08-15,SHOES Program,E83,Number Kids Engaged
7200,Community Event,2025-08-15,SHOES Program,E83,Number Kids Engaged
7201,Community Event,2025-08-15,SHOES Program,E83,Number Kids Engaged
7202,Community Event,2025-08-15,SHOES Program,E83,Number Kids Engaged
7203,Community Event,2025-08-15,SHOES Program,E83,Number Kids Engaged
7204,Community Event,2025-08-15,SHOES Program,E83,Number Kids Engaged
7205,Community Event,2025-08-15,SHOES Program,E83,Number Kids Engaged
7206,Community Event,2025-08-15,SHOES Program,E83,Number Kids Engaged
7207,Community Event,2025-08-15,SHOES Program,E83,Number Kids Engaged
7208,Community Event,2025-08-15,SHOES Program,E83,Number Kids Engaged
7209,Community Event,2025-08-15,SHOES Program,E83,Number Kids Engaged
7210,Community Event,2025-08-15,SHOES Program,E83,Number Kids Engaged
7211,Community Event,2025-08-15,SHOES Program,E83,Number Kids Engaged
7212,Community Event,2025-08-15,SHOES Program,E83,Number Kids Engaged
7213,Community Event,2025-08-15,SHOES Program,E83,Number Kids Engaged
7214,Community Event,2025-08-15,SHOES Program,E83,Number Kids Engaged
7215,Community Event,2025-08-15,SHOES Program,E83,Number Kids Engaged
7216,Community Event,2025-08-15,SHOES Program,E83,Number Kids Engaged
7217,Community Event,2025-08-15,SHOES Program,E83,Number Kids Engaged
7218,Community Event,2025-08-15,SHOES Program,E83,Number Kids Engaged
7219,Community Event,2025-08-15,SHOES Program,E83,Number Kids Engaged
7220,Community Event,2025-08-15,SHOES Program,E83,Number Kids Engaged
7221,Community Event,2025-08-15,SHOES Program,E83,Number Kids Engaged
7222,Community Event,2025-08-15,SHOES Program,E83,Number Kids Engaged
7223,Community Event,2025-08-15,SHOES Program,E83,Number Kids Engaged
7224,Community Event,2025-08-15,SHOES Program,E83,Number Kids Engaged
7225,Community Event,2025-08-15,SHOES Program,E83,Number Kids Engaged
7226,Community Event,2025-08-15,SHOES Program,E83,Number Kids Engaged
7227,Community Event,2025-08-15,SHOES Program,E83,Number Kids Engaged
7228,Community Event,2025-08-15,SHOES Program,E83,Number Kids Engaged
7229,Community Event,2025-08-15,SHOES Program,E83,Number Kids Engaged
7230,Community Event,2025-08-15,SHOES Program,E83,Number Kids Engaged
7231,Community Event,2025-08-15,SHOES Program,E83,Number Kids Engaged
7232,Community Event,2025-08-15,SHOES Program,E83,Number Kids Engaged
7233,Community Event,2025-08-15,SHOES Program,E83,Number Kids Engaged
7234,Community Event,2025-08-15,SHOES Program,E83,Number Kids Engaged
7235,Community Event,2025-08-15,SHOES Program,E83,Number Kids Engaged
7236,Community Event,2025-08-15,SHOES Program,E83,Number Kids Engaged
7237,Community Event,2025-08-15,SHOES Program,E83,Number Kids Engaged
7238,Community Event,2025-08-15,SHOES Program,E83,Number Kids Engaged
7239,Community Event,2025-08-15,SHOES Program,E83,Number Kids Engaged
7240,Community Event,2025-08-15,SHOES Program,E83,Number Kids Engaged
7241,Community Event,2025-08-15,SHOES Program,E83,Number Kids Engaged
7242,Community Event,2025-08-15,SHOES Program,E83,Number Kids Engaged
7243,Community Event,2025-08-15,SHOES Program,E83,Number Kids Engaged
7244,Community Event,2025-08-15,SHOES Program,E83,Number Kids Engaged
7245,Community Event,2025-08-15,SHOES Program,E83,Number Kids Engaged
7246,Community Event,2025-08-15,SHOES Program,E83,Number Kids Engaged
7247,Community Event,2025-08-15,SHOES Program,E83,Number Kids Engaged
7248,Community Event,2025-08-15,SHOES Program,E83,Number Kids Engaged
7249,Community Event,2025-08-15,SHOES Program,E83,Number Kids Engaged
7250,Community Event,2025-08-15,SHOES Program,E83,Number Kids Engaged
7251,Community Event,2025-08-15,SHOES Program,E83,Number Kids Engaged
7252,Community Event,2025-08-15,SHOES Program,E83,Number Kids Engaged
7253,Community Event,2025-08-15,SHOES Program,E83,Number Kids Engaged
7254,Community Event,2025-08-15,SHOES Program,E83,Number Kids Engaged
7255,Community Event,2025-08-15,SHOES Program,E83,Number Kids Engaged
7256,Community Event,2025-08-15,SHOES Program,E83,Number Kids Engaged
7257,Community Event,2025-08-15,SHOES Program,E83,Number Kids Engaged
7258,Community Event,2025-08-15,SHOES Program,E83,Number Kids Engaged
7259,Community Event,2025-08-15,SHOES Program,E83,Number Kids Engaged
7260,Community Event,2025-08-15,SHOES Program,E83,Number Kids Engaged
7261,Community Event,2025-08-15,SHOES Program,E83,Number Kids Engaged
7262,Community Event,2025-08-15,SHOES Program,E83,Number Kids Engaged
7263,Community Event,2025-08-15,SHOES Program,E83,Number Kids Engaged
7264,Community Event,2025-08-15,SHOES Program,E83,Number Kids Engaged
7265,Community Event,2025-08-15,SHOES Program,E83,Number Kids Engaged
7266,Community Event,2025-08-15,SHOES Program,E83,Number Kids Engaged
7267,Community Event,2025-08-15,SHOES Program,E83,Number Kids Engaged
7268,Community Event,2025-08-15,SHOES Program,E83,Number Kids Engaged
7269,Community Event,2025-08-15,SHOES Program,E83,Number Kids Engaged
7270,Community Event,2025-08-15,SHOES Program,E83,Number Kids Engaged
7271,Community Event,2025-08-15,SHOES Program,E83,Number Kids Engaged
7272,Community Event,2025-08-15,SHOES Program,E83,Number Kids Engaged
7273,Community Event,2025-08-15,SHOES Program,E83,Number Kids Engaged
7274,Community Event,2025-08-15,SHOES Program,E83,Number Kids Engaged
7275,Community Event,2025-08-15,SHOES Program,E83,Number Kids Engaged
7276,Community Event,2025-08-15,SHOES Program,E83,Number Kids Engaged
7277,Community Event,2025-08-15,SHOES Program,E83,Number Kids Engaged
7278,Community Event,2025-08-15,SHOES Program,E83,Number Kids Engaged
7279,Community Event,2025-08-15,SHOES Program,E83,Number Kids Engaged
7280,Community Event,2025-08-15,SHOES Program,E83,Number Kids Engaged
7281,Community Event,2025-08-15,SHOES Program,E83,Number Kids Engaged
7282,Community Event,2025-08-15,SHOES Program,E83,Number Kids Engaged
7283,Community Event,2025-08-15,SHOES Program,E83,Number Kids Engaged
7284,Community Event,2025-08-15,SHOES Program,E83,Number Kids Engaged
7285,Community Event,2025-08-15,SHOES Program,E83,Number Kids Engaged
7286,Community Event,2025-08-15,SHOES Program,E83,Number Kids Engaged
7287,Community Event,2025-08-15,SHOES Program,E83,Number Kids Engaged
7288,Community Event,2025-08-15,SHOES Program,E83,Number Kids Engaged
7289,Community Event,2025-08-15,SHOES Program,E83,Number Kids Engaged
7290,Community Event,2025-08-15,SHOES Program,E83,Number Kids Engaged
7291,Community Event,2025-08-15,SHOES Program,E83,Number Kids Engaged
7292,Community Event,2025-08-15,SHOES Program,E83,Number Kids Engaged
7293,Community Event,2025-08-15,SHOES Program,E83,Number Kids Engaged
7294,Community Event,2025-08-15,SHOES Program,E83,Number Kids Engaged
7295,Community Event,2025-08-15,SHOES Program,E83,Number Kids Engaged
7296,Community Event,2025-08-15,SHOES Program,E83,Number Kids Engaged
7297,Community Event,2025-08-15,SHOES Program,E83,Number Kids Engaged
7298,Community Event,2025-08-15,SHOES Program,E83,Number Kids Engaged
7299,Community Event,2025-08-15,SHOES Program,E83,Number Kids Engaged
7300,Community Event,2025-08-15,SHOES Program,E83,Number Kids Engaged
7301,Community Event,2025-08-15,SHOES Program,E83,Number Kids Engaged
7302,Community Event,2025-08-15,SHOES Program,E83,Number Kids Engaged
7303,Community Event,2025-08-15,SHOES Program,E83,Number Kids Engaged
7304,Community Event,2025-08-15,SHOES Program,E83,Number Kids Engaged
7305,Community Event,2025-08-15,SHOES Program,E83,Number Kids Engaged
7306,Community Event,2025-08-15,SHOES Program,E83,Number Kids Engaged
7307,Community Event,2025-08-15,SHOES Program,E83,Number Kids Engaged
7308,Community Event,2025-08-15,SHOES Program,E83,Number Kids Engaged
7309,Community Event,2025-08-15,SHOES Program,E83,Number Kids Engaged
7310,Community Event,2025-08-15,SHOES Program,E83,Number Kids Engaged
7311,Community Event,2025-08-15,SHOES Program,E83,Number Kids Engaged
7312,Community Event,2025-08-15,SHOES Program,E83,Number Kids Engaged
7313,Community Event,2025-08-15,SHOES Program,E83,Number Kids Engaged
7314,Community Event,2025-08-15,SHOES Program,E83,Number Kids Engaged
7315,Community Event,2025-08-15,SHOES Program,E83,Number Kids Engaged
7316,Community Event,2025-08-15,SHOES Program,E83,Number Kids Engaged
7317,Community Event,2025-08-15,SHOES Program,E83,Number Kids Engaged
7318,Community Event,2025-08-15,SHOES Program,E83,Number Kids Engaged
7319,Community Event,2025-08-15,SHOES Program,E83,Number Kids Engaged
7320,Community Event,2025-08-15,SHOES Program,E83,Number Kids Engaged
7321,Community Event,2025-08-15,SHOES Program,E83,Number Kids Engaged
7322,Community Event,2025-08-15,SHOES Program,E83,Number Kids Engaged
7323,Community Event,2025-08-15,SHOES Program,E83,Number Kids Engaged
7324,Community Event,2025-08-15,SHOES Program,E83,Number Kids Engaged
7325,Community Event,2025-08-15,SHOES Program,E83,Number Kids Engaged
7326,Community Event,2025-08-15,SHOES Program,E83,Number Kids Engaged
7327,Community Event,2025-08-15,SHOES Program,E83,Number Kids Engaged
7328,Community Event,2025-08-15,SHOES Program,E83,Number Kids Engaged
7329,Community Event,2025-08-15,SHOES Program,E83,Number Kids Engaged
7330,Community Event,2025-08-15,SHOES Program,E83,Number Kids Engaged
7331,Community Event,2025-08-15,SHOES Program,E83,Number Kids Engaged
7332,Community Event,2025-08-15,SHOES Program,E83,Number Adults Engaged
7333,Community Event,2025-08-15,SHOES Program,E83,Number Adults Engaged
7334,Community Event,2025-08-15,SHOES Program,E83,Number Adults Engaged
7335,Community Event,2025-08-15,SHOES Program,E83,Number Adults Engaged
7336,Community Event,2025-08-15,SHOES Program,E83,Number Adults Engaged
7337,Community Event,2025-08-15,SHOES Program,E83,Number Adults Engaged
7338,Community Event,2025-08-15,SHOES Program,E83,Number Adults Engaged
7339,Community Event,2025-08-15,SHOES Program,E83,Number Adults Engaged
7340,Community Event,2025-08-15,SHOES Program,E83,Number Adults Engaged
7341,Community Event,2025-08-15,SHOES Program,E83,Number Adults Engaged
7342,Community Event,2025-08-15,SHOES Program,E83,Number Adults Engaged
7343,Community Event,2025-08-15,SHOES Program,E83,Number Adults Engaged
7344,Community Event,2025-08-15,SHOES Program,E83,Number Adults Engaged
7345,Community Event,2025-08-15,SHOES Program,E83,Number Adults Engaged
7346,Community Event,2025-08-15,SHOES Program,E83,Number Adults Engaged
7347,Community Event,2025-08-15,SHOES Program,E83,Number Adults Engaged
7348,Community Event,2025-08-15,SHOES Program,E83,Number Adults Engaged
7349,Community Event,2025-08-15,SHOES Program,E83,Number Adults Engaged
7350,Community Event,2025-08-15,SHOES Program,E83,Number Adults Engaged
7351,Community Event,2025-08-15,SHOES Program,E83,Number Adults Engaged
7352,Community Event,2025-08-15,SHOES Program,E83,Number Adults Engaged
7353,Community Event,2025-08-15,SHOES Program,E83,Number Adults Engaged
7354,Community Event,2025-08-15,SHOES Program,E83,Number Adults Engaged
7355,Community Event,2025-08-15,SHOES Program,E83,Number Adults Engaged
7356,Community Event,2025-08-15,SHOES Program,E83,Number Adults Engaged
7357,Community Event,2025-08-15,SHOES Program,E83,Number Adults Engaged
7358,Community Event,2025-08-15,SHOES Program,E83,Number Adults Engaged
7359,Community Event,2025-08-15,SHOES Program,E83,Number Adults Engaged
7360,Community Event,2025-08-15,SHOES Program,E83,Number Adults Engaged
7361,Community Event,2025-08-15,SHOES Program,E83,Number Adults Engaged
7362,Community Event,2025-08-15,SHOES Program,E83,Number Adults Engaged
7363,Community Event,2025-08-15,SHOES Program,E83,Number Adults Engaged
7364,Community Event,2025-08-15,SHOES Program,E83,Number Adults Engaged
7365,Community Event,2025-08-15,SHOES Program,E83,Number Adults Engaged
7366,Community Event,2025-08-15,SHOES Program,E83,Number Adults Engaged
7367,Community Event,2025-08-15,SHOES Program,E83,Number Adults Engaged
7368,Community Event,2025-08-15,SHOES Program,E83,Number Adults Engaged
7369,Community Event,2025-08-15,SHOES Program,E83,Number Adults Engaged
7370,Community Event,2025-08-15,SHOES Program,E83,Number Adults Engaged
7371,Community Event,2025-08-15,SHOES Program,E83,Number Adults Engaged
7372,Community Event,2025-08-15,SHOES Program,E83,Number Adults Engaged
7373,Community Event,2025-08-15,SHOES Program,E83,Number Adults Engaged
7374,Community Event,2025-08-15,SHOES Program,E83,Number Adults Engaged
7375,Community Event,2025-08-15,SHOES Program,E83,Number Adults Engaged
7376,Community Event,2025-08-15,SHOES Program,E83,Number Adults Engaged
7377,Community Event,2025-08-15,SHOES Program,E83,Number Adults Engaged
7378,Community Event,2025-08-15,SHOES Program,E83,Number Adults Engaged
7379,Community Event,2025-08-15,SHOES Program,E83,Number Adults Engaged
7380,Community Event,2025-08-15,SHOES Program,E83,Number Adults Engaged
7381,Community Event,2025-08-15,SHOES Program,E83,Number Adults Engaged
7382,Community Event,2025-08-15,SHOES Program,E83,Number Adults Engaged
7383,Community Event,2025-08-15,SHOES Program,E83,Number Adults Engaged
7384,Community Event,2025-08-15,SHOES Program,E83,Number Adults Engaged
7385,Community Event,2025-08-15,SHOES Program,E83,Number Adults Engaged
7386,Community Event,2025-08-15,SHOES Program,E83,Number Adults Engaged
7387,Community Event,2025-08-15,SHOES Program,E83,Number Adults Engaged
7388,Community Event,2025-08-15,SHOES Program,E83,Number Adults Engaged
7389,Community Event,2025-08-15,SHOES Program,E83,Number Adults Engaged
7390,Community Event,2025-08-15,SHOES Program,E83,Number Adults Engaged
7391,Community Event,2025-08-15,SHOES Program,E83,Number Adults Engaged
7392,Community Event,2025-08-15,SHOES Program,E83,Number Adults Engaged
7393,Community Event,2025-08-15,SHOES Program,E83,Number Adults Engaged
7394,Community Event,2025-08-15,SHOES Program,E83,Number Adults Engaged
7395,Community Event,2025-08-15,SHOES Program,E83,Number Adults Engaged
7396,Community Event,2025-08-15,SHOES Program,E83,Number Adults Engaged
7397,Community Event,2025-08-15,SHOES Program,E83,Number Adults Engaged
7398,Community Event,2025-08-15,SHOES Program,E83,Number Adults Engaged
7399,Community Event,2025-08-15,SHOES Program,E83,Number Adults Engaged
7400,Community Event,2025-08-15,SHOES Program,E83,Number Adults Engaged
7401,Community Event,2025-08-15,SHOES Program,E83,Number Adults Engaged
7402,Community Event,2025-08-15,SHOES Program,E83,Number Adults Engaged
7403,Community Event,2025-08-15,SHOES Program,E83,Number Adults Engaged
7404,Community Event,2025-08-15,SHOES Program,E83,Number Adults Engaged
7405,Community Event,2025-08-15,SHOES Program,E83,Number Adults Engaged
7406,Community Event,2025-08-15,SHOES Program,E83,Number Adults Engaged
7407,Community Event,2025-08-15,SHOES Program,E83,Number Adults Engaged
7408,Community Event,2025-08-15,SHOES Program,E83,Number Adults Engaged
7409,Community Event,2025-08-15,SHOES Program,E83,Number Adults Engaged
7410,Community Event,2025-08-15,SHOES Program,E83,Number Adults Engaged
7411,Community Event,2025-08-15,SHOES Program,E83,Number Adults Engaged
7412,Community Event,2025-08-15,SHOES Program,E83,Number Adults Engaged
7413,Community Event,2025-08-15,SHOES Program,E83,Number Adults Engaged
7414,Community Event,2025-08-15,SHOES Program,E83,Number Adults Engaged
7415,Community Event,2025-08-15,SHOES Program,E83,Number Adults Engaged
7416,Community Event,2025-08-15,SHOES Program,E83,Number Adults Engaged
7417,Community Event,2025-08-15,SHOES Program,E83,Number Adults Engaged
7418,Community Event,2025-08-15,SHOES Program,E83,Number Adults Engaged
7419,Community Event,2025-08-15,SHOES Program,E83,Number Adults Engaged
7420,Community Event,2025-08-15,SHOES Program,E83,Number Adults Engaged
7421,Community Event,2025-08-15,SHOES Program,E83,Number Adults Engaged
7422,Community Event,2025-08-15,SHOES Program,E83,Number Adults Engaged
7423,Community Event,2025-08-15,SHOES Program,E83,Number Adults Engaged
7424,Community Event,2025-08-15,SHOES Program,E83,Number Adults Engaged
7425,Community Event,2025-08-15,SHOES Program,E83,Number Adults Engaged
7426,Community Event,2025-08-15,SHOES Program,E83,Number Adults Engaged
7427,Community Event,2025-08-15,SHOES Program,E83,Number Adults Engaged
7428,Community Event,2025-08-15,SHOES Program,E83,Number Adults Engaged
7429,Community Event,2025-08-15,SHOES Program,E83,Number Adults Engaged
7430,Community Event,2025-08-15,SHOES Program,E83,Number Adults Engaged
7431,Community Event,2025-08-15,SHOES Program,E83,Number Adults Engaged
7432,Community Event,2025-08-15,SHOES Program,E83,Number Adults Engaged
7433,Community Event,2025-08-15,SHOES Program,E83,Number Adults Engaged
7434,Community Event,2025-08-15,SHOES Program,E83,Number Adults Engaged
7435,Community Event,2025-08-15,SHOES Program,E83,Number Adults Engaged
7436,Community Event,2025-08-15,SHOES Program,E83,Number Adults Engaged
7437,Community Event,2025-08-15,SHOES Program,E83,Number Adults Engaged
7438,Community Event,2025-08-15,SHOES Program,E83,Number Adults Engaged
7439,Community Event,2025-08-15,SHOES Program,E83,Number Adults Engaged
7440,Community Event,2025-08-15,SHOES Program,E83,Number Adults Engaged
7441,Community Event,2025-08-15,SHOES Program,E83,Number Adults Engaged
7442,Community Event,2025-08-15,SHOES Program,E83,Number Adults Engaged
7443,Community Event,2025-08-15,SHOES Program,E83,Number Adults Engaged
7444,Community Event,2025-08-15,SHOES Program,E83,Number Adults Engaged
7445,Community Event,2025-08-15,SHOES Program,E83,Number Adults Engaged
7446,Community Event,2025-08-15,SHOES Program,E83,Number Adults Engaged
7447,Community Event,2025-08-15,SHOES Program,E83,Number Adults Engaged
7448,Community Event,2025-08-15,SHOES Program,E83,Number Adults Engaged
7449,Community Event,2025-08-15,SHOES Program,E83,Number Adults Engaged
7450,Community Event,2025-08-15,SHOES Program,E83,Number Adults Engaged
7451,Community Event,2025-08-15,SHOES Program,E83,Number Adults Engaged
7452,Community Event,2025-08-15,SHOES Program,E83,Number Adults Engaged
7453,Community Event,2025-08-15,SHOES Program,E83,Number Adults Engaged
7454,Community Event,2025-08-15,SHOES Program,E83,Number Adults Engaged
7455,Community Event,2025-08-15,SHOES Program,E83,Number Adults Engaged
7456,Community Event,2025-08-15,SHOES Program,E83,Number Adults Engaged
7457,Community Event,2025-08-15,SHOES Program,E83,Number Adults Engaged
7458,Community Event,2025-08-15,SHOES Program,E83,Number Adults Engaged
7459,Community Event,2025-08-15,SHOES Program,E83,Number Adults Engaged
7460,Community Event,2025-08-15,SHOES Program,E83,Number Adults Engaged
7461,Community Event,2025-08-15,SHOES Program,E83,Number Adults Engaged
7462,Community Event,2025-08-15,SHOES Program,E83,Number Adults Engaged
7463,Community Event,2025-08-15,SHOES Program,E83,Number Adults Engaged
7464,Community Event,2025-08-15,SHOES Program,E83,Number Adults Engaged
7465,Community Event,2025-08-15,SHOES Program,E83,Number Adults Engaged
7466,Community Event,2025-08-15,SHOES Program,E83,Number Adults Engaged
7467,Community Event,2025-08-15,SHOES Program,E83,Number Adults Engaged
7468,Community Event,2025-08-15,SHOES Program,E83,Number Adults Engaged
7469,Community Event,2025-08-15,SHOES Program,E83,Number Adults Engaged
7470,Community Event,2025-08-15,SHOES Program,E83,Number Adults Engaged
7471,Community Event,2025-08-15,SHOES Program,E83,Number Adults Engaged
7472,Community Event,2025-08-15,SHOES Program,E83,Number Adults Engaged
7473,Community Event,2025-08-15,SHOES Program,E83,Number Adults Engaged
7474,Community Event,2025-08-16,Taylor Made Re-entry Kickball Event,E84,Number Kids Engaged
7475,Community Event,2025-08-16,Taylor Made Re-entry Kickball Event,E84,Number Kids Engaged
7476,Community Event,2025-08-16,Taylor Made Re-entry Kickball Event,E84,Number Kids Engaged
7477,Community Event,2025-08-16,Taylor Made Re-entry Kickball Event,E84,Number Kids Engaged
7478,Community Event,2025-08-16,Taylor Made Re-entry Kickball Event,E84,Number Kids Engaged
7479,Community Event,2025-08-16,Taylor Made Re-entry Kickball Event,E84,Number Kids Engaged
7480,Community Event,2025-08-16,Taylor Made Re-entry Kickball Event,E84,Number Kids Engaged
7481,Community Event,2025-08-16,Taylor Made Re-entry Kickball Event,E84,Number Kids Engaged
7482,Community Event,2025-08-16,Taylor Made Re-entry Kickball Event,E84,Number Kids Engaged
7483,Community Event,2025-08-16,Taylor Made Re-entry Kickball Event,E84,Number Kids Engaged
7484,Community Event,2025-08-16,Taylor Made Re-entry Kickball Event,E84,Number Kids Engaged
7485,Community Event,2025-08-16,Taylor Made Re-entry Kickball Event,E84,Number Kids Engaged
7486,Community Event,2025-08-16,Taylor Made Re-entry Kickball Event,E84,Number Kids Engaged
7487,Community Event,2025-08-16,Taylor Made Re-entry Kickball Event,E84,Number Kids Engaged
7488,Community Event,2025-08-16,Taylor Made Re-entry Kickball Event,E84,Number Kids Engaged
7489,Community Event,2025-08-16,Taylor Made Re-entry Kickball Event,E84,Number Kids Engaged
7490,Community Event,2025-08-16,Taylor Made Re-entry Kickball Event,E84,Number Kids Engaged
7491,Community Event,2025-08-16,Taylor Made Re-entry Kickball Event,E84,Number Kids Engaged
7492,Community Event,2025-08-16,Taylor Made Re-entry Kickball Event,E84,Number Kids Engaged
7493,Community Event,2025-08-16,Taylor Made Re-entry Kickball Event,E84,Number Kids Engaged
7494,Community Event,2025-08-16,Taylor Made Re-entry Kickball Event,E84,Number Kids Engaged
7495,Community Event,2025-08-16,Taylor Made Re-entry Kickball Event,E84,Number Kids Engaged
7496,Community Event,2025-08-16,Taylor Made Re-entry Kickball Event,E84,Number Kids Engaged
7497,Community Event,2025-08-16,Taylor Made Re-entry Kickball Event,E84,Number Kids Engaged
7498,Community Event,2025-08-16,Taylor Made Re-entry Kickball Event,E84,Number Kids Engaged
7499,Community Event,2025-08-16,Taylor Made Re-entry Kickball Event,E84,Number Kids Engaged
7500,Community Event,2025-08-16,Taylor Made Re-entry Kickball Event,E84,Number Kids Engaged
7501,Community Event,2025-08-16,Taylor Made Re-entry Kickball Event,E84,Number Kids Engaged
7502,Community Event,2025-08-16,Taylor Made Re-entry Kickball Event,E84,Number Kids Engaged
7503,Community Event,2025-08-16,Taylor Made Re-entry Kickball Event,E84,Number Kids Engaged
7504,Community Event,2025-08-16,Taylor Made Re-entry Kickball Event,E84,Number Kids Engaged
7505,Community Event,2025-08-16,Taylor Made Re-entry Kickball Event,E84,Number Kids Engaged
7506,Community Event,2025-08-16,Taylor Made Re-entry Kickball Event,E84,Number Kids Engaged
7507,Community Event,2025-08-16,Taylor Made Re-entry Kickball Event,E84,Number Kids Engaged
7508,Community Event,2025-08-16,Taylor Made Re-entry Kickball Event,E84,Number Kids Engaged
7509,Community Event,2025-08-16,Taylor Made Re-entry Kickball Event,E84,Number Kids Engaged
7510,Community Event,2025-08-16,Taylor Made Re-entry Kickball Event,E84,Number Kids Engaged
7511,Community Event,2025-08-16,Taylor Made Re-entry Kickball Event,E84,Number Kids Engaged
7512,Community Event,2025-08-16,Taylor Made Re-entry Kickball Event,E84,Number Kids Engaged
7513,Community Event,2025-08-16,Taylor Made Re-entry Kickball Event,E84,Number Kids Engaged
7514,Community Event,2025-08-16,Taylor Made Re-entry Kickball Event,E84,Number Kids Engaged
7515,Community Event,2025-08-16,Taylor Made Re-entry Kickball Event,E84,Number Kids Engaged
7516,Community Event,2025-08-16,Taylor Made Re-entry Kickball Event,E84,Number Kids Engaged
7517,Community Event,2025-08-16,Taylor Made Re-entry Kickball Event,E84,Number Kids Engaged
7518,Community Event,2025-08-16,Taylor Made Re-entry Kickball Event,E84,Number Kids Engaged
7519,Community Event,2025-08-16,Taylor Made Re-entry Kickball Event,E84,Number Kids Engaged
7520,Community Event,2025-08-16,Taylor Made Re-entry Kickball Event,E84,Number Kids Engaged
7521,Community Event,2025-08-16,Taylor Made Re-entry Kickball Event,E84,Number Kids Engaged
7522,Community Event,2025-08-16,Taylor Made Re-entry Kickball Event,E84,Number Kids Engaged
7523,Community Event,2025-08-16,Taylor Made Re-entry Kickball Event,E84,Number Kids Engaged
7524,Community Event,2025-08-16,Taylor Made Re-entry Kickball Event,E84,Number Kids Engaged
7525,Community Event,2025-08-16,Taylor Made Re-entry Kickball Event,E84,Number Kids Engaged
7526,Community Event,2025-08-16,Taylor Made Re-entry Kickball Event,E84,Number Kids Engaged
7527,Community Event,2025-08-16,Taylor Made Re-entry Kickball Event,E84,Number Kids Engaged
7528,Community Event,2025-08-16,Taylor Made Re-entry Kickball Event,E84,Number Kids Engaged
7529,Community Event,2025-08-16,Taylor Made Re-entry Kickball Event,E84,Number Kids Engaged
7530,Community Event,2025-08-16,Taylor Made Re-entry Kickball Event,E84,Number Kids Engaged
7531,Community Event,2025-08-16,Taylor Made Re-entry Kickball Event,E84,Number Kids Engaged
7532,Community Event,2025-08-16,Taylor Made Re-entry Kickball Event,E84,Number Kids Engaged
7533,Community Event,2025-08-16,Taylor Made Re-entry Kickball Event,E84,Number Kids Engaged
7534,Community Event,2025-08-16,Taylor Made Re-entry Kickball Event,E84,Number Kids Engaged
7535,Community Event,2025-08-16,Taylor Made Re-entry Kickball Event,E84,Number Kids Engaged
7536,Community Event,2025-08-16,Taylor Made Re-entry Kickball Event,E84,Number Kids Engaged
7537,Community Event,2025-08-16,Taylor Made Re-entry Kickball Event,E84,Number Kids Engaged
7538,Community Event,2025-08-16,Taylor Made Re-entry Kickball Event,E84,Number Kids Engaged
7539,Community Event,2025-08-16,Taylor Made Re-entry Kickball Event,E84,Number Kids Engaged
7540,Community Event,2025-08-16,Taylor Made Re-entry Kickball Event,E84,Number Kids Engaged
7541,Community Event,2025-08-16,Taylor Made Re-entry Kickball Event,E84,Number Kids Engaged
7542,Community Event,2025-08-16,Taylor Made Re-entry Kickball Event,E84,Number Kids Engaged
7543,Community Event,2025-08-16,Taylor Made Re-entry Kickball Event,E84,Number Kids Engaged
7544,Community Event,2025-08-16,Taylor Made Re-entry Kickball Event,E84,Number Kids Engaged
7545,Community Event,2025-08-16,Taylor Made Re-entry Kickball Event,E84,Number Kids Engaged
7546,Community Event,2025-08-16,Taylor Made Re-entry Kickball Event,E84,Number Kids Engaged
7547,Community Event,2025-08-16,Taylor Made Re-entry Kickball Event,E84,Number Kids Engaged
7548,Community Event,2025-08-16,Taylor Made Re-entry Kickball Event,E84,Number Kids Engaged
7549,Community Event,2025-08-16,Taylor Made Re-entry Kickball Event,E84,Number Kids Engaged
7550,Community Event,2025-08-16,Taylor Made Re-entry Kickball Event,E84,Number Kids Engaged
7551,Community Event,2025-08-16,Taylor Made Re-entry Kickball Event,E84,Number Kids Engaged
7552,Community Event,2025-08-16,Taylor Made Re-entry Kickball Event,E84,Number Kids Engaged
7553,Community Event,2025-08-16,Taylor Made Re-entry Kickball Event,E84,Number Kids Engaged
7554,Community Event,2025-08-16,Taylor Made Re-entry Kickball Event,E84,Number Kids Engaged
7555,Community Event,2025-08-16,Taylor Made Re-entry Kickball Event,E84,Number Kids Engaged
7556,Community Event,2025-08-16,Taylor Made Re-entry Kickball Event,E84,Number Kids Engaged
7557,Community Event,2025-08-16,Taylor Made Re-entry Kickball Event,E84,Number Kids Engaged
7558,Community Event,2025-08-16,Taylor Made Re-entry Kickball Event,E84,Number Kids Engaged
7559,Community Event,2025-08-16,Taylor Made Re-entry Kickball Event,E84,Number Kids Engaged
7560,Community Event,2025-08-16,Taylor Made Re-entry Kickball Event,E84,Number Kids Engaged
7561,Community Event,2025-08-16,Taylor Made Re-entry Kickball Event,E84,Number Kids Engaged
7562,Community Event,2025-08-16,Taylor Made Re-entry Kickball Event,E84,Number Kids Engaged
7563,Community Event,2025-08-16,Taylor Made Re-entry Kickball Event,E84,Number Kids Engaged
7564,Community Event,2025-08-16,Taylor Made Re-entry Kickball Event,E84,Number Kids Engaged
7565,Community Event,2025-08-16,Taylor Made Re-entry Kickball Event,E84,Number Kids Engaged
7566,Community Event,2025-08-16,Taylor Made Re-entry Kickball Event,E84,Number Kids Engaged
7567,Community Event,2025-08-16,Taylor Made Re-entry Kickball Event,E84,Number Kids Engaged
7568,Community Event,2025-08-16,Taylor Made Re-entry Kickball Event,E84,Number Kids Engaged
7569,Community Event,2025-08-16,Taylor Made Re-entry Kickball Event,E84,Number Kids Engaged
7570,Community Event,2025-08-16,Taylor Made Re-entry Kickball Event,E84,Number Kids Engaged
7571,Community Event,2025-08-16,Taylor Made Re-entry Kickball Event,E84,Number Kids Engaged
7572,Community Event,2025-08-16,Taylor Made Re-entry Kickball Event,E84,Number Kids Engaged
7573,Community Event,2025-08-16,Taylor Made Re-entry Kickball Event,E84,Number Kids Engaged
7574,Community Event,2025-08-16,Taylor Made Re-entry Kickball Event,E84,Number Kids Engaged
7575,Community Event,2025-08-16,Taylor Made Re-entry Kickball Event,E84,Number Kids Engaged
7576,Community Event,2025-08-16,Taylor Made Re-entry Kickball Event,E84,Number Kids Engaged
7577,Community Event,2025-08-16,Taylor Made Re-entry Kickball Event,E84,Number Kids Engaged
7578,Community Event,2025-08-16,Taylor Made Re-entry Kickball Event,E84,Number Adults Engaged
7579,Community Event,2025-08-16,Taylor Made Re-entry Kickball Event,E84,Number Adults Engaged
7580,Community Event,2025-08-16,Taylor Made Re-entry Kickball Event,E84,Number Adults Engaged
7581,Community Event,2025-08-16,Taylor Made Re-entry Kickball Event,E84,Number Adults Engaged
7582,Community Event,2025-08-16,Taylor Made Re-entry Kickball Event,E84,Number Adults Engaged
7583,Community Event,2025-08-16,Taylor Made Re-entry Kickball Event,E84,Number Adults Engaged
7584,Community Event,2025-08-16,Taylor Made Re-entry Kickball Event,E84,Number Adults Engaged
7585,Community Event,2025-08-16,Taylor Made Re-entry Kickball Event,E84,Number Adults Engaged
7586,Community Event,2025-08-16,Taylor Made Re-entry Kickball Event,E84,Number Adults Engaged
7587,Community Event,2025-08-16,Taylor Made Re-entry Kickball Event,E84,Number Adults Engaged
7588,Community Event,2025-08-16,Taylor Made Re-entry Kickball Event,E84,Number Adults Engaged
7589,Community Event,2025-08-16,Taylor Made Re-entry Kickball Event,E84,Number Adults Engaged
7590,Community Event,2025-08-16,Taylor Made Re-entry Kickball Event,E84,Number Adults Engaged
7591,Community Event,2025-08-16,Taylor Made Re-entry Kickball Event,E84,Number Adults Engaged
7592,Community Event,2025-08-16,Taylor Made Re-entry Kickball Event,E84,Number Adults Engaged
7593,Community Event,2025-08-16,Taylor Made Re-entry Kickball Event,E84,Number Adults Engaged
7594,Community Event,2025-08-16,Taylor Made Re-entry Kickball Event,E84,Number Adults Engaged
7595,Community Event,2025-08-16,Taylor Made Re-entry Kickball Event,E84,Number Adults Engaged
7596,Community Event,2025-08-16,Taylor Made Re-entry Kickball Event,E84,Number Adults Engaged
7597,Community Event,2025-08-16,Taylor Made Re-entry Kickball Event,E84,Number Adults Engaged
7598,Community Event,2025-08-16,Taylor Made Re-entry Kickball Event,E84,Number Adults Engaged
7599,Community Event,2025-08-16,Taylor Made Re-entry Kickball Event,E84,Number Adults Engaged
7600,Community Event,2025-08-16,Taylor Made Re-entry Kickball Event,E84,Number Adults Engaged
7601,Community Event,2025-08-16,Taylor Made Re-entry Kickball Event,E84,Number Adults Engaged
7602,Community Event,2025-08-16,Taylor Made Re-entry Kickball Event,E84,Number Adults Engaged
7603,Community Event,2025-08-16,Taylor Made Re-entry Kickball Event,E84,Number Adults Engaged
7604,Community Event,2025-08-16,Taylor Made Re-entry Kickball Event,E84,Number Adults Engaged
7605,Community Event,2025-08-16,Taylor Made Re-entry Kickball Event,E84,Number Adults Engaged
7606,Community Event,2025-08-16,Taylor Made Re-entry Kickball Event,E84,Number Adults Engaged
7607,Community Event,2025-08-16,Taylor Made Re-entry Kickball Event,E84,Number Adults Engaged
7608,Community Event,2025-08-16,Taylor Made Re-entry Kickball Event,E84,Number Adults Engaged
7609,Community Event,2025-08-16,Taylor Made Re-entry Kickball Event,E84,Number Adults Engaged
7610,Community Event,2025-08-16,Taylor Made Re-entry Kickball Event,E84,Number Adults Engaged
7611,Community Event,2025-08-16,Taylor Made Re-entry Kickball Event,E84,Number Adults Engaged
7612,Community Event,2025-08-16,Taylor Made Re-entry Kickball Event,E84,Number Adults Engaged
7613,Community Event,2025-08-16,Taylor Made Re-entry Kickball Event,E84,Number Adults Engaged
7614,Community Event,2025-08-16,Taylor Made Re-entry Kickball Event,E84,Number Adults Engaged
7615,Community Event,2025-08-16,Taylor Made Re-entry Kickball Event,E84,Number Adults Engaged
7616,Community Event,2025-08-16,Taylor Made Re-entry Kickball Event,E84,Number Adults Engaged
7617,Community Event,2025-08-16,Taylor Made Re-entry Kickball Event,E84,Number Adults Engaged
7618,Community Event,2025-08-16,Taylor Made Re-entry Kickball Event,E84,Number Adults Engaged
7619,Community Event,2025-08-16,Taylor Made Re-entry Kickball Event,E84,Number Adults Engaged
7620,Community Event,2025-08-16,Taylor Made Re-entry Kickball Event,E84,Number Adults Engaged
7621,Community Event,2025-08-16,Taylor Made Re-entry Kickball Event,E84,Number Adults Engaged
7622,Community Event,2025-08-16,Taylor Made Re-entry Kickball Event,E84,Number Adults Engaged
7623,Community Event,2025-08-16,Taylor Made Re-entry Kickball Event,E84,Number Adults Engaged
7624,Community Event,2025-08-16,Taylor Made Re-entry Kickball Event,E84,Number Adults Engaged
7625,Community Event,2025-08-16,Taylor Made Re-entry Kickball Event,E84,Number Adults Engaged
7626,Community Event,2025-08-16,Taylor Made Re-entry Kickball Event,E84,Number Adults Engaged
7627,Community Event,2025-08-16,Taylor Made Re-entry Kickball Event,E84,Number Adults Engaged
7628,Community Event,2025-08-16,Taylor Made Re-entry Kickball Event,E84,Number Adults Engaged
7629,Community Event,2025-08-16,Taylor Made Re-entry Kickball Event,E84,Number Adults Engaged
7630,Community Event,2025-08-16,Taylor Made Re-entry Kickball Event,E84,Number Adults Engaged
7631,Community Event,2025-08-16,Taylor Made Re-entry Kickball Event,E84,Number Adults Engaged
7632,Partner Tabling,2025-08-18,Pregnancy Resource Center,E85,Number Kids Engaged
7633,Partner Tabling,2025-08-18,Pregnancy Resource Center,E85,Number Kids Engaged
7634,Partner Tabling,2025-08-18,Pregnancy Resource Center,E85,Number Kids Engaged
7635,Partner Tabling,2025-08-18,Pregnancy Resource Center,E85,Number Adults Engaged
7636,Partner Tabling,2025-08-18,Pregnancy Resource Center,E85,Number Adults Engaged
7637,Community Event,2025-08-18,GRPL Outdoor Storytime at Lincoln Park,E86,Number Kids Engaged
7638,Community Event,2025-08-18,GRPL Outdoor Storytime at Lincoln Park,E86,Number Kids Engaged
7639,Community Event,2025-08-18,GRPL Outdoor Storytime at Lincoln Park,E86,Number Kids Engaged
7640,Community Event,2025-08-18,GRPL Outdoor Storytime at Lincoln Park,E86,Number Kids Engaged
7641,Community Event,2025-08-18,GRPL Outdoor Storytime at Lincoln Park,E86,Number Kids Engaged
7642,Community Event,2025-08-18,GRPL Outdoor Storytime at Lincoln Park,E86,Number Kids Engaged
7643,Community Event,2025-08-18,GRPL Outdoor Storytime at Lincoln Park,E86,Number Kids Engaged
7644,Community Event,2025-08-18,GRPL Outdoor Storytime at Lincoln Park,E86,Number Kids Engaged
7645,Community Event,2025-08-18,GRPL Outdoor Storytime at Lincoln Park,E86,Number Kids Engaged
7646,Community Event,2025-08-18,GRPL Outdoor Storytime at Lincoln Park,E86,Number Kids Engaged
7647,Community Event,2025-08-18,GRPL Outdoor Storytime at Lincoln Park,E86,Number Kids Engaged
7648,Community Event,2025-08-18,GRPL Outdoor Storytime at Lincoln Park,E86,Number Kids Engaged
7649,Community Event,2025-08-18,GRPL Outdoor Storytime at Lincoln Park,E86,Number Kids Engaged
7650,Community Event,2025-08-18,GRPL Outdoor Storytime at Lincoln Park,E86,Number Kids Engaged
7651,Community Event,2025-08-18,GRPL Outdoor Storytime at Lincoln Park,E86,Number Kids Engaged
7652,Community Event,2025-08-18,GRPL Outdoor Storytime at Lincoln Park,E86,Number Kids Engaged
7653,Community Event,2025-08-18,GRPL Outdoor Storytime at Lincoln Park,E86,Number Kids Engaged
7654,Community Event,2025-08-18,GRPL Outdoor Storytime at Lincoln Park,E86,Number Kids Engaged
7655,Community Event,2025-08-18,GRPL Outdoor Storytime at Lincoln Park,E86,Number Kids Engaged
7656,Community Event,2025-08-18,GRPL Outdoor Storytime at Lincoln Park,E86,Number Kids Engaged
7657,Community Event,2025-08-18,GRPL Outdoor Storytime at Lincoln Park,E86,Number Kids Engaged
7658,Community Event,2025-08-18,GRPL Outdoor Storytime at Lincoln Park,E86,Number Kids Engaged
7659,Community Event,2025-08-18,GRPL Outdoor Storytime at Lincoln Park,E86,Number Kids Engaged
7660,Community Event,2025-08-18,GRPL Outdoor Storytime at Lincoln Park,E86,Number Adults Engaged
7661,Community Event,2025-08-18,GRPL Outdoor Storytime at Lincoln Park,E86,Number Adults Engaged
7662,Community Event,2025-08-18,GRPL Outdoor Storytime at Lincoln Park,E86,Number Adults Engaged
7663,Community Event,2025-08-18,GRPL Outdoor Storytime at Lincoln Park,E86,Number Adults Engaged
7664,Community Event,2025-08-18,GRPL Outdoor Storytime at Lincoln Park,E86,Number Adults Engaged
7665,Community Event,2025-08-18,GRPL Outdoor Storytime at Lincoln Park,E86,Number Adults Engaged
7666,Community Event,2025-08-18,GRPL Outdoor Storytime at Lincoln Park,E86,Number Adults Engaged
7667,Community Event,2025-08-18,GRPL Outdoor Storytime at Lincoln Park,E86,Number Adults Engaged
7668,Community Event,2025-08-18,GRPL Outdoor Storytime at Lincoln Park,E86,Number Adults Engaged
7669,Community Event,2025-08-18,GRPL Outdoor Storytime at Lincoln Park,E86,Number Adults Engaged
7670,Community Event,2025-08-18,GRPL Outdoor Storytime at Lincoln Park,E86,Number Adults Engaged
7671,Community Event,2025-08-18,GRPL Outdoor Storytime at Lincoln Park,E86,Number Adults Engaged
7672,Community Event,2025-08-18,GRPL Outdoor Storytime at Lincoln Park,E86,Number Adults Engaged
7673,Community Event,2025-08-18,GRPL Outdoor Storytime at Lincoln Park,E86,Number Adults Engaged
7674,Community Event,2025-08-18,GRPL Outdoor Storytime at Lincoln Park,E86,Number Adults Engaged
7675,Community Event,2025-08-18,GRPL Outdoor Storytime at Lincoln Park,E86,Number Adults Engaged
7676,Community Event,2025-08-18,GRPL Outdoor Storytime at Lincoln Park,E86,Number Adults Engaged
7677,Community Event,2025-08-18,GRPL Outdoor Storytime at Lincoln Park,E86,Number Adults Engaged
7678,Community Event,2025-08-18,GRPL Outdoor Storytime at Lincoln Park,E86,Number Adults Engaged
7679,Community Event,2025-08-18,GRPL Outdoor Storytime at Lincoln Park,E86,Number Adults Engaged
7680,Community Event,2025-08-18,GRPL Outdoor Storytime at Lincoln Park,E86,Number Adults Engaged
7681,Community Event,2025-08-18,GRPL Outdoor Storytime at Lincoln Park,E86,Number Adults Engaged
7682,Community Event,2025-08-18,GRPL Outdoor Storytime at Lincoln Park,E86,Number Adults Engaged
7683,Partner Tabling,2025-08-22,Sheldon WIC Clinic,E87,Number Kids Engaged
7684,Partner Tabling,2025-08-22,Sheldon WIC Clinic,E87,Number Kids Engaged
7685,Partner Tabling,2025-08-22,Sheldon WIC Clinic,E87,Number Kids Engaged
7686,Partner Tabling,2025-08-22,Sheldon WIC Clinic,E87,Number Kids Engaged
7687,Partner Tabling,2025-08-22,Sheldon WIC Clinic,E87,Number Kids Engaged
7688,Partner Tabling,2025-08-22,Sheldon WIC Clinic,E87,Number Kids Engaged
7689,Partner Tabling,2025-08-22,Sheldon WIC Clinic,E87,Number Kids Engaged
7690,Partner Tabling,2025-08-22,Sheldon WIC Clinic,E87,Number Kids Engaged
7691,Partner Tabling,2025-08-22,Sheldon WIC Clinic,E87,Number Kids Engaged
7692,Partner Tabling,2025-08-22,Sheldon WIC Clinic,E87,Number Kids Engaged
7693,Partner Tabling,2025-08-22,Sheldon WIC Clinic,E87,Number Adults Engaged
7694,Partner Tabling,2025-08-22,Sheldon WIC Clinic,E87,Number Adults Engaged
7695,Partner Tabling,2025-08-22,Sheldon WIC Clinic,E87,Number Adults Engaged
7696,Partner Tabling,2025-08-22,Sheldon WIC Clinic,E87,Number Adults Engaged
7697,Partner Tabling,2025-08-22,Sheldon WIC Clinic,E87,Number Adults Engaged
7698,Partner Tabling,2025-08-22,Sheldon WIC Clinic,E87,Number Adults Engaged
7699,Partner Tabling,2025-08-22,Sheldon WIC Clinic,E87,Number Adults Engaged
7700,Partner Tabling,2025-08-22,Sheldon WIC Clinic,E87,Number Adults Engaged
7701,Partner Tabling,2025-08-22,Sheldon WIC Clinic,E87,Number Adults Engaged
7702,Partner Tabling,2025-08-22,Sheldon WIC Clinic,E87,Number Adults Engaged
7703,Partner Tabling,2025-08-22,Sheldon WIC Clinic,E87,Number Adults Engaged
7704,Community Event,2025-08-23,Envisioning our Early Learning Community,E88,Number Kids Engaged
7705,Community Event,2025-08-23,Envisioning our Early Learning Community,E88,Number Kids Engaged
7706,Community Event,2025-08-23,Envisioning our Early Learning Community,E88,Number Kids Engaged
7707,Community Event,2025-08-23,Envisioning our Early Learning Community,E88,Number Kids Engaged
7708,Community Event,2025-08-23,Envisioning our Early Learning Community,E88,Number Kids Engaged
7709,Community Event,2025-08-23,Envisioning our Early Learning Community,E88,Number Kids Engaged
7710,Community Event,2025-08-23,Envisioning our Early Learning Community,E88,Number Kids Engaged
7711,Community Event,2025-08-23,Envisioning our Early Learning Community,E88,Number Kids Engaged
7712,Community Event,2025-08-23,Envisioning our Early Learning Community,E88,Number Kids Engaged
7713,Community Event,2025-08-23,Envisioning our Early Learning Community,E88,Number Kids Engaged
7714,Community Event,2025-08-23,Envisioning our Early Learning Community,E88,Number Adults Engaged
7715,Community Event,2025-08-23,Envisioning our Early Learning Community,E88,Number Adults Engaged
7716,Community Event,2025-08-23,Envisioning our Early Learning Community,E88,Number Adults Engaged
7717,Community Event,2025-08-23,Envisioning our Early Learning Community,E88,Number Adults Engaged
7718,Community Event,2025-08-23,Envisioning our Early Learning Community,E88,Number Adults Engaged
7719,Community Event,2025-08-23,Envisioning our Early Learning Community,E88,Number Adults Engaged
7720,Community Event,2025-08-23,Envisioning our Early Learning Community,E88,Number Adults Engaged
7721,Community Event,2025-08-23,Envisioning our Early Learning Community,E88,Number Adults Engaged
7722,Community Event,2025-08-23,Envisioning our Early Learning Community,E88,Number Adults Engaged
7723,Community Event,2025-08-23,Envisioning our Early Learning Community,E88,Number Adults Engaged
7724,Community Event,2025-08-23,Envisioning our Early Learning Community,E88,Number Adults Engaged
7725,Partner Tabling,2025-08-25,Grand Rapids Public Library Main Branch,E89,Number Kids Engaged
7726,Partner Tabling,2025-08-25,Grand Rapids Public Library Main Branch,E89,Number Kids Engaged
7727,Partner Tabling,2025-08-25,Grand Rapids Public Library Main Branch,E89,Number Kids Engaged
7728,Partner Tabling,2025-08-25,Grand Rapids Public Library Main Branch,E89,Number Kids Engaged
7729,Partner Tabling,2025-08-25,Grand Rapids Public Library Main Branch,E89,Number Kids Engaged
7730,Partner Tabling,2025-08-25,Grand Rapids Public Library Main Branch,E89,Number Kids Engaged
7731,Partner Tabling,2025-08-25,Grand Rapids Public Library Main Branch,E89,Number Kids Engaged
7732,Partner Tabling,2025-08-25,Grand Rapids Public Library Main Branch,E89,Number Kids Engaged
7733,Partner Tabling,2025-08-25,Grand Rapids Public Library Main Branch,E89,Number Kids Engaged
7734,Partner Tabling,2025-08-25,Grand Rapids Public Library Main Branch,E89,Number Kids Engaged
7735,Partner Tabling,2025-08-25,Grand Rapids Public Library Main Branch,E89,Number Kids Engaged
7736,Partner Tabling,2025-08-25,Grand Rapids Public Library Main Branch,E89,Number Kids Engaged
7737,Partner Tabling,2025-08-25,Grand Rapids Public Library Main Branch,E89,Number Kids Engaged
7738,Partner Tabling,2025-08-25,Grand Rapids Public Library Main Branch,E89,Number Kids Engaged
7739,Partner Tabling,2025-08-25,Grand Rapids Public Library Main Branch,E89,Number Kids Engaged
7740,Partner Tabling,2025-08-25,Grand Rapids Public Library Main Branch,E89,Number Adults Engaged
7741,Partner Tabling,2025-08-25,Grand Rapids Public Library Main Branch,E89,Number Adults Engaged
7742,Partner Tabling,2025-08-25,Grand Rapids Public Library Main Branch,E89,Number Adults Engaged
7743,Partner Tabling,2025-08-25,Grand Rapids Public Library Main Branch,E89,Number Adults Engaged
7744,Partner Tabling,2025-08-25,Grand Rapids Public Library Main Branch,E89,Number Adults Engaged
7745,Partner Tabling,2025-08-25,Grand Rapids Public Library Main Branch,E89,Number Adults Engaged
7746,Partner Tabling,2025-08-25,Grand Rapids Public Library Main Branch,E89,Number Adults Engaged
7747,Partner Tabling,2025-08-25,Grand Rapids Public Library Main Branch,E89,Number Adults Engaged
7748,Partner Tabling,2025-08-25,Grand Rapids Public Library Main Branch,E89,Number Adults Engaged
7749,Partner Tabling,2025-08-25,Grand Rapids Public Library Main Branch,E89,Number Adults Engaged
7750,Partner Tabling,2025-08-25,Grand Rapids Public Library Main Branch,E89,Number Adults Engaged
7751,Partner Tabling,2025-08-25,Grand Rapids Public Library Main Branch,E89,Number Adults Engaged
7752,Partner Tabling,2025-08-25,Grand Rapids Public Library Main Branch,E89,Number Adults Engaged
7753,Partner Tabling,2025-08-25,Grand Rapids Public Library Main Branch,E89,Number Adults Engaged
7754,Partner Tabling,2025-08-25,Grand Rapids Public Library Main Branch,E89,Number Adults Engaged
7755,Partner Tabling,2025-08-25,Grand Rapids Public Library Main Branch,E89,Number Adults Engaged
7756,Partner Tabling,2025-08-25,Grand Rapids Public Library Main Branch,E89,Number Adults Engaged
7757,Partner Tabling,2025-08-25,Grand Rapids Public Library Main Branch,E89,Number Adults Engaged
7758,Partner Tabling,2025-08-25,Grand Rapids Public Library Main Branch,E89,Number Adults Engaged
7759,Partner Tabling,2025-08-25,Grand Rapids Public Library Main Branch,E89,Number Adults Engaged
7760,Partner Tabling,2025-08-25,Grand Rapids Public Library Main Branch,E89,Number Adults Engaged
7761,Partner Tabling,2025-08-25,Grand Rapids Public Library Main Branch,E89,Number Adults Engaged
7762,Partner Tabling,2025-08-27,Sheldon WIC Clinic,E90,Number Kids Engaged
7763,Partner Tabling,2025-08-27,Sheldon WIC Clinic,E90,Number Kids Engaged
7764,Partner Tabling,2025-08-27,Sheldon WIC Clinic,E90,Number Kids Engaged
7765,Partner Tabling,2025-08-27,Sheldon WIC Clinic,E90,Number Kids Engaged
7766,Partner Tabling,2025-08-27,Sheldon WIC Clinic,E90,Number Kids Engaged
7767,Partner Tabling,2025-08-27,Sheldon WIC Clinic,E90,Number Kids Engaged
7768,Partner Tabling,2025-08-27,Sheldon WIC Clinic,E90,Number Kids Engaged
7769,Partner Tabling,2025-08-27,Sheldon WIC Clinic,E90,Number Kids Engaged
7770,Partner Tabling,2025-08-27,Sheldon WIC Clinic,E90,Number Kids Engaged
7771,Partner Tabling,2025-08-27,Sheldon WIC Clinic,E90,Number Kids Engaged
7772,Partner Tabling,2025-08-27,Sheldon WIC Clinic,E90,Number Adults Engaged
7773,Partner Tabling,2025-08-27,Sheldon WIC Clinic,E90,Number Adults Engaged
7774,Partner Tabling,2025-08-27,Sheldon WIC Clinic,E90,Number Adults Engaged
7775,Partner Tabling,2025-08-27,Sheldon WIC Clinic,E90,Number Adults Engaged
7776,Partner Tabling,2025-08-27,Sheldon WIC Clinic,E90,Number Adults Engaged
7777,Partner Tabling,2025-08-27,Sheldon WIC Clinic,E90,Number Adults Engaged
7778,Partner Tabling,2025-08-27,Sheldon WIC Clinic,E90,Number Adults Engaged
7779,Partner Tabling,2025-08-27,Sheldon WIC Clinic,E90,Number Adults Engaged
7780,Partner Tabling,2025-08-27,Sheldon WIC Clinic,E90,Number Adults Engaged
7781,Partner Tabling,2025-08-27,Sheldon WIC Clinic,E90,Number Adults Engaged
7782,Partner Tabling,2025-08-27,Sheldon WIC Clinic,E90,Number Adults Engaged
7783,Partner Tabling,2025-08-27,Sheldon WIC Clinic,E90,Number Adults Engaged
7784,Partner Tabling,2025-08-27,Sheldon WIC Clinic,E90,Number Adults Engaged
7785,Partner Tabling,2025-08-27,Sheldon WIC Clinic,E90,Number Adults Engaged
7786,Partner Tabling,2025-08-27,Sheldon WIC Clinic,E90,Number Adults Engaged
7787,Partner Tabling,2025-08-27,Sheldon WIC Clinic,E90,Number Adults Engaged
7788,Partner Tabling,2025-09-02,Sheldon WIC Clinic,E91,Number Kids Engaged
7789,Partner Tabling,2025-09-02,Sheldon WIC Clinic,E91,Number Kids Engaged
7790,Partner Tabling,2025-09-02,Sheldon WIC Clinic,E91,Number Kids Engaged
7791,Partner Tabling,2025-09-02,Sheldon WIC Clinic,E91,Number Kids Engaged
7792,Partner Tabling,2025-09-02,Sheldon WIC Clinic,E91,Number Kids Engaged
7793,Partner Tabling,2025-09-02,Sheldon WIC Clinic,E91,Number Kids Engaged
7794,Partner Tabling,2025-09-02,Sheldon WIC Clinic,E91,Number Kids Engaged
7795,Partner Tabling,2025-09-02,Sheldon WIC Clinic,E91,Number Kids Engaged
7796,Partner Tabling,2025-09-02,Sheldon WIC Clinic,E91,Number Kids Engaged
7797,Partner Tabling,2025-09-02,Sheldon WIC Clinic,E91,Number Kids Engaged
7798,Partner Tabling,2025-09-02,Sheldon WIC Clinic,E91,Number Kids Engaged
7799,Partner Tabling,2025-09-02,Sheldon WIC Clinic,E91,Number Kids Engaged
7800,Partner Tabling,2025-09-02,Sheldon WIC Clinic,E91,Number Kids Engaged
7801,Partner Tabling,2025-09-02,Sheldon WIC Clinic,E91,Number Kids Engaged
7802,Partner Tabling,2025-09-02,Sheldon WIC Clinic,E91,Number Kids Engaged
7803,Partner Tabling,2025-09-02,Sheldon WIC Clinic,E91,Number Kids Engaged
7804,Partner Tabling,2025-09-02,Sheldon WIC Clinic,E91,Number Kids Engaged
7805,Partner Tabling,2025-09-02,Sheldon WIC Clinic,E91,Number Adults Engaged
7806,Partner Tabling,2025-09-02,Sheldon WIC Clinic,E91,Number Adults Engaged
7807,Partner Tabling,2025-09-02,Sheldon WIC Clinic,E91,Number Adults Engaged
7808,Partner Tabling,2025-09-02,Sheldon WIC Clinic,E91,Number Adults Engaged
7809,Partner Tabling,2025-09-02,Sheldon WIC Clinic,E91,Number Adults Engaged
7810,Partner Tabling,2025-09-02,Sheldon WIC Clinic,E91,Number Adults Engaged
7811,Partner Tabling,2025-09-02,Sheldon WIC Clinic,E91,Number Adults Engaged
7812,Partner Tabling,2025-09-02,Sheldon WIC Clinic,E91,Number Adults Engaged
7813,Partner Tabling,2025-09-02,Sheldon WIC Clinic,E91,Number Adults Engaged
7814,Partner Tabling,2025-09-02,Sheldon WIC Clinic,E91,Number Adults Engaged
7815,Partner Tabling,2025-09-02,Sheldon WIC Clinic,E91,Number Adults Engaged
7816,Partner Tabling,2025-09-02,Sheldon WIC Clinic,E91,Number Adults Engaged
7817,Partner Tabling,2025-09-02,Sheldon WIC Clinic,E91,Number Adults Engaged
7818,Partner Tabling,2025-09-02,Sheldon WIC Clinic,E91,Number Adults Engaged
7819,Partner Tabling,2025-09-02,Sheldon WIC Clinic,E91,Number Adults Engaged
7820,Partner Tabling,2025-09-02,Sheldon WIC Clinic,E91,Number Adults Engaged
7821,Partner Tabling,2025-09-02,Sheldon WIC Clinic,E91,Number Adults Engaged
7822,Partner Tabling,2025-09-02,Sheldon WIC Clinic,E91,Number Adults Engaged
7823,Partner Tabling,2025-09-02,Sheldon WIC Clinic,E91,Number Adults Engaged
7824,Partner Tabling,2025-09-02,Sheldon WIC Clinic,E91,Number Adults Engaged
7825,Partner Tabling,2025-09-02,Sheldon WIC Clinic,E91,Number Adults Engaged
7826,Partner Tabling,2025-09-02,Sheldon WIC Clinic,E91,Number Adults Engaged
7827,Partner Tabling,2025-09-02,Sheldon WIC Clinic,E91,Number Adults Engaged
7828,Partner Tabling,2025-09-02,Sheldon WIC Clinic,E91,Number Adults Engaged
7829,Partner Tabling,2025-09-02,Sheldon WIC Clinic,E91,Number Adults Engaged
7830,Partner Tabling,2025-09-02,Sheldon WIC Clinic,E91,Number Adults Engaged
7831,Partner Tabling,2025-09-02,Sheldon WIC Clinic,E91,Number Adults Engaged
7832,Partner Tabling,2025-09-02,Sheldon WIC Clinic,E91,Number Adults Engaged
7833,Partner Tabling,2025-09-02,Sheldon WIC Clinic,E91,Number Adults Engaged
7834,Partner Tabling,2025-09-02,Sheldon WIC Clinic,E91,Number Adults Engaged
7835,Partner Tabling,2025-09-02,Sheldon WIC Clinic,E91,Number Adults Engaged
7836,Community Event,2025-09-09,Meet your Neighbors,E92,Number Kids Engaged
7837,Community Event,2025-09-09,Meet your Neighbors,E92,Number Kids Engaged
7838,Community Event,2025-09-09,Meet your Neighbors,E92,Number Kids Engaged
7839,Community Event,2025-09-09,Meet your Neighbors,E92,Number Kids Engaged
7840,Community Event,2025-09-09,Meet your Neighbors,E92,Number Kids Engaged
7841,Community Event,2025-09-09,Meet your Neighbors,E92,Number Kids Engaged
7842,Community Event,2025-09-09,Meet your Neighbors,E92,Number Kids Engaged
7843,Community Event,2025-09-09,Meet your Neighbors,E92,Number Kids Engaged
7844,Community Event,2025-09-09,Meet your Neighbors,E92,Number Kids Engaged
7845,Community Event,2025-09-09,Meet your Neighbors,E92,Number Kids Engaged
7846,Community Event,2025-09-09,Meet your Neighbors,E92,Number Kids Engaged
7847,Community Event,2025-09-09,Meet your Neighbors,E92,Number Kids Engaged
7848,Community Event,2025-09-09,Meet your Neighbors,E92,Number Kids Engaged
7849,Community Event,2025-09-09,Meet your Neighbors,E92,Number Kids Engaged
7850,Community Event,2025-09-09,Meet your Neighbors,E92,Number Kids Engaged
7851,Community Event,2025-09-09,Meet your Neighbors,E92,Number Kids Engaged
7852,Community Event,2025-09-09,Meet your Neighbors,E92,Number Kids Engaged
7853,Community Event,2025-09-09,Meet your Neighbors,E92,Number Kids Engaged
7854,Community Event,2025-09-09,Meet your Neighbors,E92,Number Kids Engaged
7855,Community Event,2025-09-09,Meet your Neighbors,E92,Number Kids Engaged
7856,Community Event,2025-09-09,Meet your Neighbors,E92,Number Kids Engaged
7857,Community Event,2025-09-09,Meet your Neighbors,E92,Number Kids Engaged
7858,Community Event,2025-09-09,Meet your Neighbors,E92,Number Kids Engaged
7859,Community Event,2025-09-09,Meet your Neighbors,E92,Number Adults Engaged
7860,Community Event,2025-09-09,Meet your Neighbors,E92,Number Adults Engaged
7861,Community Event,2025-09-09,Meet your Neighbors,E92,Number Adults Engaged
7862,Community Event,2025-09-09,Meet your Neighbors,E92,Number Adults Engaged
7863,Community Event,2025-09-09,Meet your Neighbors,E92,Number Adults Engaged
7864,Community Event,2025-09-09,Meet your Neighbors,E92,Number Adults Engaged
7865,Community Event,2025-09-09,Meet your Neighbors,E92,Number Adults Engaged
7866,Community Event,2025-09-09,Meet your Neighbors,E92,Number Adults Engaged
7867,Community Event,2025-09-09,Meet your Neighbors,E92,Number Adults Engaged
7868,Community Event,2025-09-09,Meet your Neighbors,E92,Number Adults Engaged
7869,Community Event,2025-09-09,Meet your Neighbors,E92,Number Adults Engaged
7870,Community Event,2025-09-09,Meet your Neighbors,E92,Number Adults Engaged
7871,Community Event,2025-09-09,Meet your Neighbors,E92,Number Adults Engaged
7872,Community Event,2025-09-09,Meet your Neighbors,E92,Number Adults Engaged
7873,Community Event,2025-09-09,Meet your Neighbors,E92,Number Adults Engaged
7874,Community Event,2025-09-09,Meet your Neighbors,E92,Number Adults Engaged
7875,Community Event,2025-09-09,Meet your Neighbors,E92,Number Adults Engaged
7876,Community Event,2025-09-09,Meet your Neighbors,E92,Number Adults Engaged
7877,Community Event,2025-09-09,Meet your Neighbors,E92,Number Adults Engaged
7878,Community Event,2025-09-09,Meet your Neighbors,E92,Number Adults Engaged
7879,Community Event,2025-09-09,Meet your Neighbors,E92,Number Adults Engaged
7880,Community Event,2025-09-09,Meet your Neighbors,E92,Number Adults Engaged
7881,Community Event,2025-09-09,Meet your Neighbors,E92,Number Adults Engaged
7882,Community Event,2025-09-09,Meet your Neighbors,E92,Number Adults Engaged
7883,Community Event,2025-09-09,Meet your Neighbors,E92,Number Adults Engaged
7884,Community Event,2025-09-09,Meet your Neighbors,E92,Number Adults Engaged
7885,Community Event,2025-09-09,Meet your Neighbors,E92,Number Adults Engaged
7886,Community Event,2025-09-09,Meet your Neighbors,E92,Number Adults Engaged
7887,Community Event,2025-09-09,Meet your Neighbors,E92,Number Adults Engaged
7888,Community Event,2025-09-09,Meet your Neighbors,E92,Number Adults Engaged
7889,Community Event,2025-09-09,Meet your Neighbors,E92,Number Adults Engaged
7890,Community Event,2025-09-09,Meet your Neighbors,E92,Number Adults Engaged
7891,Community Event,2025-09-09,Meet your Neighbors,E92,Number Adults Engaged
7892,Community Event,2025-09-09,Meet your Neighbors,E92,Number Adults Engaged
7893,Community Event,2025-09-09,Meet your Neighbors,E92,Number Adults Engaged
7894,Community Event,2025-09-09,Meet your Neighbors,E92,Number Adults Engaged
7895,Community Event,2025-09-09,Meet your Neighbors,E92,Number Adults Engaged
7896,Community Event,2025-09-09,Meet your Neighbors,E92,Number Adults Engaged
7897,Community Event,2025-09-09,Meet your Neighbors,E92,Number Adults Engaged
7898,Community Event,2025-09-09,Meet your Neighbors,E92,Number Adults Engaged
7899,Partner Tabling,2025-09-10,HELP Pregnancy Aid,E93,Number Kids Engaged
7900,Partner Tabling,2025-09-10,HELP Pregnancy Aid,E93,Number Kids Engaged
7901,Partner Tabling,2025-09-10,HELP Pregnancy Aid,E93,Number Kids Engaged
7902,Partner Tabling,2025-09-10,HELP Pregnancy Aid,E93,Number Kids Engaged
7903,Partner Tabling,2025-09-10,HELP Pregnancy Aid,E93,Number Adults Engaged
7904,Partner Tabling,2025-09-10,HELP Pregnancy Aid,E93,Number Adults Engaged
7905,Partner Tabling,2025-09-10,HELP Pregnancy Aid,E93,Number Adults Engaged
7906,Partner Tabling,2025-09-10,HELP Pregnancy Aid,E93,Number Adults Engaged
7907,Partner Tabling,2025-09-10,HELP Pregnancy Aid,E93,Number Adults Engaged
7908,Partner Tabling,2025-09-10,HELP Pregnancy Aid,E93,Number Adults Engaged
7909,Partner Tabling,2025-09-10,HELP Pregnancy Aid,E93,Number Adults Engaged
7910,Partner Tabling,2025-09-10,HELP Pregnancy Aid,E93,Number Adults Engaged
7911,Partner Tabling,2025-09-10,HELP Pregnancy Aid,E93,Number Adults Engaged
7912,Partner Tabling,2025-09-10,HELP Pregnancy Aid,E93,Number Adults Engaged
7913,Partner Tabling,2025-09-10,HELP Pregnancy Aid,E93,Number Adults Engaged
7914,Partner Tabling,2025-09-10,HELP Pregnancy Aid,E93,Number Adults Engaged
7915,Community Event,2025-09-13,March for Fatherhood,E94,Number Kids Engaged
7916,Community Event,2025-09-13,March for Fatherhood,E94,Number Kids Engaged
7917,Community Event,2025-09-13,March for Fatherhood,E94,Number Kids Engaged
7918,Community Event,2025-09-13,March for Fatherhood,E94,Number Kids Engaged
7919,Community Event,2025-09-13,March for Fatherhood,E94,Number Kids Engaged
7920,Community Event,2025-09-13,March for Fatherhood,E94,Number Kids Engaged
7921,Community Event,2025-09-13,March for Fatherhood,E94,Number Kids Engaged
7922,Community Event,2025-09-13,March for Fatherhood,E94,Number Kids Engaged
7923,Community Event,2025-09-13,March for Fatherhood,E94,Number Kids Engaged
7924,Community Event,2025-09-13,March for Fatherhood,E94,Number Kids Engaged
7925,Community Event,2025-09-13,March for Fatherhood,E94,Number Kids Engaged
7926,Community Event,2025-09-13,March for Fatherhood,E94,Number Kids Engaged
7927,Community Event,2025-09-13,March for Fatherhood,E94,Number Kids Engaged
7928,Community Event,2025-09-13,March for Fatherhood,E94,Number Kids Engaged
7929,Community Event,2025-09-13,March for Fatherhood,E94,Number Kids Engaged
7930,Community Event,2025-09-13,March for Fatherhood,E94,Number Kids Engaged
7931,Community Event,2025-09-13,March for Fatherhood,E94,Number Kids Engaged
7932,Community Event,2025-09-13,March for Fatherhood,E94,Number Kids Engaged
7933,Community Event,2025-09-13,March for Fatherhood,E94,Number Kids Engaged
7934,Community Event,2025-09-13,March for Fatherhood,E94,Number Kids Engaged
7935,Community Event,2025-09-13,March for Fatherhood,E94,Number Kids Engaged
7936,Community Event,2025-09-13,March for Fatherhood,E94,Number Kids Engaged
7937,Community Event,2025-09-13,March for Fatherhood,E94,Number Kids Engaged
7938,Community Event,2025-09-13,March for Fatherhood,E94,Number Kids Engaged
7939,Community Event,2025-09-13,March for Fatherhood,E94,Number Kids Engaged
7940,Community Event,2025-09-13,March for Fatherhood,E94,Number Kids Engaged
7941,Community Event,2025-09-13,March for Fatherhood,E94,Number Kids Engaged
7942,Community Event,2025-09-13,March for Fatherhood,E94,Number Adults Engaged
7943,Community Event,2025-09-13,March for Fatherhood,E94,Number Adults Engaged
7944,Community Event,2025-09-13,March for Fatherhood,E94,Number Adults Engaged
7945,Community Event,2025-09-13,March for Fatherhood,E94,Number Adults Engaged
7946,Community Event,2025-09-13,March for Fatherhood,E94,Number Adults Engaged
7947,Community Event,2025-09-13,March for Fatherhood,E94,Number Adults Engaged
7948,Community Event,2025-09-13,March for Fatherhood,E94,Number Adults Engaged
7949,Community Event,2025-09-13,March for Fatherhood,E94,Number Adults Engaged
7950,Community Event,2025-09-13,March for Fatherhood,E94,Number Adults Engaged
7951,Community Event,2025-09-13,March for Fatherhood,E94,Number Adults Engaged
7952,Community Event,2025-09-13,March for Fatherhood,E94,Number Adults Engaged
7953,Community Event,2025-09-13,March for Fatherhood,E94,Number Adults Engaged
7954,Community Event,2025-09-13,March for Fatherhood,E94,Number Adults Engaged
7955,Community Event,2025-09-13,March for Fatherhood,E94,Number Adults Engaged
7956,Community Event,2025-09-13,March for Fatherhood,E94,Number Adults Engaged
7957,Community Event,2025-09-13,March for Fatherhood,E94,Number Adults Engaged
7958,Community Event,2025-09-13,March for Fatherhood,E94,Number Adults Engaged
7959,Community Event,2025-09-13,March for Fatherhood,E94,Number Adults Engaged
7960,Community Event,2025-09-13,March for Fatherhood,E94,Number Adults Engaged
7961,Community Event,2025-09-13,March for Fatherhood,E94,Number Adults Engaged
7962,Community Event,2025-09-13,March for Fatherhood,E94,Number Adults Engaged
7963,Community Event,2025-09-13,March for Fatherhood,E94,Number Adults Engaged
7964,Community Event,2025-09-13,March for Fatherhood,E94,Number Adults Engaged
7965,Community Event,2025-09-13,March for Fatherhood,E94,Number Adults Engaged
7966,Community Event,2025-09-13,March for Fatherhood,E94,Number Adults Engaged
7967,Community Event,2025-09-13,March for Fatherhood,E94,Number Adults Engaged
7968,Partner Tabling,2025-09-15,Pregnancy Resource Center,E95,Number Kids Engaged
7969,Partner Tabling,2025-09-15,Pregnancy Resource Center,E95,Number Kids Engaged
7970,Partner Tabling,2025-09-15,Pregnancy Resource Center,E95,Number Kids Engaged
7971,Partner Tabling,2025-09-15,Pregnancy Resource Center,E95,Number Kids Engaged
7972,Partner Tabling,2025-09-15,Pregnancy Resource Center,E95,Number Kids Engaged
7973,Partner Tabling,2025-09-15,Pregnancy Resource Center,E95,Number Kids Engaged
7974,Partner Tabling,2025-09-15,Pregnancy Resource Center,E95,Number Adults Engaged
7975,Partner Tabling,2025-09-15,Pregnancy Resource Center,E95,Number Adults Engaged
7976,Partner Tabling,2025-09-15,Pregnancy Resource Center,E95,Number Adults Engaged
7977,Partner Tabling,2025-09-15,Pregnancy Resource Center,E95,Number Adults Engaged
7978,Partner Tabling,2025-09-15,Pregnancy Resource Center,E95,Number Adults Engaged
7979,Partner Tabling,2025-09-15,Pregnancy Resource Center,E95,Number Adults Engaged
7980,Partner Tabling,2025-09-16,St. Gianna's No Cost Baby Boutique,E96,Number Kids Engaged
7981,Partner Tabling,2025-09-16,St. Gianna's No Cost Baby Boutique,E96,Number Kids Engaged
7982,Partner Tabling,2025-09-16,St. Gianna's No Cost Baby Boutique,E96,Number Kids Engaged
7983,Partner Tabling,2025-09-16,St. Gianna's No Cost Baby Boutique,E96,Number Kids Engaged
7984,Partner Tabling,2025-09-16,St. Gianna's No Cost Baby Boutique,E96,Number Kids Engaged
7985,Partner Tabling,2025-09-16,St. Gianna's No Cost Baby Boutique,E96,Number Kids Engaged
7986,Partner Tabling,2025-09-16,St. Gianna's No Cost Baby Boutique,E96,Number Kids Engaged
7987,Partner Tabling,2025-09-16,St. Gianna's No Cost Baby Boutique,E96,Number Kids Engaged
7988,Partner Tabling,2025-09-16,St. Gianna's No Cost Baby Boutique,E96,Number Adults Engaged
7989,Partner Tabling,2025-09-16,St. Gianna's No Cost Baby Boutique,E96,Number Adults Engaged
7990,Partner Tabling,2025-09-16,St. Gianna's No Cost Baby Boutique,E96,Number Adults Engaged
7991,Partner Tabling,2025-09-16,St. Gianna's No Cost Baby Boutique,E96,Number Adults Engaged
7992,Partner Tabling,2025-09-16,St. Gianna's No Cost Baby Boutique,E96,Number Adults Engaged
7993,Partner Tabling,2025-09-16,St. Gianna's No Cost Baby Boutique,E96,Number Adults Engaged
7994,Partner Tabling,2025-09-16,St. Gianna's No Cost Baby Boutique,E96,Number Adults Engaged
7995,Partner Tabling,2025-09-16,St. Gianna's No Cost Baby Boutique,E96,Number Adults Engaged
7996,Partner Tabling,2025-09-16,St. Gianna's No Cost Baby Boutique,E96,Number Adults Engaged
7997,Partner Tabling,2025-09-16,St. Gianna's No Cost Baby Boutique,E96,Number Adults Engaged
7998,Partner Tabling,2025-09-16,St. Gianna's No Cost Baby Boutique,E96,Number Adults Engaged
7999,Community Event,2025-09-20,9in|9out Parent & Baby Expo,E97,Number Kids Engaged
8000,Community Event,2025-09-20,9in|9out Parent & Baby Expo,E97,Number Kids Engaged
8001,Community Event,2025-09-20,9in|9out Parent & Baby Expo,E97,Number Kids Engaged
8002,Community Event,2025-09-20,9in|9out Parent & Baby Expo,E97,Number Kids Engaged
8003,Community Event,2025-09-20,9in|9out Parent & Baby Expo,E97,Number Kids Engaged
8004,Community Event,2025-09-20,9in|9out Parent & Baby Expo,E97,Number Kids Engaged
8005,Community Event,2025-09-20,9in|9out Parent & Baby Expo,E97,Number Kids Engaged
8006,Community Event,2025-09-20,9in|9out Parent & Baby Expo,E97,Number Kids Engaged
8007,Community Event,2025-09-20,9in|9out Parent & Baby Expo,E97,Number Adults Engaged
8008,Community Event,2025-09-20,9in|9out Parent & Baby Expo,E97,Number Adults Engaged
8009,Community Event,2025-09-20,9in|9out Parent & Baby Expo,E97,Number Adults Engaged
8010,Community Event,2025-09-20,9in|9out Parent & Baby Expo,E97,Number Adults Engaged
8011,Community Event,2025-09-20,9in|9out Parent & Baby Expo,E97,Number Adults Engaged
8012,Community Event,2025-09-20,9in|9out Parent & Baby Expo,E97,Number Adults Engaged
8013,Community Event,2025-09-20,9in|9out Parent & Baby Expo,E97,Number Adults Engaged
8014,Community Event,2025-09-20,9in|9out Parent & Baby Expo,E97,Number Adults Engaged
8015,Community Event,2025-09-20,9in|9out Parent & Baby Expo,E97,Number Adults Engaged
8016,Community Event,2025-09-20,9in|9out Parent & Baby Expo,E97,Number Adults Engaged
8017,Community Event,2025-09-20,9in|9out Parent & Baby Expo,E97,Number Adults Engaged
8018,Community Event,2025-09-20,9in|9out Parent & Baby Expo,E97,Number Adults Engaged
8019,Community Event,2025-09-20,9in|9out Parent & Baby Expo,E97,Number Adults Engaged
8020,Community Event,2025-09-20,9in|9out Parent & Baby Expo,E97,Number Adults Engaged
8021,Community Event,2025-09-20,9in|9out Parent & Baby Expo,E97,Number Adults Engaged
8022,Community Event,2025-09-20,9in|9out Parent & Baby Expo,E97,Number Adults Engaged
8023,Community Event,2025-09-20,9in|9out Parent & Baby Expo,E97,Number Adults Engaged
8024,Community Event,2025-09-20,9in|9out Parent & Baby Expo,E97,Number Adults Engaged
8025,Community Event,2025-09-20,9in|9out Parent & Baby Expo,E97,Number Adults Engaged
8026,Community Event,2025-09-20,9in|9out Parent & Baby Expo,E97,Number Adults Engaged
8027,Community Event,2025-09-20,9in|9out Parent & Baby Expo,E97,Number Adults Engaged
8028,Community Event,2025-09-20,9in|9out Parent & Baby Expo,E97,Number Adults Engaged
8029,Community Event,2025-09-20,9in|9out Parent & Baby Expo,E97,Number Adults Engaged
8030,Community Event,2025-09-20,9in|9out Parent & Baby Expo,E97,Number Adults Engaged
8031,Community Event,2025-09-20,9in|9out Parent & Baby Expo,E97,Number Adults Engaged
8032,Community Event,2025-09-20,9in|9out Parent & Baby Expo,E97,Number Adults Engaged
8033,Community Event,2025-09-20,9in|9out Parent & Baby Expo,E97,Number Adults Engaged
8034,Community Event,2025-09-20,9in|9out Parent & Baby Expo,E97,Number Adults Engaged
8035,Community Event,2025-09-20,9in|9out Parent & Baby Expo,E97,Number Adults Engaged
8036,Community Event,2025-09-20,9in|9out Parent & Baby Expo,E97,Number Adults Engaged
8037,Community Event,2025-09-20,9in|9out Parent & Baby Expo,E97,Number Adults Engaged
8038,Community Event,2025-09-20,9in|9out Parent & Baby Expo,E97,Number Adults Engaged
8039,Community Event,2025-09-20,9in|9out Parent & Baby Expo,E97,Number Adults Engaged
8040,Community Event,2025-09-20,9in|9out Parent & Baby Expo,E97,Number Adults Engaged
8041,Community Event,2025-09-20,9in|9out Parent & Baby Expo,E97,Number Adults Engaged
8042,Community Event,2025-09-20,9in|9out Parent & Baby Expo,E97,Number Adults Engaged
8043,Community Event,2025-09-20,9in|9out Parent & Baby Expo,E97,Number Adults Engaged
8044,Community Event,2025-09-20,9in|9out Parent & Baby Expo,E97,Number Adults Engaged
8045,Community Event,2025-09-20,9in|9out Parent & Baby Expo,E97,Number Adults Engaged
8046,Community Event,2025-09-20,9in|9out Parent & Baby Expo,E97,Number Adults Engaged
8047,Community Event,2025-09-20,9in|9out Parent & Baby Expo,E97,Number Adults Engaged
8048,Community Event,2025-09-20,9in|9out Parent & Baby Expo,E97,Number Adults Engaged
8049,Community Event,2025-09-20,9in|9out Parent & Baby Expo,E97,Number Adults Engaged
8050,Community Event,2025-09-20,9in|9out Parent & Baby Expo,E97,Number Adults Engaged
8051,Community Event,2025-09-20,9in|9out Parent & Baby Expo,E97,Number Adults Engaged
8052,Community Event,2025-09-20,9in|9out Parent & Baby Expo,E97,Number Adults Engaged
8053,Community Event,2025-09-20,9in|9out Parent & Baby Expo,E97,Number Adults Engaged
8054,Community Event,2025-09-20,9in|9out Parent & Baby Expo,E97,Number Adults Engaged
8055,Community Event,2025-09-20,9in|9out Parent & Baby Expo,E97,Number Adults Engaged
8056,Community Event,2025-09-20,9in|9out Parent & Baby Expo,E97,Number Adults Engaged
8057,Community Event,2025-09-20,9in|9out Parent & Baby Expo,E97,Number Adults Engaged
8058,Community Event,2025-09-20,9in|9out Parent & Baby Expo,E97,Number Adults Engaged
8059,Community Event,2025-09-20,9in|9out Parent & Baby Expo,E97,Number Adults Engaged
8060,Community Event,2025-09-20,9in|9out Parent & Baby Expo,E97,Number Adults Engaged
8061,Community Event,2025-09-20,9in|9out Parent & Baby Expo,E97,Number Adults Engaged
8062,Community Event,2025-09-20,9in|9out Parent & Baby Expo,E97,Number Adults Engaged
8063,Community Event,2025-09-20,9in|9out Parent & Baby Expo,E97,Number Adults Engaged
8064,Community Event,2025-09-20,9in|9out Parent & Baby Expo,E97,Number Adults Engaged
8065,Community Event,2025-09-20,9in|9out Parent & Baby Expo,E97,Number Adults Engaged
8066,Community Event,2025-09-20,9in|9out Parent & Baby Expo,E97,Number Adults Engaged
8067,Community Event,2025-09-20,9in|9out Parent & Baby Expo,E97,Number Adults Engaged
8068,Community Event,2025-09-20,9in|9out Parent & Baby Expo,E97,Number Adults Engaged
8069,Community Event,2025-09-20,9in|9out Parent & Baby Expo,E97,Number Adults Engaged
8070,Community Event,2025-09-20,9in|9out Parent & Baby Expo,E97,Number Adults Engaged
8071,Community Event,2025-09-20,9in|9out Parent & Baby Expo,E97,Number Adults Engaged
8072,Community Event,2025-09-20,9in|9out Parent & Baby Expo,E97,Number Adults Engaged
8073,Community Event,2025-09-20,9in|9out Parent & Baby Expo,E97,Number Adults Engaged
8074,Community Event,2025-09-20,9in|9out Parent & Baby Expo,E97,Number Adults Engaged
8075,Community Event,2025-09-20,9in|9out Parent & Baby Expo,E97,Number Adults Engaged
8076,Community Event,2025-09-20,9in|9out Parent & Baby Expo,E97,Number Adults Engaged
8077,Community Event,2025-09-20,9in|9out Parent & Baby Expo,E97,Number Adults Engaged
8078,Community Event,2025-09-20,9in|9out Parent & Baby Expo,E97,Number Adults Engaged
8079,Community Event,2025-09-20,9in|9out Parent & Baby Expo,E97,Number Adults Engaged
8080,Community Event,2025-09-20,9in|9out Parent & Baby Expo,E97,Number Adults Engaged
8081,Community Event,2025-09-20,9in|9out Parent & Baby Expo,E97,Number Adults Engaged
8082,Community Event,2025-09-20,9in|9out Parent & Baby Expo,E97,Number Adults Engaged
8083,Community Event,2025-09-20,9in|9out Parent & Baby Expo,E97,Number Adults Engaged
8084,Community Event,2025-09-20,9in|9out Parent & Baby Expo,E97,Number Adults Engaged
8085,Community Event,2025-09-20,9in|9out Parent & Baby Expo,E97,Number Adults Engaged
8086,Community Event,2025-09-20,9in|9out Parent & Baby Expo,E97,Number Adults Engaged
8087,Community Event,2025-09-20,9in|9out Parent & Baby Expo,E97,Number Adults Engaged
8088,Community Event,2025-09-20,9in|9out Parent & Baby Expo,E97,Number Adults Engaged
8089,Community Event,2025-09-20,9in|9out Parent & Baby Expo,E97,Number Adults Engaged
8090,Community Event,2025-09-20,9in|9out Parent & Baby Expo,E97,Number Adults Engaged
8091,Community Event,2025-09-20,9in|9out Parent & Baby Expo,E97,Number Adults Engaged
8092,Community Event,2025-09-20,9in|9out Parent & Baby Expo,E97,Number Adults Engaged
8093,Community Event,2025-09-20,9in|9out Parent & Baby Expo,E97,Number Adults Engaged
8094,Community Event,2025-09-20,9in|9out Parent & Baby Expo,E97,Number Adults Engaged
8095,Community Event,2025-09-20,9in|9out Parent & Baby Expo,E97,Number Adults Engaged
8096,Community Event,2025-09-20,9in|9out Parent & Baby Expo,E97,Number Adults Engaged
8097,Community Event,2025-09-20,9in|9out Parent & Baby Expo,E97,Number Adults Engaged
8098,Community Event,2025-09-20,9in|9out Parent & Baby Expo,E97,Number Adults Engaged
8099,Community Event,2025-09-20,9in|9out Parent & Baby Expo,E97,Number Adults Engaged
8100,Community Event,2025-09-20,9in|9out Parent & Baby Expo,E97,Number Adults Engaged
8101,Community Event,2025-09-20,9in|9out Parent & Baby Expo,E97,Number Adults Engaged
8102,Community Event,2025-09-20,9in|9out Parent & Baby Expo,E97,Number Adults Engaged
8103,Community Event,2025-09-20,9in|9out Parent & Baby Expo,E97,Number Adults Engaged
8104,Community Event,2025-09-20,9in|9out Parent & Baby Expo,E97,Number Adults Engaged
8105,Community Event,2025-09-20,9in|9out Parent & Baby Expo,E97,Number Adults Engaged
8106,Community Event,2025-09-20,9in|9out Parent & Baby Expo,E97,Number Adults Engaged
8107,Community Event,2025-09-20,9in|9out Parent & Baby Expo,E97,Number Adults Engaged
8108,Community Event,2025-09-20,9in|9out Parent & Baby Expo,E97,NN Adult Engaged
8109,Community Event,2025-09-20,9in|9out Parent & Baby Expo,E97,NN Adult Engaged
8110,Community Event,2025-09-20,9in|9out Parent & Baby Expo,E97,NN Adult Engaged
8111,Community Event,2025-09-20,9in|9out Parent & Baby Expo,E97,NN Adult Engaged
8112,Community Event,2025-09-20,9in|9out Parent & Baby Expo,E97,NN Adult Engaged
8113,Community Event,2025-09-20,9in|9out Parent & Baby Expo,E97,NN Adult Engaged
8114,Community Event,2025-09-20,9in|9out Parent & Baby Expo,E97,NN Adult Engaged
8115,Community Event,2025-09-20,9in|9out Parent & Baby Expo,E97,NN Adult Engaged
8116,Community Event,2025-09-20,9in|9out Parent & Baby Expo,E97,NN Adult Engaged
8117,Community Event,2025-09-20,9in|9out Parent & Baby Expo,E97,NN Adult Engaged
8118,Community Event,2025-09-20,9in|9out Parent & Baby Expo,E97,NN Adult Engaged
8119,Community Event,2025-09-20,9in|9out Parent & Baby Expo,E97,NN Adult Engaged
8120,Community Event,2025-09-20,9in|9out Parent & Baby Expo,E97,NN Adult Engaged
8121,Community Event,2025-09-20,9in|9out Parent & Baby Expo,E97,NN Adult Engaged
8122,Community Event,2025-09-20,9in|9out Parent & Baby Expo,E97,NN Adult Engaged
8123,Community Event,2025-09-20,9in|9out Parent & Baby Expo,E97,NN Adult Engaged
8124,Community Event,2025-09-20,9in|9out Parent & Baby Expo,E97,NN Adult Engaged
8125,Community Event,2025-09-20,9in|9out Parent & Baby Expo,E97,NN Adult Engaged
8126,Community Event,2025-09-20,9in|9out Parent & Baby Expo,E97,NN Adult Engaged
8127,Community Event,2025-09-20,9in|9out Parent & Baby Expo,E97,NN Adult Engaged
8128,Community Event,2025-09-20,9in|9out Parent & Baby Expo,E97,NN Adult Engaged
8129,Community Event,2025-09-20,9in|9out Parent & Baby Expo,E97,NN Adult Engaged
8130,Community Event,2025-09-20,9in|9out Parent & Baby Expo,E97,NN Adult Engaged
8131,Community Event,2025-09-20,9in|9out Parent & Baby Expo,E97,NN Adult Engaged
8132,Community Event,2025-09-20,9in|9out Parent & Baby Expo,E97,NN Adult Engaged
8133,Community Event,2025-09-20,9in|9out Parent & Baby Expo,E97,NN Adult Engaged
8134,Community Event,2025-09-20,9in|9out Parent & Baby Expo,E97,NN Adult Engaged
8135,Community Event,2025-09-20,9in|9out Parent & Baby Expo,E97,NN Adult Engaged
8136,Community Event,2025-09-20,9in|9out Parent & Baby Expo,E97,NN Adult Engaged
8137,Community Event,2025-09-20,9in|9out Parent & Baby Expo,E97,NN Adult Engaged
8138,Community Event,2025-09-20,9in|9out Parent & Baby Expo,E97,NN Adult Engaged
8139,Community Event,2025-09-20,9in|9out Parent & Baby Expo,E97,NN Adult Engaged
8140,Community Event,2025-09-20,9in|9out Parent & Baby Expo,E97,NN Adult Engaged
8141,Community Event,2025-09-20,9in|9out Parent & Baby Expo,E97,NN Adult Engaged
8142,Community Event,2025-09-20,9in|9out Parent & Baby Expo,E97,NN Adult Engaged
8143,Community Event,2025-09-20,9in|9out Parent & Baby Expo,E97,NN Adult Engaged
8144,Community Event,2025-09-20,9in|9out Parent & Baby Expo,E97,NN Adult Engaged
8145,Community Event,2025-09-20,9in|9out Parent & Baby Expo,E97,NN Adult Engaged
8146,Community Event,2025-09-20,9in|9out Parent & Baby Expo,E97,NN Adult Engaged
8147,Community Event,2025-09-20,9in|9out Parent & Baby Expo,E97,NN Adult Engaged
8148,Community Event,2025-09-20,9in|9out Parent & Baby Expo,E97,NN Adult Engaged
8149,Community Event,2025-09-20,9in|9out Parent & Baby Expo,E97,NN Adult Engaged
8150,Community Event,2025-09-20,9in|9out Parent & Baby Expo,E97,NN Adult Engaged
8151,Community Event,2025-09-20,9in|9out Parent & Baby Expo,E97,NN Adult Engaged
8152,Community Event,2025-09-20,9in|9out Parent & Baby Expo,E97,NN Adult Engaged
8153,Community Event,2025-09-20,9in|9out Parent & Baby Expo,E97,NN Adult Engaged
8154,Community Event,2025-09-20,9in|9out Parent & Baby Expo,E97,NN Adult Engaged
8155,Community Event,2025-09-20,9in|9out Parent & Baby Expo,E97,NN Adult Engaged
8156,Community Event,2025-09-20,9in|9out Parent & Baby Expo,E97,NN Adult Engaged
8157,Community Event,2025-09-20,9in|9out Parent & Baby Expo,E97,NN Adult Engaged
8158,Community Event,2025-09-20,9in|9out Parent & Baby Expo,E97,NN Adult Engaged
8159,Community Event,2025-09-20,9in|9out Parent & Baby Expo,E97,NN Adult Engaged
8160,Community Event,2025-09-20,9in|9out Parent & Baby Expo,E97,NN Adult Engaged
8161,Community Event,2025-09-20,9in|9out Parent & Baby Expo,E97,NN Adult Engaged
8162,Community Event,2025-09-20,9in|9out Parent & Baby Expo,E97,NN Adult Engaged
8163,Community Event,2025-09-20,9in|9out Parent & Baby Expo,E97,NN Adult Engaged
8164,Community Event,2025-09-20,9in|9out Parent & Baby Expo,E97,NN Adult Engaged
8165,Community Event,2025-09-20,9in|9out Parent & Baby Expo,E97,NN Adult Engaged
8166,Community Event,2025-09-20,9in|9out Parent & Baby Expo,E97,NN Adult Engaged
8167,Community Event,2025-09-20,9in|9out Parent & Baby Expo,E97,NN Adult Engaged
8168,Community Event,2025-09-20,9in|9out Parent & Baby Expo,E97,NN Adult Engaged
8169,Community Event,2025-09-20,9in|9out Parent & Baby Expo,E97,NN Adult Engaged
8170,Community Event,2025-09-20,9in|9out Parent & Baby Expo,E97,NN Adult Engaged
8171,Community Event,2025-09-20,9in|9out Parent & Baby Expo,E97,NN Adult Engaged
8172,Community Event,2025-09-20,9in|9out Parent & Baby Expo,E97,NN Adult Engaged
8173,Community Event,2025-09-20,9in|9out Parent & Baby Expo,E97,NN Adult Engaged
8174,Community Event,2025-09-20,9in|9out Parent & Baby Expo,E97,NN Adult Engaged
8175,Community Event,2025-09-20,9in|9out Parent & Baby Expo,E97,NN Adult Engaged
8176,Community Event,2025-09-20,9in|9out Parent & Baby Expo,E97,NN Adult Engaged
8177,Community Event,2025-09-20,9in|9out Parent & Baby Expo,E97,NN Adult Engaged
8178,Community Event,2025-09-20,9in|9out Parent & Baby Expo,E97,NN Adult Engaged
8179,Community Event,2025-09-20,9in|9out Parent & Baby Expo,E97,NN Adult Engaged
8180,Community Event,2025-09-20,9in|9out Parent & Baby Expo,E97,NN Adult Engaged
8181,Community Event,2025-09-20,9in|9out Parent & Baby Expo,E97,NN Adult Engaged
8182,Community Event,2025-09-20,9in|9out Parent & Baby Expo,E97,NN Adult Engaged
8183,Community Event,2025-09-20,9in|9out Parent & Baby Expo,E97,NN Adult Engaged
8184,Community Event,2025-09-20,9in|9out Parent & Baby Expo,E97,NN Adult Engaged
8185,Community Event,2025-09-20,9in|9out Parent & Baby Expo,E97,NN Adult Engaged
8186,Community Event,2025-09-20,9in|9out Parent & Baby Expo,E97,NN Adult Engaged
8187,Community Event,2025-09-20,9in|9out Parent & Baby Expo,E97,NN Adult Engaged
8188,Community Event,2025-09-20,9in|9out Parent & Baby Expo,E97,NN Adult Engaged
8189,Community Event,2025-09-20,9in|9out Parent & Baby Expo,E97,NN Adult Engaged
8190,Community Event,2025-09-20,9in|9out Parent & Baby Expo,E97,NN Adult Engaged
8191,Community Event,2025-09-20,9in|9out Parent & Baby Expo,E97,NN Adult Engaged
8192,Community Event,2025-09-20,9in|9out Parent & Baby Expo,E97,NN Adult Engaged
8193,Community Event,2025-09-20,9in|9out Parent & Baby Expo,E97,NN Adult Engaged
8194,Community Event,2025-09-20,9in|9out Parent & Baby Expo,E97,NN Adult Engaged
8195,Community Event,2025-09-20,9in|9out Parent & Baby Expo,E97,NN Adult Engaged
8196,Community Event,2025-09-20,9in|9out Parent & Baby Expo,E97,NN Adult Engaged
8197,Community Event,2025-09-20,9in|9out Parent & Baby Expo,E97,NN Adult Engaged
8198,Community Event,2025-09-20,9in|9out Parent & Baby Expo,E97,NN Adult Engaged
8199,Community Event,2025-09-20,9in|9out Parent & Baby Expo,E97,NN Adult Engaged
8200,Community Event,2025-09-20,9in|9out Parent & Baby Expo,E97,NN Adult Engaged
8201,Community Event,2025-09-20,9in|9out Parent & Baby Expo,E97,NN Adult Engaged
8202,Community Event,2025-09-20,9in|9out Parent & Baby Expo,E97,NN Adult Engaged
8203,Community Event,2025-09-20,9in|9out Parent & Baby Expo,E97,NN Adult Engaged
8204,Community Event,2025-09-20,9in|9out Parent & Baby Expo,E97,NN Adult Engaged
8205,Community Event,2025-09-20,9in|9out Parent & Baby Expo,E97,NN Adult Engaged
8206,Community Event,2025-09-20,9in|9out Parent & Baby Expo,E97,NN Adult Engaged
8207,Community Event,2025-09-20,9in|9out Parent & Baby Expo,E97,NN Adult Engaged
8208,Community Event,2025-09-20,9in|9out Parent & Baby Expo,E97,NN Adult Engaged
8209,Community Event,2025-09-20,9in|9out Parent & Baby Expo,E97,NN Kids Engaged
8210,Community Event,2025-09-20,9in|9out Parent & Baby Expo,E97,NN Kids Engaged
8211,Community Event,2025-09-20,9in|9out Parent & Baby Expo,E97,NN Kids Engaged
8212,Community Event,2025-09-20,9in|9out Parent & Baby Expo,E97,NN Kids Engaged
8213,Community Event,2025-09-20,9in|9out Parent & Baby Expo,E97,NN Kids Engaged
8214,Community Event,2025-09-20,9in|9out Parent & Baby Expo,E97,NN Kids Engaged
8215,Community Event,2025-09-20,9in|9out Parent & Baby Expo,E97,NN Kids Engaged
8216,Community Event,2025-09-20,9in|9out Parent & Baby Expo,E97,NN Kids Engaged
8217,Community Event,2025-09-20,Grand Rapids Plays,E98,Number Kids Engaged
8218,Community Event,2025-09-20,Grand Rapids Plays,E98,Number Kids Engaged
8219,Community Event,2025-09-20,Grand Rapids Plays,E98,Number Kids Engaged
8220,Community Event,2025-09-20,Grand Rapids Plays,E98,Number Kids Engaged
8221,Community Event,2025-09-20,Grand Rapids Plays,E98,Number Kids Engaged
8222,Community Event,2025-09-20,Grand Rapids Plays,E98,Number Kids Engaged
8223,Community Event,2025-09-20,Grand Rapids Plays,E98,Number Kids Engaged
8224,Community Event,2025-09-20,Grand Rapids Plays,E98,Number Kids Engaged
8225,Community Event,2025-09-20,Grand Rapids Plays,E98,Number Kids Engaged
8226,Community Event,2025-09-20,Grand Rapids Plays,E98,Number Kids Engaged
8227,Community Event,2025-09-20,Grand Rapids Plays,E98,Number Kids Engaged
8228,Community Event,2025-09-20,Grand Rapids Plays,E98,Number Kids Engaged
8229,Community Event,2025-09-20,Grand Rapids Plays,E98,Number Kids Engaged
8230,Community Event,2025-09-20,Grand Rapids Plays,E98,Number Kids Engaged
8231,Community Event,2025-09-20,Grand Rapids Plays,E98,Number Kids Engaged
8232,Community Event,2025-09-20,Grand Rapids Plays,E98,Number Kids Engaged
8233,Community Event,2025-09-20,Grand Rapids Plays,E98,Number Kids Engaged
8234,Community Event,2025-09-20,Grand Rapids Plays,E98,Number Kids Engaged
8235,Community Event,2025-09-20,Grand Rapids Plays,E98,Number Kids Engaged
8236,Community Event,2025-09-20,Grand Rapids Plays,E98,Number Kids Engaged
8237,Community Event,2025-09-20,Grand Rapids Plays,E98,Number Kids Engaged
8238,Community Event,2025-09-20,Grand Rapids Plays,E98,Number Kids Engaged
8239,Community Event,2025-09-20,Grand Rapids Plays,E98,Number Kids Engaged
8240,Community Event,2025-09-20,Grand Rapids Plays,E98,Number Kids Engaged
8241,Community Event,2025-09-20,Grand Rapids Plays,E98,Number Kids Engaged
8242,Community Event,2025-09-20,Grand Rapids Plays,E98,Number Kids Engaged
8243,Community Event,2025-09-20,Grand Rapids Plays,E98,Number Kids Engaged
8244,Community Event,2025-09-20,Grand Rapids Plays,E98,Number Kids Engaged
8245,Community Event,2025-09-20,Grand Rapids Plays,E98,Number Kids Engaged
8246,Community Event,2025-09-20,Grand Rapids Plays,E98,Number Kids Engaged
8247,Community Event,2025-09-20,Grand Rapids Plays,E98,Number Kids Engaged
8248,Community Event,2025-09-20,Grand Rapids Plays,E98,Number Kids Engaged
8249,Community Event,2025-09-20,Grand Rapids Plays,E98,Number Kids Engaged
8250,Community Event,2025-09-20,Grand Rapids Plays,E98,Number Kids Engaged
8251,Community Event,2025-09-20,Grand Rapids Plays,E98,Number Kids Engaged
8252,Community Event,2025-09-20,Grand Rapids Plays,E98,Number Kids Engaged
8253,Community Event,2025-09-20,Grand Rapids Plays,E98,Number Kids Engaged
8254,Community Event,2025-09-20,Grand Rapids Plays,E98,Number Kids Engaged
8255,Community Event,2025-09-20,Grand Rapids Plays,E98,Number Kids Engaged
8256,Community Event,2025-09-20,Grand Rapids Plays,E98,Number Kids Engaged
8257,Community Event,2025-09-20,Grand Rapids Plays,E98,Number Kids Engaged
8258,Community Event,2025-09-20,Grand Rapids Plays,E98,Number Kids Engaged
8259,Community Event,2025-09-20,Grand Rapids Plays,E98,Number Kids Engaged
8260,Community Event,2025-09-20,Grand Rapids Plays,E98,Number Kids Engaged
8261,Community Event,2025-09-20,Grand Rapids Plays,E98,Number Kids Engaged
8262,Community Event,2025-09-20,Grand Rapids Plays,E98,Number Kids Engaged
8263,Community Event,2025-09-20,Grand Rapids Plays,E98,Number Kids Engaged
8264,Community Event,2025-09-20,Grand Rapids Plays,E98,Number Kids Engaged
8265,Community Event,2025-09-20,Grand Rapids Plays,E98,Number Kids Engaged
8266,Community Event,2025-09-20,Grand Rapids Plays,E98,Number Kids Engaged
8267,Community Event,2025-09-20,Grand Rapids Plays,E98,Number Kids Engaged
8268,Community Event,2025-09-20,Grand Rapids Plays,E98,Number Kids Engaged
8269,Community Event,2025-09-20,Grand Rapids Plays,E98,Number Kids Engaged
8270,Community Event,2025-09-20,Grand Rapids Plays,E98,Number Kids Engaged
8271,Community Event,2025-09-20,Grand Rapids Plays,E98,Number Kids Engaged
8272,Community Event,2025-09-20,Grand Rapids Plays,E98,Number Kids Engaged
8273,Community Event,2025-09-20,Grand Rapids Plays,E98,Number Kids Engaged
8274,Community Event,2025-09-20,Grand Rapids Plays,E98,Number Kids Engaged
8275,Community Event,2025-09-20,Grand Rapids Plays,E98,Number Kids Engaged
8276,Community Event,2025-09-20,Grand Rapids Plays,E98,Number Kids Engaged
8277,Community Event,2025-09-20,Grand Rapids Plays,E98,Number Kids Engaged
8278,Community Event,2025-09-20,Grand Rapids Plays,E98,Number Kids Engaged
8279,Community Event,2025-09-20,Grand Rapids Plays,E98,Number Kids Engaged
8280,Community Event,2025-09-20,Grand Rapids Plays,E98,Number Kids Engaged
8281,Community Event,2025-09-20,Grand Rapids Plays,E98,Number Kids Engaged
8282,Community Event,2025-09-20,Grand Rapids Plays,E98,Number Kids Engaged
8283,Community Event,2025-09-20,Grand Rapids Plays,E98,Number Kids Engaged
8284,Community Event,2025-09-20,Grand Rapids Plays,E98,Number Kids Engaged
8285,Community Event,2025-09-20,Grand Rapids Plays,E98,Number Kids Engaged
8286,Community Event,2025-09-20,Grand Rapids Plays,E98,Number Kids Engaged
8287,Community Event,2025-09-20,Grand Rapids Plays,E98,Number Kids Engaged
8288,Community Event,2025-09-20,Grand Rapids Plays,E98,Number Kids Engaged
8289,Community Event,2025-09-20,Grand Rapids Plays,E98,Number Kids Engaged
8290,Community Event,2025-09-20,Grand Rapids Plays,E98,Number Kids Engaged
8291,Community Event,2025-09-20,Grand Rapids Plays,E98,Number Kids Engaged
8292,Community Event,2025-09-20,Grand Rapids Plays,E98,Number Kids Engaged
8293,Community Event,2025-09-20,Grand Rapids Plays,E98,Number Adults Engaged
8294,Community Event,2025-09-20,Grand Rapids Plays,E98,Number Adults Engaged
8295,Community Event,2025-09-20,Grand Rapids Plays,E98,Number Adults Engaged
8296,Community Event,2025-09-20,Grand Rapids Plays,E98,Number Adults Engaged
8297,Community Event,2025-09-20,Grand Rapids Plays,E98,Number Adults Engaged
8298,Community Event,2025-09-20,Grand Rapids Plays,E98,Number Adults Engaged
8299,Community Event,2025-09-20,Grand Rapids Plays,E98,Number Adults Engaged
8300,Community Event,2025-09-20,Grand Rapids Plays,E98,Number Adults Engaged
8301,Community Event,2025-09-20,Grand Rapids Plays,E98,Number Adults Engaged
8302,Community Event,2025-09-20,Grand Rapids Plays,E98,Number Adults Engaged
8303,Community Event,2025-09-20,Grand Rapids Plays,E98,Number Adults Engaged
8304,Community Event,2025-09-20,Grand Rapids Plays,E98,Number Adults Engaged
8305,Community Event,2025-09-20,Grand Rapids Plays,E98,Number Adults Engaged
8306,Community Event,2025-09-20,Grand Rapids Plays,E98,Number Adults Engaged
8307,Community Event,2025-09-20,Grand Rapids Plays,E98,Number Adults Engaged
8308,Community Event,2025-09-20,Grand Rapids Plays,E98,Number Adults Engaged
8309,Community Event,2025-09-20,Grand Rapids Plays,E98,Number Adults Engaged
8310,Community Event,2025-09-20,Grand Rapids Plays,E98,Number Adults Engaged
8311,Community Event,2025-09-20,Grand Rapids Plays,E98,Number Adults Engaged
8312,Community Event,2025-09-20,Grand Rapids Plays,E98,Number Adults Engaged
8313,Community Event,2025-09-20,Grand Rapids Plays,E98,Number Adults Engaged
8314,Community Event,2025-09-20,Grand Rapids Plays,E98,Number Adults Engaged
8315,Community Event,2025-09-20,Grand Rapids Plays,E98,Number Adults Engaged
8316,Community Event,2025-09-20,Grand Rapids Plays,E98,Number Adults Engaged
8317,Community Event,2025-09-20,Grand Rapids Plays,E98,Number Adults Engaged
8318,Community Event,2025-09-20,Grand Rapids Plays,E98,Number Adults Engaged
8319,Community Event,2025-09-20,Grand Rapids Plays,E98,Number Adults Engaged
8320,Community Event,2025-09-20,Grand Rapids Plays,E98,Number Adults Engaged
8321,Community Event,2025-09-20,Grand Rapids Plays,E98,Number Adults Engaged
8322,Community Event,2025-09-20,Grand Rapids Plays,E98,Number Adults Engaged
8323,Community Event,2025-09-20,Grand Rapids Plays,E98,Number Adults Engaged
8324,Community Event,2025-09-20,Grand Rapids Plays,E98,Number Adults Engaged
8325,Community Event,2025-09-20,Grand Rapids Plays,E98,Number Adults Engaged
8326,Community Event,2025-09-20,Grand Rapids Plays,E98,Number Adults Engaged
8327,Community Event,2025-09-20,Grand Rapids Plays,E98,Number Adults Engaged
8328,Community Event,2025-09-20,Grand Rapids Plays,E98,Number Adults Engaged
8329,Community Event,2025-09-20,Grand Rapids Plays,E98,Number Adults Engaged
8330,Partner Tabling,2025-09-26,Kent District Library Caledonia Branch,E99,Number Kids Engaged
8331,Partner Tabling,2025-09-26,Kent District Library Caledonia Branch,E99,Number Kids Engaged
8332,Partner Tabling,2025-09-26,Kent District Library Caledonia Branch,E99,Number Kids Engaged
8333,Partner Tabling,2025-09-26,Kent District Library Caledonia Branch,E99,Number Kids Engaged
8334,Partner Tabling,2025-09-26,Kent District Library Caledonia Branch,E99,Number Kids Engaged
8335,Partner Tabling,2025-09-26,Kent District Library Caledonia Branch,E99,Number Kids Engaged
8336,Partner Tabling,2025-09-26,Kent District Library Caledonia Branch,E99,Number Kids Engaged
8337,Partner Tabling,2025-09-26,Kent District Library Caledonia Branch,E99,Number Kids Engaged
8338,Partner Tabling,2025-09-26,Kent District Library Caledonia Branch,E99,Number Kids Engaged
8339,Partner Tabling,2025-09-26,Kent District Library Caledonia Branch,E99,Number Kids Engaged
8340,Partner Tabling,2025-09-26,Kent District Library Caledonia Branch,E99,Number Kids Engaged
8341,Partner Tabling,2025-09-26,Kent District Library Caledonia Branch,E99,Number Kids Engaged
8342,Partner Tabling,2025-09-26,Kent District Library Caledonia Branch,E99,Number Kids Engaged
8343,Partner Tabling,2025-09-26,Kent District Library Caledonia Branch,E99,Number Kids Engaged
8344,Partner Tabling,2025-09-26,Kent District Library Caledonia Branch,E99,Number Kids Engaged
8345,Partner Tabling,2025-09-26,Kent District Library Caledonia Branch,E99,Number Kids Engaged
8346,Partner Tabling,2025-09-26,Kent District Library Caledonia Branch,E99,Number Kids Engaged
8347,Partner Tabling,2025-09-26,Kent District Library Caledonia Branch,E99,Number Kids Engaged
8348,Partner Tabling,2025-09-26,Kent District Library Caledonia Branch,E99,Number Kids Engaged
8349,Partner Tabling,2025-09-26,Kent District Library Caledonia Branch,E99,Number Kids Engaged
8350,Partner Tabling,2025-09-26,Kent District Library Caledonia Branch,E99,Number Kids Engaged
8351,Partner Tabling,2025-09-26,Kent District Library Caledonia Branch,E99,Number Kids Engaged
8352,Partner Tabling,2025-09-26,Kent District Library Caledonia Branch,E99,Number Kids Engaged
8353,Partner Tabling,2025-09-26,Kent District Library Caledonia Branch,E99,Number Kids Engaged
8354,Partner Tabling,2025-09-26,Kent District Library Caledonia Branch,E99,Number Kids Engaged
8355,Partner Tabling,2025-09-26,Kent District Library Caledonia Branch,E99,Number Kids Engaged
8356,Partner Tabling,2025-09-26,Kent District Library Caledonia Branch,E99,Number Kids Engaged
8357,Partner Tabling,2025-09-26,Kent District Library Caledonia Branch,E99,Number Kids Engaged
8358,Partner Tabling,2025-09-26,Kent District Library Caledonia Branch,E99,Number Kids Engaged
8359,Partner Tabling,2025-09-26,Kent District Library Caledonia Branch,E99,Number Kids Engaged
8360,Partner Tabling,2025-09-26,Kent District Library Caledonia Branch,E99,Number Kids Engaged
8361,Partner Tabling,2025-09-26,Kent District Library Caledonia Branch,E99,Number Kids Engaged
8362,Partner Tabling,2025-09-26,Kent District Library Caledonia Branch,E99,Number Kids Engaged
8363,Partner Tabling,2025-09-26,Kent District Library Caledonia Branch,E99,Number Kids Engaged
8364,Partner Tabling,2025-09-26,Kent District Library Caledonia Branch,E99,Number Kids Engaged
8365,Partner Tabling,2025-09-26,Kent District Library Caledonia Branch,E99,Number Kids Engaged
8366,Partner Tabling,2025-09-26,Kent District Library Caledonia Branch,E99,Number Kids Engaged
8367,Partner Tabling,2025-09-26,Kent District Library Caledonia Branch,E99,Number Kids Engaged
8368,Partner Tabling,2025-09-26,Kent District Library Caledonia Branch,E99,Number Kids Engaged
8369,Partner Tabling,2025-09-26,Kent District Library Caledonia Branch,E99,Number Adults Engaged
8370,Partner Tabling,2025-09-26,Kent District Library Caledonia Branch,E99,Number Adults Engaged
8371,Partner Tabling,2025-09-26,Kent District Library Caledonia Branch,E99,Number Adults Engaged
8372,Partner Tabling,2025-09-26,Kent District Library Caledonia Branch,E99,Number Adults Engaged
8373,Partner Tabling,2025-09-26,Kent District Library Caledonia Branch,E99,Number Adults Engaged
8374,Partner Tabling,2025-09-26,Kent District Library Caledonia Branch,E99,Number Adults Engaged
8375,Partner Tabling,2025-09-26,Kent District Library Caledonia Branch,E99,Number Adults Engaged
8376,Partner Tabling,2025-09-26,Kent District Library Caledonia Branch,E99,Number Adults Engaged
8377,Partner Tabling,2025-09-26,Kent District Library Caledonia Branch,E99,Number Adults Engaged
8378,Partner Tabling,2025-09-26,Kent District Library Caledonia Branch,E99,Number Adults Engaged
8379,Partner Tabling,2025-09-26,Kent District Library Caledonia Branch,E99,Number Adults Engaged
8380,Partner Tabling,2025-09-26,Kent District Library Caledonia Branch,E99,Number Adults Engaged
8381,Partner Tabling,2025-09-26,Kent District Library Caledonia Branch,E99,Number Adults Engaged
8382,Partner Tabling,2025-09-26,Kent District Library Caledonia Branch,E99,Number Adults Engaged
8383,Partner Tabling,2025-09-26,Kent District Library Caledonia Branch,E99,Number Adults Engaged
8384,Partner Tabling,2025-09-26,Kent District Library Caledonia Branch,E99,Number Adults Engaged
8385,Partner Tabling,2025-09-26,Kent District Library Caledonia Branch,E99,Number Adults Engaged
8386,Partner Tabling,2025-09-26,Kent District Library Caledonia Branch,E99,Number Adults Engaged
8387,Partner Tabling,2025-09-26,Kent District Library Caledonia Branch,E99,Number Adults Engaged
8388,Partner Tabling,2025-09-26,Kent District Library Caledonia Branch,E99,Number Adults Engaged
8389,Partner Tabling,2025-09-26,Kent District Library Caledonia Branch,E99,Number Adults Engaged
8390,Partner Tabling,2025-09-26,Kent District Library Caledonia Branch,E99,Number Adults Engaged
8391,Partner Tabling,2025-09-26,Kent District Library Caledonia Branch,E99,Number Adults Engaged
8392,Partner Tabling,2025-09-26,Kent District Library Caledonia Branch,E99,Number Adults Engaged
8393,Partner Tabling,2025-09-26,Kent District Library Caledonia Branch,E99,Number Adults Engaged
